# Testes analiticos, nao cotacao nem previsao comercial.
# Base hipotetica: spread=25 bps, tarifa fixa=R$40 e carry=4 bps.
# IOF incerto: BENS_SERVICOS OUT=38 bps e ATIVOS_VIRTUAIS OUT=350 bps na base.
# Cada Ordem e uma posicao liquida; nao ha deducao adicional de autonetting.
# Cada semente representa uma carteira-ano sintetica de 365 dias.
nome_mix,n_clientes,janela_dias,horizonte_dias,seed_base,economia_base_bps,economia_piso_bps,economia_combinada_severa_bps,carry_break_even_base_bps,carry_break_even_piso_bps,spread_minimo_no_piso_bps
equilibrado,8,1,365,1,119.991020,34.672207,17.504959,150.780161,46.413108,0.000000
equilibrado,8,7,365,1,121.180697,35.071065,17.816394,151.484391,46.683652,0.000000
equilibrado,8,1,365,2,125.224803,45.476158,29.110060,164.680992,62.352291,0.000000
equilibrado,8,7,365,2,125.723175,45.329925,28.962777,165.310124,62.160922,0.000000
equilibrado,8,1,365,3,135.589284,61.881413,43.977821,163.039313,76.583741,0.000000
equilibrado,8,7,365,3,139.357213,60.839101,42.638758,164.793754,74.197640,0.000000
equilibrado,8,1,365,4,134.516121,41.477530,23.858278,164.326814,53.436159,0.000000
equilibrado,8,7,365,4,135.356480,41.528243,23.859515,164.876668,53.358001,0.000000
equilibrado,8,1,365,5,124.767174,31.720781,15.263669,163.208411,44.477114,0.000000
equilibrado,8,7,365,5,127.152607,32.105843,15.528485,165.075411,44.671300,0.000000
equilibrado,8,1,365,6,133.485152,31.785165,13.578291,157.963179,40.661343,0.000000
equilibrado,8,7,365,6,134.614697,31.667287,13.356946,158.388640,40.318987,0.000000
equilibrado,8,1,365,7,126.558057,37.356996,20.133321,158.306163,49.547591,0.000000
equilibrado,8,7,365,7,128.223131,37.705932,20.444142,159.991108,49.871521,0.000000
equilibrado,8,1,365,8,119.852847,40.078831,22.437991,146.675167,51.710622,0.000000
equilibrado,8,7,365,8,121.349854,39.809678,22.106237,147.946419,51.222640,0.000000
equilibrado,8,1,365,9,136.071511,62.782596,45.818439,172.443485,81.718835,0.000000
equilibrado,8,7,365,9,136.930566,59.641475,42.566690,172.408673,77.352079,0.000000
equilibrado,8,1,365,10,132.294172,49.075499,31.647221,163.406317,63.132950,0.000000
equilibrado,8,7,365,10,132.795225,48.654003,31.218144,163.940484,62.599582,0.000000
equilibrado,8,1,365,11,108.521758,36.984507,22.392825,160.181920,57.227218,0.000000
equilibrado,8,7,365,11,110.671749,36.538786,21.817261,161.871330,56.121944,0.000000
equilibrado,8,1,365,12,126.615284,39.539177,21.549359,151.801438,50.155148,0.000000
equilibrado,8,7,365,12,127.254300,39.605157,21.534447,151.882419,50.025214,0.000000
equilibrado,8,1,365,13,142.867894,43.894963,25.837273,170.146709,55.047183,0.000000
equilibrado,8,7,365,13,145.951664,43.999574,25.634885,170.895554,54.313461,0.000000
equilibrado,8,1,365,14,126.226668,44.695636,28.589791,168.583729,62.277499,0.000000
equilibrado,8,7,365,14,127.379112,44.282359,28.122292,169.529100,61.544906,0.000000
equilibrado,8,1,365,15,123.457600,45.365345,27.917978,152.596037,58.602637,0.000000
equilibrado,8,7,365,15,125.699155,45.145529,27.607988,154.516099,58.058668,0.000000
equilibrado,8,1,365,16,132.530356,42.422017,24.748522,161.475218,54.406688,0.000000
equilibrado,8,7,365,16,134.714636,43.606731,25.710804,162.081074,55.170378,0.000000
equilibrado,8,1,365,17,116.752257,40.715310,24.514482,155.337783,56.776409,0.000000
equilibrado,8,7,365,17,118.154363,40.683344,24.398516,156.365234,56.462957,0.000000
equilibrado,8,1,365,18,126.300343,32.949029,16.179479,162.162098,45.261072,0.000000
equilibrado,8,7,365,18,128.870405,32.570113,15.588442,163.364676,44.277095,0.000000
equilibrado,8,1,365,19,138.835836,51.961960,34.395712,169.974689,66.119194,0.000000
equilibrado,8,7,365,19,139.493322,52.058266,34.435780,170.228520,66.035718,0.000000
equilibrado,8,1,365,20,121.361587,32.912335,16.543990,159.702567,46.225346,0.000000
equilibrado,8,7,365,20,124.455962,33.240619,16.586317,160.930936,45.914276,0.000000
equilibrado,8,1,365,21,119.260280,43.047239,27.161432,161.654306,60.905641,0.000000
equilibrado,8,7,365,21,120.773660,43.204205,27.286688,163.336840,60.999362,0.000000
equilibrado,8,1,365,22,111.378658,34.023902,19.359770,163.501552,52.724461,0.000000
equilibrado,8,7,365,22,112.421417,33.280889,18.579356,164.585278,51.539170,0.000000
equilibrado,8,1,365,23,127.969957,30.916441,13.249603,156.113757,40.749376,0.000000
equilibrado,8,7,365,23,130.538875,31.072584,13.224579,157.592313,40.560068,0.000000
equilibrado,8,1,365,24,121.860444,45.666624,29.387781,161.202163,62.910765,0.000000
equilibrado,8,7,365,24,121.431759,45.104438,28.754048,159.963677,61.930923,0.000000
equilibrado,8,1,365,25,116.065004,36.154496,19.498157,150.332581,49.582911,0.000000
equilibrado,8,7,365,25,117.360479,35.533434,18.795174,151.241712,48.580626,0.000000
equilibrado,8,1,365,26,128.112540,42.472249,24.979060,157.794905,54.986543,0.000000
equilibrado,8,7,365,26,130.297854,42.419988,24.877344,159.977339,54.780245,0.000000
equilibrado,8,1,365,27,128.096233,41.206000,24.129787,161.530296,54.674350,0.000000
equilibrado,8,7,365,27,129.698108,41.545416,24.390663,162.770008,54.857843,0.000000
equilibrado,8,1,365,28,138.107008,45.089209,27.625546,170.073244,58.219633,0.000000
equilibrado,8,7,365,28,138.426805,44.266145,26.742926,169.892060,57.048988,0.000000
equilibrado,8,1,365,29,132.746832,43.436652,26.065578,164.478475,56.510840,0.000000
equilibrado,8,7,365,29,134.083947,42.729282,25.307682,165.624816,55.505885,0.000000
equilibrado,8,1,365,30,117.380673,38.480961,20.936112,144.496743,50.059112,0.000000
equilibrado,8,7,365,30,118.347103,36.682690,19.037776,144.850171,47.657708,0.000000
equilibrado,8,1,365,31,123.797336,53.052708,37.680120,173.115575,76.473604,0.000000
equilibrado,8,7,365,31,126.341701,49.374079,33.897793,175.434912,70.996413,0.000000
equilibrado,8,1,365,32,126.769914,52.382549,36.329855,169.839341,72.526413,0.000000
equilibrado,8,7,365,32,128.961130,51.064161,34.842081,170.944296,70.104185,0.000000
equilibrado,8,1,365,33,119.841440,46.025079,30.546546,166.591005,66.443040,0.000000
equilibrado,8,7,365,33,122.357798,46.172149,30.527233,168.239537,65.976372,0.000000
equilibrado,8,1,365,34,119.318158,45.780540,30.028440,163.069668,65.032582,0.000000
equilibrado,8,7,365,34,120.703356,45.431980,29.648485,164.596273,64.447421,0.000000
equilibrado,8,1,365,35,126.038426,44.693153,28.277663,165.238376,61.175035,0.000000
equilibrado,8,7,365,35,128.459853,44.615719,28.094284,167.282240,60.709971,0.000000
equilibrado,8,1,365,36,134.463269,41.961399,24.264300,163.558843,53.792872,0.000000
equilibrado,8,7,365,36,136.966143,42.409132,24.462553,164.269487,53.624598,0.000000
equilibrado,8,1,365,37,121.903518,45.712806,29.462460,161.533500,63.073754,0.000000
equilibrado,8,7,365,37,124.294305,44.409887,28.128398,164.315829,61.280242,0.000000
equilibrado,8,1,365,38,129.824026,50.687349,34.153881,168.896109,68.380584,0.000000
equilibrado,8,7,365,38,131.123890,50.606542,33.966877,169.484202,67.867715,0.000000
equilibrado,8,1,365,39,128.011436,51.452630,35.644691,174.056334,72.352062,0.000000
equilibrado,8,7,365,39,129.972694,51.333595,35.286571,174.089269,71.177908,0.000000
equilibrado,8,1,365,40,116.665071,43.419010,27.211042,155.158152,60.256232,0.000000
equilibrado,8,7,365,40,117.392993,43.579078,27.308446,155.515494,60.246164,0.000000
equilibrado,8,1,365,41,105.566292,27.701100,12.842298,153.197232,43.150067,0.000000
equilibrado,8,7,365,41,106.405930,26.896690,11.982091,153.821295,41.870981,0.000000
equilibrado,8,1,365,42,132.815046,58.255890,41.754573,173.023840,78.137942,0.000000
equilibrado,8,7,365,42,133.636752,57.348218,40.818068,173.772917,76.855514,0.000000
equilibrado,8,1,365,43,106.064653,38.743295,24.136640,156.489240,59.701267,0.000000
equilibrado,8,7,365,43,107.293828,37.405957,22.788949,158.147168,57.740485,0.000000
equilibrado,8,1,365,44,119.202291,38.555896,22.259896,157.611200,53.685434,0.000000
equilibrado,8,7,365,44,122.386727,37.218146,20.830838,160.836087,51.694293,0.000000
equilibrado,8,1,365,45,114.664591,41.104663,24.818491,151.852817,57.001892,0.000000
equilibrado,8,7,365,45,117.639102,41.241559,24.697759,153.326101,56.350290,0.000000
equilibrado,8,1,365,46,135.647451,35.819180,18.237350,166.019339,46.782963,0.000000
equilibrado,8,7,365,46,136.254247,35.732058,18.109173,166.364970,46.579477,0.000000
equilibrado,8,1,365,47,129.598177,34.513054,16.178521,152.439108,43.530548,0.000000
equilibrado,8,7,365,47,130.730425,34.452942,16.013157,152.881287,43.236454,0.000000
equilibrado,8,1,365,48,124.196010,49.319825,32.537843,159.411692,65.715972,0.000000
equilibrado,8,7,365,48,125.718201,49.148813,32.169641,159.489456,64.787715,0.000000
equilibrado,8,1,365,49,123.028016,38.278071,21.041901,153.893412,50.636781,0.000000
equilibrado,8,7,365,49,123.839740,37.555546,20.178277,153.657264,49.384949,0.000000
equilibrado,8,1,365,50,118.465443,37.436153,22.025912,165.436431,55.015375,0.000000
equilibrado,8,7,365,50,118.890847,37.382756,21.963443,165.920819,54.912636,0.000000
equilibrado,8,1,365,51,132.446979,56.062471,39.182839,168.777678,73.747486,0.000000
equilibrado,8,7,365,51,137.077177,57.114140,39.848927,170.729522,73.468991,0.000000
equilibrado,8,1,365,52,132.069517,32.370527,14.554631,159.673330,42.155873,0.000000
equilibrado,8,7,365,52,135.408670,32.591957,14.437961,160.636702,41.701402,0.000000
equilibrado,8,1,365,53,137.939696,61.935991,44.313505,168.377127,77.806602,0.000000
equilibrado,8,7,365,53,139.811682,61.700691,43.907643,169.010813,76.821391,0.000000
equilibrado,8,1,365,54,109.191298,34.442790,17.943405,142.975923,47.837912,0.000000
equilibrado,8,7,365,54,111.127312,34.181990,17.535500,144.190127,47.121511,0.000000
equilibrado,8,1,365,55,134.636579,34.151646,16.398267,163.258030,44.397074,0.000000
equilibrado,8,7,365,55,135.922584,34.237154,16.424093,164.240526,44.362532,0.000000
equilibrado,8,1,365,56,116.517304,38.460166,23.160364,163.927781,56.789147,0.000000
equilibrado,8,7,365,56,118.447420,38.657291,23.245265,165.393176,56.673355,0.000000
equilibrado,8,1,365,57,126.211607,55.672431,39.313242,166.015595,75.465710,0.000000
equilibrado,8,7,365,57,127.073454,55.325432,38.885813,166.323867,74.672810,0.000000
equilibrado,8,1,365,58,114.133956,37.686370,22.285222,159.625612,55.386674,0.000000
equilibrado,8,7,365,58,114.403622,35.385622,19.960009,159.745905,52.173001,0.000000
equilibrado,8,1,365,59,129.357689,42.809957,25.231361,158.535178,55.142259,0.000000
equilibrado,8,7,365,59,131.455837,42.004124,24.336446,160.249881,53.926572,0.000000
equilibrado,8,1,365,60,125.375655,43.318337,27.075152,166.091902,60.004108,0.000000
equilibrado,8,7,365,60,127.056811,41.623766,25.328984,167.745243,57.642883,0.000000
equilibrado,8,1,365,61,117.750740,42.069866,26.645828,164.318948,61.278592,0.000000
equilibrado,8,7,365,61,118.812472,42.345584,26.836769,164.880242,61.338827,0.000000
equilibrado,8,1,365,62,119.403371,33.187727,17.355722,162.379864,48.021099,0.000000
equilibrado,8,7,365,62,122.493901,32.248258,16.085755,163.156779,45.900281,0.000000
equilibrado,8,1,365,63,133.188989,28.963829,12.386072,172.718167,40.690151,0.000000
equilibrado,8,7,365,63,134.088810,28.567439,11.948060,173.432625,40.097391,0.000000
equilibrado,8,1,365,64,124.438103,47.984735,30.587831,154.210645,61.922917,0.000000
equilibrado,8,7,365,64,125.098795,47.635089,30.186966,154.564889,61.332061,0.000000
equilibrado,8,1,365,65,122.653557,47.089248,30.868428,162.791275,64.963268,0.000000
equilibrado,8,7,365,65,124.031973,46.469333,30.236711,164.459070,64.116967,0.000000
equilibrado,8,1,365,66,122.527711,45.345194,28.435973,156.170341,60.315372,0.000000
equilibrado,8,7,365,66,125.904417,45.277691,28.290518,159.646426,59.973499,0.000000
equilibrado,8,1,365,67,139.933459,53.410494,35.924088,172.050693,68.142418,0.000000
equilibrado,8,7,365,67,141.964337,53.359362,35.719761,173.008986,67.524486,0.000000
equilibrado,8,1,365,68,134.651304,52.480520,35.346641,169.034280,68.322324,0.000000
equilibrado,8,7,365,68,136.135283,51.754948,34.472872,169.422311,66.889083,0.000000
equilibrado,8,1,365,69,132.938160,45.144658,28.130101,168.077229,59.719218,0.000000
equilibrado,8,7,365,69,137.475431,44.511366,27.086973,169.686349,57.645409,0.000000
equilibrado,8,1,365,70,131.517180,46.310409,29.653545,169.809169,62.385455,0.000000
equilibrado,8,7,365,70,131.959751,46.347635,29.643899,169.900297,62.268422,0.000000
equilibrado,8,1,365,71,133.099900,46.922265,29.963799,168.820208,62.104758,0.000000
equilibrado,8,7,365,71,134.338434,47.044212,29.973375,169.258863,61.872291,0.000000
equilibrado,8,1,365,72,130.932343,45.104043,27.243354,157.945864,57.031823,0.000000
equilibrado,8,7,365,72,132.474335,44.521435,26.510722,158.461461,55.910778,0.000000
equilibrado,8,1,365,73,118.200439,45.870487,28.461403,146.581265,59.332046,0.000000
equilibrado,8,7,365,73,121.229225,45.976588,28.379575,148.673060,58.867741,0.000000
equilibrado,8,1,365,74,122.700587,45.738706,27.923272,148.633711,57.914646,0.000000
equilibrado,8,7,365,74,124.688517,45.557624,27.588638,149.721014,57.242298,0.000000
equilibrado,8,1,365,75,124.715277,50.800680,33.837615,158.395495,66.890420,0.000000
equilibrado,8,7,365,75,127.981441,51.209542,34.028014,160.424403,66.590497,0.000000
equilibrado,8,1,365,76,117.476047,51.318745,35.752243,162.481140,73.231587,0.000000
equilibrado,8,7,365,76,120.007387,51.197251,35.430472,163.839567,72.190356,0.000000
equilibrado,8,1,365,77,113.287826,31.678247,15.223781,148.583504,44.429339,0.000000
equilibrado,8,7,365,77,114.995267,31.516273,14.896831,149.305757,43.823342,0.000000
equilibrado,8,1,365,78,115.260223,40.738625,24.687800,154.800017,57.300135,0.000000
equilibrado,8,7,365,78,115.909751,38.997919,22.837222,154.618799,54.675804,0.000000
equilibrado,8,1,365,79,140.501972,37.051467,19.992180,176.958073,49.610395,0.000000
equilibrado,8,7,365,79,141.672885,37.164423,19.995705,177.287871,49.457843,0.000000
equilibrado,8,1,365,80,142.498197,45.931350,27.706227,168.194345,56.924656,0.000000
equilibrado,8,7,365,80,143.480328,46.121477,27.853136,168.934894,57.018006,0.000000
equilibrado,8,1,365,81,118.452373,40.909898,23.957417,150.733675,54.677412,0.000000
equilibrado,8,7,365,81,119.679655,40.471297,23.429104,151.473553,53.870180,0.000000
equilibrado,8,1,365,82,129.422260,36.059622,20.118039,174.489183,51.501685,0.000000
equilibrado,8,7,365,82,130.693756,36.739078,20.684935,174.957047,52.057416,0.000000
equilibrado,8,1,365,83,134.540897,48.872645,31.441763,166.089264,62.879726,0.000000
equilibrado,8,7,365,83,136.105200,48.844958,31.275749,166.682862,62.383056,0.000000
equilibrado,8,1,365,84,116.725901,40.992484,25.657024,163.841565,60.134094,0.000000
equilibrado,8,7,365,84,119.704755,40.959784,25.437907,165.952054,59.415686,0.000000
equilibrado,8,1,365,85,122.518165,41.910691,26.113777,166.872411,59.714965,0.000000
equilibrado,8,7,365,85,124.295621,41.745626,25.846379,168.171803,59.138344,0.000000
equilibrado,8,1,365,86,138.318151,43.091892,25.244517,166.751170,54.703800,0.000000
equilibrado,8,7,365,86,138.897117,42.423610,24.520921,166.927449,53.763240,0.000000
equilibrado,8,1,365,87,135.284276,65.108315,47.669705,166.912629,82.405022,0.000000
equilibrado,8,7,365,87,137.790858,64.981890,47.366859,168.269255,81.469048,0.000000
equilibrado,8,1,365,88,131.847405,46.566781,29.396005,165.250459,60.951555,0.000000
equilibrado,8,7,365,88,133.273518,44.627569,27.352129,166.007097,58.249209,0.000000
equilibrado,8,1,365,89,129.312815,47.670916,29.887591,156.703115,60.293704,0.000000
equilibrado,8,7,365,89,130.483469,47.352524,29.455442,157.106124,59.562298,0.000000
equilibrado,8,1,365,90,114.415804,28.440640,12.889762,158.507796,42.406412,0.000000
equilibrado,8,7,365,90,117.900891,28.241457,12.418986,160.481166,41.482805,0.000000
equilibrado,8,1,365,91,132.811105,63.696195,47.461977,175.799664,86.395105,0.000000
equilibrado,8,7,365,91,132.828805,63.202291,46.955305,175.687531,85.691958,0.000000
equilibrado,8,1,365,92,137.690722,48.467123,31.935314,178.905551,65.566740,0.000000
equilibrado,8,7,365,92,140.195386,47.069368,30.446713,181.113891,63.464431,0.000000
equilibrado,8,1,365,93,129.236158,27.795747,9.627513,153.379368,36.128092,0.000000
equilibrado,8,7,365,93,132.907876,28.109835,9.638403,155.101734,35.957811,0.000000
equilibrado,8,1,365,94,117.088003,41.480877,26.307663,166.051894,61.410277,0.000000
equilibrado,8,7,365,94,117.332437,41.337472,26.151049,166.248949,61.162040,0.000000
equilibrado,8,1,365,95,140.114638,35.848516,17.643091,165.622560,45.351347,0.000000
equilibrado,8,7,365,95,142.950001,35.934331,17.495092,166.802273,44.924734,0.000000
equilibrado,8,1,365,96,143.772639,62.316158,44.871983,177.079290,79.018699,0.000000
equilibrado,8,7,365,96,147.307875,62.447452,44.818624,179.477654,78.389318,0.000000
equilibrado,8,1,365,97,113.081864,40.912963,24.935008,152.624724,57.772352,0.000000
equilibrado,8,7,365,97,114.871563,39.968087,23.942189,154.525282,56.373341,0.000000
equilibrado,8,1,365,98,116.783575,37.531730,21.731267,159.214127,53.882484,0.000000
equilibrado,8,7,365,98,117.037879,35.718827,19.894739,159.319881,51.402123,0.000000
equilibrado,8,1,365,99,123.973734,41.129196,24.324786,158.926499,55.398003,0.000000
equilibrado,8,7,365,99,125.342306,40.269140,23.421701,160.236709,54.194688,0.000000
equilibrado,8,1,365,100,127.018944,52.058407,35.380564,163.936619,69.549636,0.000000
equilibrado,8,7,365,100,128.586084,50.597047,33.820777,164.959961,67.335771,0.000000
equilibrado,8,1,365,101,130.064091,42.154465,24.763210,161.052836,54.901661,0.000000
equilibrado,8,7,365,101,135.816627,42.707881,24.790723,163.185356,54.056237,0.000000
equilibrado,8,1,365,102,128.944882,56.307209,39.643142,166.495897,74.958152,0.000000
equilibrado,8,7,365,102,129.364122,54.820354,38.114350,166.614983,72.910999,0.000000
equilibrado,8,1,365,103,113.223082,41.889327,26.445108,157.953057,60.958261,0.000000
equilibrado,8,7,365,103,115.799907,40.981570,25.208890,158.177860,58.563522,0.000000
equilibrado,8,1,365,104,113.239059,38.683235,22.993589,155.566214,55.776053,0.000000
equilibrado,8,7,365,104,115.339841,38.577319,22.761568,157.147117,55.222588,0.000000
equilibrado,8,1,365,105,124.424735,39.576300,22.894152,160.629676,53.819861,0.000000
equilibrado,8,7,365,105,126.100580,39.485123,22.766834,162.396124,53.597634,0.000000
equilibrado,8,1,365,106,137.874257,47.738140,31.008700,177.069714,63.924357,0.000000
equilibrado,8,7,365,106,139.227463,48.457760,31.604231,177.481573,64.379815,0.000000
equilibrado,8,1,365,107,115.521929,34.959794,19.561271,161.545013,51.677019,0.000000
equilibrado,8,7,365,107,116.669632,34.711925,19.260125,162.561609,51.175762,0.000000
equilibrado,8,1,365,108,122.615999,41.843519,26.567132,172.556608,61.521055,0.000000
equilibrado,8,7,365,108,123.711446,41.798241,26.422860,172.967544,61.088866,0.000000
equilibrado,8,1,365,109,132.864884,51.723008,34.584404,166.799874,67.376409,0.000000
equilibrado,8,7,365,109,135.716069,51.521187,34.183965,168.388358,66.405899,0.000000
equilibrado,8,1,365,110,134.891607,52.298874,34.716267,165.109427,66.463795,0.000000
equilibrado,8,7,365,110,135.652659,52.168666,34.531585,165.517988,66.115834,0.000000
equilibrado,8,1,365,111,117.171493,46.256865,29.392752,149.907547,61.601261,0.000000
equilibrado,8,7,365,111,119.425862,44.840793,27.881151,151.877125,59.523381,0.000000
equilibrado,8,1,365,112,121.751383,37.402562,22.147469,171.601669,55.487971,0.000000
equilibrado,8,7,365,112,122.291282,37.423648,22.125778,171.874150,55.372943,0.000000
equilibrado,8,1,365,113,122.570286,47.793510,31.944369,166.404764,67.326063,0.000000
equilibrado,8,7,365,113,123.451928,47.635587,31.748163,167.178781,66.964728,0.000000
equilibrado,8,1,365,114,123.339177,43.699312,26.716024,156.510086,58.034623,0.000000
equilibrado,8,7,365,114,124.369569,42.667609,25.577767,156.825342,56.429963,0.000000
equilibrado,8,1,365,115,130.628304,57.883615,41.289919,169.315454,77.254078,0.000000
equilibrado,8,7,365,115,131.872869,57.862006,41.172592,169.933342,76.806757,0.000000
equilibrado,8,1,365,116,117.399371,36.418868,19.522919,149.915852,49.265065,0.000000
equilibrado,8,7,365,116,119.122703,36.686554,19.577896,150.217007,49.030863,0.000000
equilibrado,8,1,365,117,114.507555,33.762980,17.893448,155.526753,48.678228,0.000000
equilibrado,8,7,365,117,115.918496,33.288785,17.369105,156.910637,47.911969,0.000000
equilibrado,8,1,365,118,124.863572,55.523164,38.128633,154.744795,71.031784,0.000000
equilibrado,8,7,365,118,127.734035,55.418697,37.813683,156.366521,70.105749,0.000000
equilibrado,8,1,365,119,119.158128,43.454949,27.146895,157.440790,59.957254,0.000000
equilibrado,8,7,365,119,119.378058,42.286884,25.961211,157.558093,58.394362,0.000000
equilibrado,8,1,365,120,135.544272,43.168357,25.545367,165.517978,55.440504,0.000000
equilibrado,8,7,365,120,137.475977,42.130873,24.317959,166.073174,53.668928,0.000000
equilibrado,8,1,365,121,122.613078,34.409027,17.650649,157.647008,47.118108,0.000000
equilibrado,8,7,365,121,124.937155,35.758114,18.799375,158.709631,48.279259,0.000000
equilibrado,8,1,365,122,136.721169,47.217384,29.610291,167.067495,60.316228,0.000000
equilibrado,8,7,365,122,138.023381,46.684025,28.964120,167.572604,59.325608,0.000000
equilibrado,8,1,365,123,123.686125,32.892422,17.201159,169.532158,48.020731,0.000000
equilibrado,8,7,365,123,125.541994,31.449449,15.642602,170.787334,45.781794,0.000000
equilibrado,8,1,365,124,119.092680,44.946561,28.511940,156.175476,61.432281,0.000000
equilibrado,8,7,365,124,121.549599,44.481710,27.895427,157.894732,60.318581,0.000000
equilibrado,8,1,365,125,136.854735,50.318492,33.812261,178.113002,68.017542,0.000000
equilibrado,8,7,365,125,139.042653,49.943742,33.223626,178.633699,66.727949,0.000000
equilibrado,8,1,365,126,134.976000,31.063587,13.376001,164.253412,40.880970,0.000000
equilibrado,8,7,365,126,136.664806,31.059836,13.362926,166.172997,40.857087,0.000000
equilibrado,8,1,365,127,130.138398,41.069063,24.585407,169.794916,56.321543,0.000000
equilibrado,8,7,365,127,132.148884,40.486737,23.945856,171.773806,55.401221,0.000000
equilibrado,8,1,365,128,132.772034,41.828539,25.104937,170.723216,56.524529,0.000000
equilibrado,8,7,365,128,133.060239,41.070682,24.333577,170.950319,55.531273,0.000000
equilibrado,8,1,365,129,132.276490,37.912944,20.606970,164.511410,50.005606,0.000000
equilibrado,8,7,365,129,132.993028,37.996145,20.643719,164.948883,49.983141,0.000000
equilibrado,8,1,365,130,113.913620,33.868313,18.192443,156.603078,49.371298,0.000000
equilibrado,8,7,365,130,116.994407,33.757907,17.889383,158.827415,48.674353,0.000000
equilibrado,8,1,365,131,128.796011,41.436217,23.989018,159.022948,53.873941,0.000000
equilibrado,8,7,365,131,130.657756,41.459038,23.876515,160.053422,53.517342,0.000000
equilibrado,8,1,365,132,121.021127,41.873771,25.625000,160.408363,58.117889,0.000000
equilibrado,8,7,365,132,123.392157,41.891517,25.582686,162.885410,57.941441,0.000000
equilibrado,8,1,365,133,127.270020,43.933388,27.273269,164.423249,59.377824,0.000000
equilibrado,8,7,365,133,127.774580,42.584614,25.879429,164.624751,57.532894,0.000000
equilibrado,8,1,365,134,128.899558,51.818334,34.644492,161.617074,67.362933,0.000000
equilibrado,8,7,365,134,130.583190,51.231846,33.989208,163.038715,66.395833,0.000000
equilibrado,8,1,365,135,146.700663,48.895872,30.692715,173.240639,60.408530,0.000000
equilibrado,8,7,365,135,148.898297,49.158605,30.753197,173.888341,60.088445,0.000000
equilibrado,8,1,365,136,126.071035,49.796062,33.866890,170.203977,69.647938,0.000000
equilibrado,8,7,365,136,128.450331,47.760333,31.661544,171.556513,66.300773,0.000000
equilibrado,8,1,365,137,136.425574,63.240215,46.797047,178.232669,84.765734,0.000000
equilibrado,8,7,365,137,137.946499,63.783514,47.193598,178.616706,84.739034,0.000000
equilibrado,8,1,365,138,139.711743,40.471129,23.090773,172.808199,52.899672,0.000000
equilibrado,8,7,365,138,144.210013,39.494508,21.711477,174.297756,50.639106,0.000000
equilibrado,8,1,365,139,120.651822,47.868335,31.993532,163.604391,67.322678,0.000000
equilibrado,8,7,365,139,122.202158,47.141062,31.158697,164.567308,65.940914,0.000000
equilibrado,8,1,365,140,130.425015,44.429465,26.979893,160.962321,57.469436,0.000000
equilibrado,8,7,365,140,134.219059,44.304578,26.514785,162.439181,56.299436,0.000000
equilibrado,8,1,365,141,120.825406,32.939492,16.013093,153.903918,44.866892,0.000000
equilibrado,8,7,365,141,123.217660,32.612389,15.596551,156.068377,44.248395,0.000000
equilibrado,8,1,365,142,123.311735,40.316579,23.703794,159.876720,54.963650,0.000000
equilibrado,8,7,365,142,124.868466,40.113333,23.447313,161.340372,54.544760,0.000000
equilibrado,8,1,365,143,126.227484,40.545672,24.439449,168.580930,56.865226,0.000000
equilibrado,8,7,365,143,127.455252,40.668491,24.463925,169.173217,56.703560,0.000000
equilibrado,8,1,365,144,114.610361,44.882775,28.186830,148.155816,60.453125,0.000000
equilibrado,8,7,365,144,116.754075,44.172535,27.392170,150.113364,59.280277,0.000000
equilibrado,8,1,365,145,117.889807,37.722074,20.689415,149.349352,50.508508,0.000000
equilibrado,8,7,365,145,119.758660,37.367561,20.303381,151.380763,49.986316,0.000000
equilibrado,8,1,365,146,124.587114,34.891396,18.049396,159.345529,47.505481,0.000000
equilibrado,8,7,365,146,126.956936,33.433961,16.420937,160.709099,45.269158,0.000000
equilibrado,8,1,365,147,129.735097,52.072768,35.986621,173.365420,71.979494,0.000000
equilibrado,8,7,365,147,132.164407,50.855356,34.575022,174.478846,69.598315,0.000000
equilibrado,8,1,365,148,127.037934,35.135991,17.855574,158.382653,46.698959,0.000000
equilibrado,8,7,365,148,129.131679,35.211359,17.871533,160.389416,46.643942,0.000000
equilibrado,8,1,365,149,128.507738,50.816960,33.706559,161.720587,66.368857,0.000000
equilibrado,8,7,365,149,130.517771,49.125844,31.820500,162.383052,63.614112,0.000000
equilibrado,8,1,365,150,123.817682,41.985570,25.026852,157.323578,55.990780,0.000000
equilibrado,8,7,365,150,127.579307,41.894283,24.859104,161.272515,55.644890,0.000000
equilibrado,8,1,365,151,131.754549,46.545265,29.439673,165.750937,61.142166,0.000000
equilibrado,8,7,365,151,133.082091,45.039592,27.785278,165.972473,58.817099,0.000000
equilibrado,8,1,365,152,124.272798,38.915549,22.299362,161.059424,53.182555,0.000000
equilibrado,8,7,365,152,126.010840,38.698433,21.939572,161.900208,52.491785,0.000000
equilibrado,8,1,365,153,123.230714,50.950932,34.605771,162.324840,69.460938,0.000000
equilibrado,8,7,365,153,124.542719,49.317549,32.938578,163.680184,67.231599,0.000000
equilibrado,8,1,365,154,120.809768,40.526729,23.921903,156.787215,55.253853,0.000000
equilibrado,8,7,365,154,121.767844,40.487019,23.765790,156.926841,54.847183,0.000000
equilibrado,8,1,365,155,125.119161,49.200640,32.439595,160.762444,65.643737,0.000000
equilibrado,8,7,365,155,126.840522,48.893635,31.990420,161.582505,64.743849,0.000000
equilibrado,8,1,365,156,136.752340,48.417053,30.189578,161.553317,59.781622,0.000000
equilibrado,8,7,365,156,138.376739,48.550537,30.167683,162.077278,59.462622,0.000000
equilibrado,8,1,365,157,134.643200,41.017131,23.603574,166.373902,53.464894,0.000000
equilibrado,8,7,365,157,135.603675,40.887058,23.442442,167.241035,53.220241,0.000000
equilibrado,8,1,365,158,116.678408,40.212127,24.384700,158.810164,57.353881,0.000000
equilibrado,8,7,365,158,119.885431,41.029111,25.079422,161.845965,58.020572,0.000000
equilibrado,8,1,365,159,140.564570,57.543296,39.921503,171.511670,72.574702,0.000000
equilibrado,8,7,365,159,140.665902,57.680901,40.059108,171.632428,72.738688,0.000000
equilibrado,8,1,365,160,116.082513,35.116407,18.617883,151.754598,48.697607,0.000000
equilibrado,8,7,365,160,117.511093,35.016442,18.382468,152.354984,48.207432,0.000000
equilibrado,8,1,365,161,136.201565,43.167831,25.711497,167.850718,55.930975,0.000000
equilibrado,8,7,365,161,136.962297,43.155528,25.666833,168.460998,55.820110,0.000000
equilibrado,8,1,365,162,133.706567,41.766425,25.296671,174.484508,57.254889,0.000000
equilibrado,8,7,365,162,135.266043,43.239854,26.625032,174.967038,58.652221,0.000000
equilibrado,8,1,365,163,122.055227,47.336354,31.025003,161.139637,64.943048,0.000000
equilibrado,8,7,365,163,123.277842,46.006344,29.571996,161.525853,62.787439,0.000000
equilibrado,8,1,365,164,126.747430,38.959374,22.875495,169.488439,54.867508,0.000000
equilibrado,8,7,365,164,129.591271,38.245517,21.920432,170.701533,53.197652,0.000000
equilibrado,8,1,365,165,127.447928,31.902475,14.242945,155.555930,41.937135,0.000000
equilibrado,8,7,365,165,129.965725,32.471317,14.629087,156.967439,42.218185,0.000000
equilibrado,8,1,365,166,140.835582,51.923039,35.027069,179.044536,68.535142,0.000000
equilibrado,8,7,365,166,141.219597,51.730456,34.794775,179.110262,68.145019,0.000000
equilibrado,8,1,365,167,125.665134,42.021294,24.814860,157.370990,55.285883,0.000000
equilibrado,8,7,365,167,127.385772,40.066626,22.731819,158.319642,52.538132,0.000000
equilibrado,8,1,365,168,133.679186,56.099190,39.642540,174.585320,75.587048,0.000000
equilibrado,8,7,365,168,134.446073,55.615055,39.089819,174.851874,74.674704,0.000000
equilibrado,8,1,365,169,131.819881,45.082872,28.574142,171.682039,61.347858,0.000000
equilibrado,8,7,365,169,133.068814,43.819456,27.190606,172.048007,59.338076,0.000000
equilibrado,8,1,365,170,135.116346,48.622511,31.016636,165.164570,61.996136,0.000000
equilibrado,8,7,365,170,136.577944,48.567253,30.906862,166.405058,61.751401,0.000000
equilibrado,8,1,365,171,130.761493,41.587408,24.782158,167.400803,55.968021,0.000000
equilibrado,8,7,365,171,132.267105,41.633304,24.661587,167.661061,55.515081,0.000000
equilibrado,8,1,365,172,111.596978,42.554506,26.911921,153.817728,61.128961,0.000000
equilibrado,8,7,365,172,115.216738,42.502732,26.480320,155.010441,59.706805,0.000000
equilibrado,8,1,365,173,132.389617,31.060119,13.818447,165.247816,41.830583,0.000000
equilibrado,8,7,365,173,132.794412,31.078039,13.799029,165.391344,41.770614,0.000000
equilibrado,8,1,365,174,128.293721,48.818689,31.213108,157.029209,62.231107,0.000000
equilibrado,8,7,365,174,130.027377,49.066830,31.359609,158.206858,62.191143,0.000000
equilibrado,8,1,365,175,122.912716,46.569223,30.028279,160.047142,63.123208,0.000000
equilibrado,8,7,365,175,124.701924,44.775844,28.187923,161.870320,60.685387,0.000000
equilibrado,8,1,365,176,130.547185,44.529827,28.646960,176.606802,62.876421,0.000000
equilibrado,8,7,365,176,132.238882,44.158814,28.089026,176.809780,61.706741,0.000000
equilibrado,8,1,365,177,120.231551,54.584915,38.722922,163.176881,76.266027,0.000000
equilibrado,8,7,365,177,120.581906,53.780718,37.904907,163.501774,75.139363,0.000000
equilibrado,8,1,365,178,133.756764,49.215896,31.525118,162.777191,62.422180,0.000000
equilibrado,8,7,365,178,135.152036,49.162306,31.330786,163.167180,61.897949,0.000000
equilibrado,8,1,365,179,143.081235,53.674165,35.530459,169.605965,66.123883,0.000000
equilibrado,8,7,365,179,143.667606,53.573255,35.357666,169.628447,65.762392,0.000000
equilibrado,8,1,365,180,137.049570,40.527427,22.675033,165.213167,51.672932,0.000000
equilibrado,8,7,365,180,137.845713,39.746055,21.883077,166.053605,50.726092,0.000000
equilibrado,8,1,365,181,127.744921,34.310204,17.719028,165.690970,47.427559,0.000000
equilibrado,8,7,365,181,128.879612,34.333310,17.664833,166.370674,47.255272,0.000000
equilibrado,8,1,365,182,117.990828,34.915626,19.992837,170.041843,53.134792,0.000000
equilibrado,8,7,365,182,119.627579,34.233379,19.173061,170.807843,51.734779,0.000000
equilibrado,8,1,365,183,135.672069,56.426265,37.859493,157.452277,67.821087,0.000000
equilibrado,8,7,365,183,137.668231,55.910264,37.240844,158.853919,66.889771,0.000000
equilibrado,8,1,365,184,119.626824,43.157650,27.502948,164.473403,61.893830,0.000000
equilibrado,8,7,365,184,120.270925,41.670396,26.002380,165.200335,59.851253,0.000000
equilibrado,8,1,365,185,123.310413,35.367116,18.804794,160.349978,48.843316,0.000000
equilibrado,8,7,365,185,127.436634,35.601749,18.696308,162.302248,48.224621,0.000000
equilibrado,8,1,365,186,130.845551,36.932834,19.730852,163.734882,49.087218,0.000000
equilibrado,8,7,365,186,131.247099,36.967804,19.743121,164.013922,49.070431,0.000000
equilibrado,8,1,365,187,132.270058,55.314617,38.417177,168.384144,72.744552,0.000000
equilibrado,8,7,365,187,133.788466,54.625832,37.604744,169.063349,71.395367,0.000000
equilibrado,8,1,365,188,122.948171,28.770932,11.880359,156.861101,39.770816,0.000000
equilibrado,8,7,365,188,125.617858,28.425072,11.328027,158.294208,38.914016,0.000000
equilibrado,8,1,365,189,108.835707,41.636599,27.414643,164.705732,65.480192,0.000000
equilibrado,8,7,365,189,109.837296,39.937613,25.663199,165.588645,62.754767,0.000000
equilibrado,8,1,365,190,123.064992,50.796792,34.328991,160.934422,68.776872,0.000000
equilibrado,8,7,365,190,123.627392,49.792874,33.290549,161.321785,67.363820,0.000000
equilibrado,8,1,365,191,127.136870,40.880300,23.547866,158.039200,53.530626,0.000000
equilibrado,8,7,365,191,130.302818,41.600543,24.188456,161.152855,54.172699,0.000000
equilibrado,8,1,365,192,128.827743,48.344782,31.700854,166.544719,64.997646,0.000000
equilibrado,8,7,365,192,129.349572,47.440283,30.744128,166.692609,63.669183,0.000000
equilibrado,8,1,365,193,133.919191,52.259151,35.120778,168.093932,68.034210,0.000000
equilibrado,8,7,365,193,134.911005,52.035225,34.853004,168.887363,67.597117,0.000000
equilibrado,8,1,365,194,118.470291,36.806995,19.714129,149.550554,49.220438,0.000000
equilibrado,8,7,365,194,120.449320,35.373808,18.145723,150.820481,47.118546,0.000000
equilibrado,8,1,365,195,119.698437,34.113786,18.092340,160.893902,48.714410,0.000000
equilibrado,8,7,365,195,120.144154,33.302867,17.252021,161.189673,47.571548,0.000000
equilibrado,8,1,365,196,126.791522,35.865252,18.587355,158.105674,47.591549,0.000000
equilibrado,8,7,365,196,127.025666,35.409818,18.110018,158.194788,46.983513,0.000000
equilibrado,8,1,365,197,120.846828,41.235669,23.622822,148.087063,53.165762,0.000000
equilibrado,8,7,365,197,123.224324,41.779632,23.995908,149.510063,53.335689,0.000000
equilibrado,8,1,365,198,137.283190,37.387807,19.874563,168.615247,48.831440,0.000000
equilibrado,8,7,365,198,138.838979,36.643429,19.017394,169.415453,47.657692,0.000000
equilibrado,8,1,365,199,108.736714,29.783835,13.985241,148.536343,43.589633,0.000000
equilibrado,8,7,365,199,111.054268,30.008942,14.012276,149.789106,43.394945,0.000000
equilibrado,8,1,365,200,119.978645,38.758932,22.182813,155.998881,53.103024,0.000000
equilibrado,8,7,365,200,123.407356,38.949235,22.057213,157.418843,52.421316,0.000000
equilibrado,8,1,365,201,126.910777,49.246820,32.218382,160.510322,64.732712,0.000000
equilibrado,8,7,365,201,128.969238,49.385668,32.251558,162.067971,64.528328,0.000000
equilibrado,8,1,365,202,116.633905,47.458741,31.154950,154.229600,65.128947,0.000000
equilibrado,8,7,365,202,118.468091,46.842552,30.474039,155.988755,64.096698,0.000000
equilibrado,8,1,365,203,123.680060,37.463762,20.088887,153.484889,49.280269,0.000000
equilibrado,8,7,365,203,125.590407,36.060582,18.536901,154.504825,47.214221,0.000000
equilibrado,8,1,365,204,117.082803,44.899164,29.070687,159.336414,63.568741,0.000000
equilibrado,8,7,365,204,117.382690,42.621391,26.738062,159.196464,60.351487,0.000000
equilibrado,8,1,365,205,127.377590,41.432710,24.193117,159.161980,54.470270,0.000000
equilibrado,8,7,365,205,130.458911,41.441286,24.049968,161.529011,54.040314,0.000000
equilibrado,8,1,365,206,141.443047,54.115413,36.438348,172.031514,68.288030,0.000000
equilibrado,8,7,365,206,143.924932,53.988723,36.090318,172.865526,67.344369,0.000000
equilibrado,8,1,365,207,134.007207,48.357219,30.769992,164.011089,61.740860,0.000000
equilibrado,8,7,365,207,134.784292,47.125385,29.416064,163.829399,59.882045,0.000000
equilibrado,8,1,365,208,102.796076,24.733854,9.318111,144.033315,37.693539,0.000000
equilibrado,8,7,365,208,105.044125,24.741044,9.143609,145.428807,37.310729,0.000000
equilibrado,8,1,365,209,112.063319,47.952672,31.775343,149.470844,66.247983,0.000000
equilibrado,8,7,365,209,113.489268,47.042822,30.848945,151.171343,65.004493,0.000000
equilibrado,8,1,365,210,109.930352,38.908136,22.804622,147.356127,54.738668,0.000000
equilibrado,8,7,365,210,111.318099,38.158513,22.034356,148.979987,53.697406,0.000000
equilibrado,8,1,365,211,120.741337,49.028468,33.665204,169.040975,71.016868,0.000000
equilibrado,8,7,365,211,122.945847,48.439587,32.914791,170.305746,69.523008,0.000000
equilibrado,8,1,365,212,125.519373,48.354275,31.313300,158.680518,63.588126,0.000000
equilibrado,8,7,365,212,126.717598,48.084673,30.982336,159.596838,63.043284,0.000000
equilibrado,8,1,365,213,129.056476,39.819032,23.762369,172.788870,56.078049,0.000000
equilibrado,8,7,365,213,131.171294,39.624989,23.412653,173.907481,55.326643,0.000000
equilibrado,8,1,365,214,123.214174,40.081963,23.456242,159.632207,54.627653,0.000000
equilibrado,8,7,365,214,125.423787,39.488932,22.686181,160.754065,53.353084,0.000000
equilibrado,8,1,365,215,126.979253,52.296102,35.274720,160.659683,68.519916,0.000000
equilibrado,8,7,365,215,127.573616,51.778593,34.703199,160.895117,67.679377,0.000000
equilibrado,8,1,365,216,135.380943,51.838368,34.286337,165.975546,66.021639,0.000000
equilibrado,8,7,365,216,136.923789,51.690304,34.015528,166.683791,65.415001,0.000000
equilibrado,8,1,365,217,123.244384,49.524731,33.084209,161.423959,67.259509,0.000000
equilibrado,8,7,365,217,125.838472,50.363060,33.739439,162.967045,67.621774,0.000000
equilibrado,8,1,365,218,123.742776,48.100156,32.212375,167.559549,67.577366,0.000000
equilibrado,8,7,365,218,123.793199,47.873350,31.946047,167.220175,67.120564,0.000000
equilibrado,8,1,365,219,111.088824,41.263579,26.532709,162.365752,62.824439,0.000000
equilibrado,8,7,365,219,111.919446,41.224874,26.478170,163.378554,62.706159,0.000000
equilibrado,8,1,365,220,136.512447,56.593831,38.708278,164.283632,70.448627,0.000000
equilibrado,8,7,365,220,137.623877,56.558042,38.635487,165.254989,70.269507,0.000000
equilibrado,8,1,365,221,129.025702,46.486510,30.574579,174.283528,65.351241,0.000000
equilibrado,8,7,365,221,128.966380,42.184245,26.243523,173.897824,59.572712,0.000000
equilibrado,8,1,365,222,115.829401,45.832129,30.088849,158.505124,65.135589,0.000000
equilibrado,8,7,365,222,117.974384,45.247444,29.351914,159.859041,63.777580,0.000000
equilibrado,8,1,365,223,122.477259,47.666918,31.214783,160.333658,64.843488,0.000000
equilibrado,8,7,365,223,123.952373,46.793060,30.293192,161.758828,63.555280,0.000000
equilibrado,8,1,365,224,132.354001,38.102961,20.868513,165.272007,50.428072,0.000000
equilibrado,8,7,365,224,133.616374,38.050352,20.730434,166.006763,50.135171,0.000000
equilibrado,8,1,365,225,144.296010,48.762785,30.552572,170.402019,60.233197,0.000000
equilibrado,8,7,365,225,145.291371,48.498007,30.192517,170.677799,59.636759,0.000000
equilibrado,8,1,365,226,123.264765,46.214923,29.369479,157.665292,61.612811,0.000000
equilibrado,8,7,365,226,127.274016,48.811649,31.663721,159.864565,63.776588,0.000000
equilibrado,8,1,365,227,118.662574,33.970806,17.291367,153.400352,46.770438,0.000000
equilibrado,8,7,365,227,119.683144,34.071655,17.371510,154.498455,46.844225,0.000000
equilibrado,8,1,365,228,143.217803,53.486968,35.631697,172.441793,66.907268,0.000000
equilibrado,8,7,365,228,144.367273,53.221316,35.260856,172.799281,66.228230,0.000000
equilibrado,8,1,365,229,129.375854,46.415860,29.512246,164.728524,61.664182,0.000000
equilibrado,8,7,365,229,131.041320,46.488846,29.513769,166.112238,61.511714,0.000000
equilibrado,8,1,365,230,136.320492,46.661212,28.528510,161.876655,58.039682,0.000000
equilibrado,8,7,365,230,138.106010,46.687337,28.409651,162.675787,57.641040,0.000000
equilibrado,8,1,365,231,134.229790,57.649441,40.854376,171.836539,76.082976,0.000000
equilibrado,8,7,365,231,136.081269,56.669416,39.803392,173.435704,74.559471,0.000000
equilibrado,8,1,365,232,129.671241,44.025264,27.008985,164.028879,58.332121,0.000000
equilibrado,8,7,365,232,131.163877,42.721976,25.534925,164.262596,56.199851,0.000000
equilibrado,8,1,365,233,133.047810,38.701774,20.793646,160.018765,49.383708,0.000000
equilibrado,8,7,365,233,133.818398,38.313363,20.336187,160.319678,48.755674,0.000000
equilibrado,8,1,365,234,124.420137,39.159219,21.926388,155.618900,51.719588,0.000000
equilibrado,8,7,365,234,125.293883,39.562001,22.304201,156.462744,52.140668,0.000000
equilibrado,8,1,365,235,114.117215,41.360816,25.756178,157.573669,59.661473,0.000000
equilibrado,8,7,365,235,115.405931,40.222343,24.464300,157.796036,57.602418,0.000000
equilibrado,8,1,365,236,109.966286,41.925113,26.655971,155.239147,61.660566,0.000000
equilibrado,8,7,365,236,111.790607,41.198109,25.812396,156.583292,60.231407,0.000000
equilibrado,8,1,365,237,126.694172,48.840054,32.575869,167.585056,67.061330,0.000000
equilibrado,8,7,365,237,127.232963,48.223321,31.912138,167.807384,66.085609,0.000000
equilibrado,8,1,365,238,120.740479,55.550534,39.440237,161.386922,76.410907,0.000000
equilibrado,8,7,365,238,122.392615,52.210834,36.039343,162.936793,71.800026,0.000000
equilibrado,8,1,365,239,116.401233,44.223914,28.374059,158.223865,62.593734,0.000000
equilibrado,8,7,365,239,117.974917,43.941161,27.924545,158.681442,61.612943,0.000000
equilibrado,8,1,365,240,130.455816,47.604810,29.809116,157.945788,60.176567,0.000000
equilibrado,8,7,365,240,131.270902,47.862859,29.992132,158.257235,60.243936,0.000000
equilibrado,8,1,365,241,128.742263,47.456934,30.820020,166.505349,63.902672,0.000000
equilibrado,8,7,365,241,132.674770,47.924866,30.936034,168.000101,63.240222,0.000000
equilibrado,8,1,365,242,131.821420,48.616722,31.215387,163.082612,62.670853,0.000000
equilibrado,8,7,365,242,133.457632,48.339173,30.928346,164.969394,62.304102,0.000000
equilibrado,8,1,365,243,131.509785,53.411962,36.246058,164.883195,69.341807,0.000000
equilibrado,8,7,365,243,132.582012,53.633239,36.343960,165.037499,69.144303,0.000000
equilibrado,8,1,365,244,114.067446,44.320510,28.309900,153.614310,62.132120,0.000000
equilibrado,8,7,365,244,119.879935,42.397022,25.715987,154.918611,57.374233,0.000000
equilibrado,8,1,365,245,101.306158,29.949544,16.630063,163.723139,51.219590,0.000000
equilibrado,8,7,365,245,105.203902,30.318287,16.642478,165.546709,50.555492,0.000000
equilibrado,8,1,365,246,123.694778,39.616852,23.994784,170.276983,57.255042,0.000000
equilibrado,8,7,365,246,124.037826,39.413624,23.745608,170.249150,56.826478,0.000000
equilibrado,8,1,365,247,127.795782,51.434130,34.271607,160.370449,66.934613,0.000000
equilibrado,8,7,365,247,129.577860,50.078722,32.770753,161.218623,64.761212,0.000000
equilibrado,8,1,365,248,113.231137,38.487564,23.819421,166.110083,59.101647,0.000000
equilibrado,8,7,365,248,114.751304,37.923564,23.230053,168.002830,58.200446,0.000000
equilibrado,8,1,365,249,125.869392,37.631378,20.596283,159.165394,50.390052,0.000000
equilibrado,8,7,365,249,127.535736,36.712189,19.474864,159.375063,48.725963,0.000000
equilibrado,8,1,365,250,130.081024,46.586988,30.780078,176.816920,65.892347,0.000000
equilibrado,8,7,365,250,131.909278,46.378938,30.407010,177.435219,64.979344,0.000000
equilibrado,8,1,365,251,142.889932,42.803716,24.423508,167.256508,52.904671,0.000000
equilibrado,8,7,365,251,144.473680,43.272311,24.730151,167.624264,53.008235,0.000000
equilibrado,8,1,365,252,112.553724,41.898017,26.223575,154.795046,60.133313,0.000000
equilibrado,8,7,365,252,114.783591,40.447583,24.535022,155.481299,57.379167,0.000000
equilibrado,8,1,365,253,119.062075,38.041220,21.762881,157.596972,53.075377,0.000000
equilibrado,8,7,365,253,119.116388,37.860100,21.577897,157.630571,52.830131,0.000000
equilibrado,8,1,365,254,126.310804,55.924543,39.398047,164.501469,75.062577,0.000000
equilibrado,8,7,365,254,128.349851,55.266502,38.519716,164.947114,73.302644,0.000000
equilibrado,8,1,365,255,145.223099,42.480153,24.832341,176.808112,54.549225,0.000000
equilibrado,8,7,365,255,146.597067,42.492125,24.792191,177.929372,54.414573,0.000000
equilibrado,8,1,365,256,120.564110,39.427369,22.465018,153.262700,52.812499,0.000000
equilibrado,8,7,365,256,125.751984,39.560421,22.388007,157.781039,52.378104,0.000000
equilibrado,8,1,365,257,128.747557,42.307015,25.291681,162.897774,56.214509,0.000000
equilibrado,8,7,365,257,130.534119,42.174233,25.020908,163.806714,55.631908,0.000000
equilibrado,8,1,365,258,127.477084,43.176240,25.910124,159.044641,56.513318,0.000000
equilibrado,8,7,365,258,128.997290,41.725336,24.368290,160.071666,54.482787,0.000000
equilibrado,8,1,365,259,127.863949,44.353403,26.865905,157.546432,57.262134,0.000000
equilibrado,8,7,365,259,129.412763,44.412471,26.786793,158.187999,56.914951,0.000000
equilibrado,8,1,365,260,125.091654,34.104982,16.829458,156.060495,45.457765,0.000000
equilibrado,8,7,365,260,127.617196,34.114514,16.622375,157.209457,44.955814,0.000000
equilibrado,8,1,365,261,125.344488,39.224711,22.217945,158.775708,52.434778,0.000000
equilibrado,8,7,365,261,126.349812,39.185806,22.157053,159.815640,52.324262,0.000000
equilibrado,8,1,365,262,118.431215,52.631450,35.924354,152.862227,70.155151,0.000000
equilibrado,8,7,365,262,119.939964,52.792005,36.035097,154.310501,70.159706,0.000000
equilibrado,8,1,365,263,118.409582,30.107277,14.297847,161.285950,43.992133,0.000000
equilibrado,8,7,365,263,119.304181,28.935863,13.048607,161.697956,42.247833,0.000000
equilibrado,8,1,365,264,120.615752,40.264702,24.361570,163.272450,57.169322,0.000000
equilibrado,8,7,365,264,122.478970,40.025373,23.941179,163.912170,56.258312,0.000000
equilibrado,8,1,365,265,122.017161,52.174047,36.325326,165.676162,73.132076,0.000000
equilibrado,8,7,365,265,122.962072,51.614526,35.696589,166.219734,72.093312,0.000000
equilibrado,8,1,365,266,134.794254,24.132937,6.283966,162.590618,32.393328,0.000000
equilibrado,8,7,365,266,135.695015,24.555656,6.639590,163.052513,32.782478,0.000000
equilibrado,8,1,365,267,120.328995,42.067851,24.740016,149.829464,54.982992,0.000000
equilibrado,8,7,365,267,120.285296,38.011731,20.647062,149.467283,49.969568,0.000000
equilibrado,8,1,365,268,117.518376,44.086344,28.856367,166.041341,64.788879,0.000000
equilibrado,8,7,365,268,118.775225,43.111820,27.804815,166.950213,63.146006,0.000000
equilibrado,8,1,365,269,117.574484,42.864310,27.336133,163.005411,61.968846,0.000000
equilibrado,8,7,365,269,118.909628,41.167267,25.576195,164.162315,59.449209,0.000000
equilibrado,8,1,365,270,114.709146,37.929867,22.378065,158.894723,55.217679,0.000000
equilibrado,8,7,365,270,116.620765,38.070633,22.363200,159.915742,54.898406,0.000000
equilibrado,8,1,365,271,120.868039,40.130704,24.518464,166.579413,57.979748,0.000000
equilibrado,8,7,365,271,124.724222,40.114914,24.331902,169.951129,57.374679,0.000000
equilibrado,8,1,365,272,120.874625,35.390601,19.662105,165.386513,51.251983,0.000000
equilibrado,8,7,365,272,124.430265,35.696552,19.725632,167.612088,50.937032,0.000000
equilibrado,8,1,365,273,128.751745,47.640418,30.811564,164.663741,63.448420,0.000000
equilibrado,8,7,365,273,130.951308,48.031585,30.991954,165.387149,63.195136,0.000000
equilibrado,8,1,365,274,135.465301,50.990596,33.173860,163.668489,64.100937,0.000000
equilibrado,8,7,365,274,136.541055,50.787389,32.901500,164.314209,63.629978,0.000000
equilibrado,8,1,365,275,131.964998,47.845193,31.024256,168.750927,63.732051,0.000000
equilibrado,8,7,365,275,133.463969,46.010657,29.052737,169.276363,60.977731,0.000000
equilibrado,8,1,365,276,126.655631,41.187406,24.045820,159.164653,54.458314,0.000000
equilibrado,8,7,365,276,128.090164,41.330356,24.051199,159.672724,54.230314,0.000000
equilibrado,8,1,365,277,129.101425,48.178469,32.062523,172.226546,66.779302,0.000000
equilibrado,8,7,365,277,131.731336,49.237204,33.081820,175.234435,68.002272,0.000000
equilibrado,8,1,365,278,133.596891,42.524632,25.529668,169.080356,56.545994,0.000000
equilibrado,8,7,365,278,135.477017,42.727333,25.574386,169.861724,56.310195,0.000000
equilibrado,8,1,365,279,127.162397,46.411636,29.309068,160.140899,60.988188,0.000000
equilibrado,8,7,365,279,128.758886,46.390522,29.155003,160.881647,60.522868,0.000000
equilibrado,8,1,365,280,120.242439,34.054064,18.298331,164.264916,49.388897,0.000000
equilibrado,8,7,365,280,121.666912,33.929697,18.037065,164.766647,48.833583,0.000000
equilibrado,8,1,365,281,120.487709,36.890632,19.885903,152.796367,49.558108,0.000000
equilibrado,8,7,365,281,123.192113,37.046230,19.731289,153.410522,48.930608,0.000000
equilibrado,8,1,365,282,136.421077,48.074150,29.987186,162.392675,59.816839,0.000000
equilibrado,8,7,365,282,137.149946,48.183304,30.058918,162.910148,59.828064,0.000000
equilibrado,8,1,365,283,139.749210,54.518272,38.019055,181.871072,73.390184,0.000000
equilibrado,8,7,365,283,142.783220,54.533575,37.844812,183.668656,72.621328,0.000000
equilibrado,8,1,365,284,119.176887,38.096983,21.913312,158.644433,53.434807,0.000000
equilibrado,8,7,365,284,120.089581,37.949164,21.702136,159.221078,53.050967,0.000000
equilibrado,8,1,365,285,135.796158,48.579896,30.364223,160.553058,60.005497,0.000000
equilibrado,8,7,365,285,139.049496,47.419801,28.949503,162.093790,57.914443,0.000000
equilibrado,8,1,365,286,104.513206,41.527585,26.974186,154.808572,63.922723,0.000000
equilibrado,8,7,365,286,104.243297,39.527829,24.856872,153.213800,60.580113,0.000000
equilibrado,8,1,365,287,135.076372,41.829517,23.639842,159.945822,52.292224,0.000000
equilibrado,8,7,365,287,137.249790,41.563941,23.247342,161.357028,51.653102,0.000000
equilibrado,8,1,365,288,125.791862,48.333694,32.066443,166.389398,66.395765,0.000000
equilibrado,8,7,365,288,128.436747,48.879476,32.454641,168.213016,66.494935,0.000000
equilibrado,8,1,365,289,125.310949,48.430484,31.165208,156.417484,62.906684,0.000000
equilibrado,8,7,365,289,127.913058,48.306362,30.928610,158.575472,62.375422,0.000000
equilibrado,8,1,365,290,122.926555,37.748867,21.154142,159.558929,51.769771,0.000000
equilibrado,8,7,365,290,125.802845,37.970824,21.071137,160.325957,51.183555,0.000000
equilibrado,8,1,365,291,140.447152,40.260639,21.822303,163.959673,49.854106,0.000000
equilibrado,8,7,365,291,140.755521,40.314142,21.849703,164.084254,49.850133,0.000000
equilibrado,8,1,365,292,113.092911,49.351455,34.295337,161.739939,72.834513,0.000000
equilibrado,8,7,365,292,112.520281,46.315170,31.229736,160.636256,68.474019,0.000000
equilibrado,8,1,365,293,121.448486,37.798957,20.524357,151.639784,49.950592,0.000000
equilibrado,8,7,365,293,122.874960,37.620530,20.225957,152.343633,49.418254,0.000000
equilibrado,8,1,365,294,134.996361,42.331297,24.536737,163.314059,53.956685,0.000000
equilibrado,8,7,365,294,138.138598,42.487244,24.435371,164.698591,53.426013,0.000000
equilibrado,8,1,365,295,103.792255,30.187616,15.482891,152.227006,47.111308,0.000000
equilibrado,8,7,365,295,104.731959,28.234510,13.492972,153.195500,44.221361,0.000000
equilibrado,8,1,365,296,114.924971,35.968107,19.691826,152.278614,50.406809,0.000000
equilibrado,8,7,365,296,116.732271,35.517486,19.126272,153.554370,49.504086,0.000000
equilibrado,8,1,365,297,123.353587,50.236701,34.222815,165.761194,69.878496,0.000000
equilibrado,8,7,365,297,125.763750,49.513493,33.103757,164.943403,67.363807,0.000000
equilibrado,8,1,365,298,142.009864,48.589692,30.140058,165.640450,59.306438,0.000000
equilibrado,8,7,365,298,143.504641,49.491331,30.910972,166.192639,59.936376,0.000000
equilibrado,8,1,365,299,127.392833,45.011282,27.464249,156.461644,57.868760,0.000000
equilibrado,8,7,365,299,127.958912,45.019302,27.406119,156.563972,57.676007,0.000000
equilibrado,8,1,365,300,133.200592,38.247030,21.514398,171.171096,52.001272,0.000000
equilibrado,8,7,365,300,135.237588,38.112023,21.263366,172.558797,51.502450,0.000000
equilibrado,12,1,365,1,118.397222,50.985046,33.233179,144.060855,64.313992,0.000000
equilibrado,12,7,365,1,119.638385,50.941976,33.078032,144.641176,63.884956,0.000000
equilibrado,12,1,365,2,119.010462,58.233656,40.912583,148.287811,74.602253,0.000000
equilibrado,12,7,365,2,121.795720,56.830487,39.331565,150.163868,72.200786,0.000000
equilibrado,12,1,365,3,128.404007,76.399794,58.892115,158.017226,95.639541,0.000000
equilibrado,12,7,365,3,129.082443,74.704823,57.133157,158.267177,93.280168,0.000000
equilibrado,12,1,365,4,131.780971,55.017443,36.889151,156.656433,67.732772,0.000000
equilibrado,12,7,365,4,132.695712,54.585880,36.444106,157.601845,67.185854,0.000000
equilibrado,12,1,365,5,127.496170,54.312955,36.265660,152.355727,67.199059,0.000000
equilibrado,12,7,365,5,130.594743,54.353768,36.051932,153.847786,66.366919,0.000000
equilibrado,12,1,365,6,124.376515,51.902388,33.517308,146.066655,63.284493,0.000000
equilibrado,12,7,365,6,126.809639,51.064633,32.615797,148.345281,62.126013,0.000000
equilibrado,12,1,365,7,124.971186,44.999057,26.846699,148.575978,56.058262,0.000000
equilibrado,12,7,365,7,125.301930,44.141796,25.947375,148.623483,54.948459,0.000000
equilibrado,12,1,365,8,126.910320,56.118521,37.416236,146.502198,67.013099,0.000000
equilibrado,12,7,365,8,127.791678,55.357836,36.631149,147.304859,66.077962,0.000000
equilibrado,12,1,365,9,130.814200,69.200366,52.027112,163.963755,88.620403,0.000000
equilibrado,12,7,365,9,131.605012,68.568610,51.302977,164.069732,87.399249,0.000000
equilibrado,12,1,365,10,125.838241,62.286931,45.195388,158.614657,80.530571,0.000000
equilibrado,12,7,365,10,125.965803,61.770099,44.668623,158.681494,79.851469,0.000000
equilibrado,12,1,365,11,113.700302,50.081712,34.152309,153.893021,70.023564,0.000000
equilibrado,12,7,365,11,115.674858,49.792431,33.785181,155.754487,69.322966,0.000000
equilibrado,12,1,365,12,126.169789,57.467177,39.038585,147.774715,69.485780,0.000000
equilibrado,12,7,365,12,127.097047,57.246838,38.720260,148.065352,68.889674,0.000000
equilibrado,12,1,365,13,126.429192,50.386265,33.044150,157.096265,65.013986,0.000000
equilibrado,12,7,365,13,127.271056,49.904404,32.530432,157.833112,64.319683,0.000000
equilibrado,12,1,365,14,128.999248,59.029440,41.655636,159.923493,75.349847,0.000000
equilibrado,12,7,365,14,129.120866,57.228816,39.777291,159.375429,72.865336,0.000000
equilibrado,12,1,365,15,124.073162,54.848014,36.483913,145.882056,66.720647,0.000000
equilibrado,12,7,365,15,125.044873,54.086688,35.643963,146.383641,65.586368,0.000000
equilibrado,12,1,365,16,135.897923,56.584593,37.679448,154.956598,66.854659,0.000000
equilibrado,12,7,365,16,137.231607,55.390308,36.415590,155.879134,65.302437,0.000000
equilibrado,12,1,365,17,123.313511,54.638768,37.343084,153.724274,70.341067,0.000000
equilibrado,12,7,365,17,124.106326,54.248433,36.826896,153.598330,69.391308,0.000000
equilibrado,12,1,365,18,122.555205,48.545188,31.376008,153.899955,63.376683,0.000000
equilibrado,12,7,365,18,124.797033,48.465641,31.223255,155.993912,63.027704,0.000000
equilibrado,12,1,365,19,121.973322,65.690486,48.784352,155.509491,85.597614,0.000000
equilibrado,12,7,365,19,123.607052,65.607054,48.609843,156.716119,85.057306,0.000000
equilibrado,12,1,365,20,112.334930,44.260808,27.516374,144.884638,59.509608,0.000000
equilibrado,12,7,365,20,113.195218,44.019838,27.249784,145.746686,59.123054,0.000000
equilibrado,12,1,365,21,119.074383,55.300101,38.207298,150.293270,71.941000,0.000000
equilibrado,12,7,365,21,119.759415,55.292091,38.143533,150.656513,71.710294,0.000000
equilibrado,12,1,365,22,109.819694,54.197797,39.101653,156.768387,79.393672,0.000000
equilibrado,12,7,365,22,110.815277,52.945969,37.849825,158.153327,77.652275,0.000000
equilibrado,12,1,365,23,119.873123,49.075290,31.375608,146.224905,62.225966,0.000000
equilibrado,12,7,365,23,120.454203,48.149390,30.436919,146.811145,61.086173,0.000000
equilibrado,12,1,365,24,115.799963,57.988304,41.509352,151.570017,77.897563,0.000000
equilibrado,12,7,365,24,117.115323,56.416313,39.876818,152.699932,75.631122,0.000000
equilibrado,12,1,365,25,117.605779,52.307545,34.750474,144.668188,66.565017,0.000000
equilibrado,12,7,365,25,118.123041,50.336813,32.763005,145.152325,64.150485,0.000000
equilibrado,12,1,365,26,124.764205,57.095890,39.772087,155.239789,73.211921,0.000000
equilibrado,12,7,365,26,126.390609,55.728801,38.343741,156.671477,71.316697,0.000000
equilibrado,12,1,365,27,114.144894,56.340068,40.066979,151.301030,76.705399,0.000000
equilibrado,12,7,365,27,114.878096,55.189795,38.900116,152.096228,75.148467,0.000000
equilibrado,12,1,365,28,133.320892,60.475749,43.065846,164.813000,76.946457,0.000000
equilibrado,12,7,365,28,134.461371,58.672892,41.096585,164.653133,74.101798,0.000000
equilibrado,12,1,365,29,140.796362,69.776159,51.116609,162.456319,82.528117,0.000000
equilibrado,12,7,365,29,143.155583,69.154812,50.337531,163.760979,81.176455,0.000000
equilibrado,12,1,365,30,119.602314,61.357296,43.810578,147.140649,77.432719,0.000000
equilibrado,12,7,365,30,120.347469,60.389498,42.801851,147.697269,76.106261,0.000000
equilibrado,12,1,365,31,113.342793,51.666867,36.062922,156.538262,73.533967,0.000000
equilibrado,12,7,365,31,116.085025,51.283913,35.583368,159.267574,72.593935,0.000000
equilibrado,12,1,365,32,106.911216,49.435918,34.292104,152.254299,72.553026,0.000000
equilibrado,12,7,365,32,107.759714,48.746987,33.590678,153.307724,71.541955,0.000000
equilibrado,12,1,365,33,113.595052,57.562950,41.355864,151.188464,78.586015,0.000000
equilibrado,12,7,365,33,114.329977,57.577851,41.272359,151.246677,78.155069,0.000000
equilibrado,12,1,365,34,110.119243,51.492836,35.822027,151.567627,73.004067,0.000000
equilibrado,12,7,365,34,110.736980,50.816251,35.130007,152.249420,72.030389,0.000000
equilibrado,12,1,365,35,124.760232,54.333479,36.612734,151.847332,68.387984,0.000000
equilibrado,12,7,365,35,126.383229,54.259080,36.502047,153.464599,68.168416,0.000000
equilibrado,12,1,365,36,133.893145,60.897115,42.021328,152.960997,71.750257,0.000000
equilibrado,12,7,365,36,134.662436,61.034830,42.107593,153.409613,71.718888,0.000000
equilibrado,12,1,365,37,124.175252,59.539539,42.071172,153.280141,75.576829,0.000000
equilibrado,12,7,365,37,125.029527,57.142862,39.636023,153.976821,72.544648,0.000000
equilibrado,12,1,365,38,127.592143,63.187822,45.905872,159.042400,80.782092,0.000000
equilibrado,12,7,365,38,128.356632,62.075464,44.765080,159.715163,79.306518,0.000000
equilibrado,12,1,365,39,121.469099,62.944128,46.414881,158.323490,83.968960,0.000000
equilibrado,12,7,365,39,123.829058,63.173108,46.414289,159.166675,83.160427,0.000000
equilibrado,12,1,365,40,123.616489,62.276011,44.706676,151.754384,78.436297,0.000000
equilibrado,12,7,365,40,125.778836,63.144946,45.336736,152.322350,78.462501,0.000000
equilibrado,12,1,365,41,118.908098,38.738334,21.129540,145.808125,50.198792,0.000000
equilibrado,12,7,365,41,120.343618,38.570567,20.872901,146.799394,49.767725,0.000000
equilibrado,12,1,365,42,126.738321,64.113883,47.184502,161.212171,83.529875,0.000000
equilibrado,12,7,365,42,127.260738,63.074026,46.126270,161.689047,82.155158,0.000000
equilibrado,12,1,365,43,101.788964,47.252718,32.870385,152.624583,72.994862,0.000000
equilibrado,12,7,365,43,102.508562,47.251960,32.822944,153.191033,72.770536,0.000000
equilibrado,12,1,365,44,129.921456,63.285510,45.340002,156.035294,78.057292,0.000000
equilibrado,12,7,365,44,131.836070,62.822136,44.793531,157.564708,77.176203,0.000000
equilibrado,12,1,365,45,117.846230,57.080591,40.374524,152.136053,75.751922,0.000000
equilibrado,12,7,365,45,118.029626,56.263886,39.505823,151.906243,74.505858,0.000000
equilibrado,12,1,365,46,122.661353,46.185319,28.897237,152.997929,60.101753,0.000000
equilibrado,12,7,365,46,124.525524,45.572866,28.224304,154.735029,59.164813,0.000000
equilibrado,12,1,365,47,127.780376,57.411802,38.810527,148.258278,68.815333,0.000000
equilibrado,12,7,365,47,128.746401,57.319070,38.645303,148.784629,68.459435,0.000000
equilibrado,12,1,365,48,123.401605,65.073055,48.352498,158.984891,85.727789,0.000000
equilibrado,12,7,365,48,123.517011,62.202199,45.476539,159.082504,82.098334,0.000000
equilibrado,12,1,365,49,119.329787,50.756022,33.913833,152.788588,67.286101,0.000000
equilibrado,12,7,365,49,120.311898,50.148346,33.237403,153.403251,66.274189,0.000000
equilibrado,12,1,365,50,109.403830,42.857482,27.053638,149.374785,60.948621,0.000000
equilibrado,12,7,365,50,108.950733,41.730989,25.910996,148.624931,59.395143,0.000000
equilibrado,12,1,365,51,128.075342,62.945289,45.592905,158.997848,80.176914,0.000000
equilibrado,12,7,365,51,132.247081,63.347378,45.564557,160.172561,78.807868,0.000000
equilibrado,12,1,365,52,129.983062,62.045827,44.889205,163.101500,79.945158,0.000000
equilibrado,12,7,365,52,131.863580,62.969149,45.619096,163.603846,80.216028,0.000000
equilibrado,12,1,365,53,122.091758,68.313674,51.547211,156.919964,89.562897,0.000000
equilibrado,12,7,365,53,122.111809,67.110186,50.337948,156.892416,88.026587,0.000000
equilibrado,12,1,365,54,105.201384,41.279310,24.641703,136.785266,56.102776,0.000000
equilibrado,12,7,365,54,106.929544,41.345634,24.636417,138.388130,55.962836,0.000000
equilibrado,12,1,365,55,123.727817,49.249929,31.376871,149.374348,61.866343,0.000000
equilibrado,12,7,365,55,128.630502,49.871241,31.517556,151.177013,61.061895,0.000000
equilibrado,12,1,365,56,125.852332,63.417314,46.610195,161.248781,83.238065,0.000000
equilibrado,12,7,365,56,126.733257,61.742706,44.920047,162.203195,81.074428,0.000000
equilibrado,12,1,365,57,121.813039,70.094986,53.344315,156.714707,91.876760,0.000000
equilibrado,12,7,365,57,124.051014,68.402728,51.511378,158.225168,89.040999,0.000000
equilibrado,12,1,365,58,126.130313,61.674545,44.071274,154.468431,77.575272,0.000000
equilibrado,12,7,365,58,126.787581,60.809375,43.142537,154.708305,76.282141,0.000000
equilibrado,12,1,365,59,120.991944,53.469001,35.601676,146.205441,66.843712,0.000000
equilibrado,12,7,365,59,123.340565,53.612245,35.592166,147.736987,66.477925,0.000000
equilibrado,12,1,365,60,130.539668,65.003267,48.408647,169.194083,86.259709,0.000000
equilibrado,12,7,365,60,131.551178,63.638137,46.930789,169.350883,83.988810,0.000000
equilibrado,12,1,365,61,116.598577,55.717266,39.434475,154.377789,75.858847,0.000000
equilibrado,12,7,365,61,117.695907,55.691592,39.296031,154.748977,75.331711,0.000000
equilibrado,12,1,365,62,118.308657,47.747233,31.219876,154.325415,64.668617,0.000000
equilibrado,12,7,365,62,119.783525,47.305368,30.592329,154.508476,63.439383,0.000000
equilibrado,12,1,365,63,132.162207,63.973738,45.871213,157.315979,78.213321,0.000000
equilibrado,12,7,365,63,134.361159,63.937066,45.683572,158.577767,77.557336,0.000000
equilibrado,12,1,365,64,110.857767,52.715917,36.242635,145.320540,71.201803,0.000000
equilibrado,12,7,365,64,111.897514,51.282257,34.790600,146.487064,69.301346,0.000000
equilibrado,12,1,365,65,128.085486,68.189655,51.294798,163.207930,88.758501,0.000000
equilibrado,12,7,365,65,128.307524,66.324784,49.389460,163.102832,86.243508,0.000000
equilibrado,12,1,365,66,111.128971,54.395910,38.377467,149.688841,75.312430,0.000000
equilibrado,12,7,365,66,111.792153,53.755039,37.690921,150.141557,74.271883,0.000000
equilibrado,12,1,365,67,139.373454,67.308082,48.869683,162.736262,80.659026,0.000000
equilibrado,12,7,365,67,139.950056,66.497143,48.010507,162.977067,79.537811,0.000000
equilibrado,12,1,365,68,137.281668,71.115909,53.410683,166.828479,88.349903,0.000000
equilibrado,12,7,365,68,138.899806,71.196090,53.346846,167.418458,87.763653,0.000000
equilibrado,12,1,365,69,131.282733,65.086172,47.621249,161.855686,82.260271,0.000000
equilibrado,12,7,365,69,134.791990,65.484926,47.796059,164.023352,81.742879,0.000000
equilibrado,12,1,365,70,114.666138,55.308002,38.862944,150.426294,74.627178,0.000000
equilibrado,12,7,365,70,115.749823,54.318812,37.873754,151.810137,73.364003,0.000000
equilibrado,12,1,365,71,130.341921,53.590269,35.460108,154.973857,66.073120,0.000000
equilibrado,12,7,365,71,131.668302,53.556354,35.331231,155.715538,65.710609,0.000000
equilibrado,12,1,365,72,130.507526,63.502874,45.194822,153.696868,76.840101,0.000000
equilibrado,12,7,365,72,132.243448,62.435763,43.939236,154.142370,74.886336,0.000000
equilibrado,12,1,365,73,117.795504,61.252603,44.069479,147.961342,78.858603,0.000000
equilibrado,12,7,365,73,119.904194,61.380971,44.070251,149.458310,78.462552,0.000000
equilibrado,12,1,365,74,112.199143,51.785990,34.463468,140.018416,66.779876,0.000000
equilibrado,12,7,365,74,113.787666,50.203344,32.700117,140.520025,64.232906,0.000000
equilibrado,12,1,365,75,113.482980,59.917547,43.345901,147.808441,79.928999,0.000000
equilibrado,12,7,365,75,114.313355,59.181325,42.568099,148.498152,78.808338,0.000000
equilibrado,12,1,365,76,113.121331,55.874978,40.346675,156.981813,79.563603,0.000000
equilibrado,12,7,365,76,113.169851,55.058497,39.501781,156.767902,78.323426,0.000000
equilibrado,12,1,365,77,110.277749,44.972896,28.610788,145.536331,61.720607,0.000000
equilibrado,12,7,365,77,110.992463,44.670655,28.200418,145.518408,60.956299,0.000000
equilibrado,12,1,365,78,126.199839,62.276688,44.522931,153.275256,77.663870,0.000000
equilibrado,12,7,365,78,127.674168,62.051500,44.178904,154.015002,76.909470,0.000000
equilibrado,12,1,365,79,138.494719,69.524491,51.199324,162.710101,83.672633,0.000000
equilibrado,12,7,365,79,139.570774,69.318156,50.893239,163.077311,83.006124,0.000000
equilibrado,12,1,365,80,140.425590,60.913057,42.001654,159.934353,71.640365,0.000000
equilibrado,12,7,365,80,142.002572,60.941212,41.881990,160.462526,71.146783,0.000000
equilibrado,12,1,365,81,115.569814,54.023933,36.909878,145.811283,70.290694,0.000000
equilibrado,12,7,365,81,117.625866,54.265095,37.027455,147.299384,70.109223,0.000000
equilibrado,12,1,365,82,123.610208,62.554456,46.748995,168.235283,87.113272,0.000000
equilibrado,12,7,365,82,124.352164,61.812257,45.964019,168.775128,85.905471,0.000000
equilibrado,12,1,365,83,137.782566,68.192001,49.721577,160.652272,81.531085,0.000000
equilibrado,12,7,365,83,138.641184,67.704764,49.188161,161.235367,80.785145,0.000000
equilibrado,12,1,365,84,123.919053,65.039738,48.292280,159.384782,85.554735,0.000000
equilibrado,12,7,365,84,125.028427,64.671504,47.917893,160.718272,85.063215,0.000000
equilibrado,12,1,365,85,137.898458,72.504862,54.972109,169.169019,90.843298,0.000000
equilibrado,12,7,365,85,139.068483,72.704710,55.014814,169.090747,90.309095,0.000000
equilibrado,12,1,365,86,138.959324,60.140500,41.092240,157.197500,70.302670,0.000000
equilibrado,12,7,365,86,139.978735,60.438102,41.295762,157.562910,70.303291,0.000000
equilibrado,12,1,365,87,125.571464,72.325847,55.213682,158.100942,92.758072,0.000000
equilibrado,12,7,365,87,126.203223,69.582413,52.470248,158.876235,89.391338,0.000000
equilibrado,12,1,365,88,129.452221,67.020053,49.815929,162.014244,85.807194,0.000000
equilibrado,12,7,365,88,130.071185,65.621432,48.363401,162.273843,83.849785,0.000000
equilibrado,12,1,365,89,124.480599,64.279749,46.480191,150.862780,79.837542,0.000000
equilibrado,12,7,365,89,125.314208,64.074786,46.179363,151.054270,79.190763,0.000000
equilibrado,12,1,365,90,121.462768,57.243452,40.364870,155.121589,75.221178,0.000000
equilibrado,12,7,365,90,122.403425,56.068482,39.137232,155.818202,73.542304,0.000000
equilibrado,12,1,365,91,137.589909,79.277868,61.974981,170.988786,100.217193,0.000000
equilibrado,12,7,365,91,138.473990,77.693254,60.288496,171.078094,97.742087,0.000000
equilibrado,12,1,365,92,126.225987,61.423223,44.843828,163.881933,81.800649,0.000000
equilibrado,12,7,365,92,127.590037,61.126517,44.501573,165.166905,81.212703,0.000000
equilibrado,12,1,365,93,114.659509,52.745456,35.503931,143.654102,68.243422,0.000000
equilibrado,12,7,365,93,116.216279,51.727667,34.434524,145.127721,66.815707,0.000000
equilibrado,12,1,365,94,107.570363,49.961274,34.627095,151.316503,72.421450,0.000000
equilibrado,12,7,365,94,108.302684,48.784543,33.448495,152.301333,70.801787,0.000000
equilibrado,12,1,365,95,129.558116,49.112811,31.055373,154.670346,61.116023,0.000000
equilibrado,12,7,365,95,131.692022,48.622985,30.518528,156.754234,60.399520,0.000000
equilibrado,12,1,365,96,132.809456,64.090658,46.297925,160.749307,79.643456,0.000000
equilibrado,12,7,365,96,134.059363,62.775581,44.882615,161.338175,77.676281,0.000000
equilibrado,12,1,365,97,110.743707,58.595705,42.922691,152.383575,82.511370,0.000000
equilibrado,12,7,365,97,112.585372,57.471579,41.759547,154.476578,80.813944,0.000000
equilibrado,12,1,365,98,126.813937,57.141142,39.848167,157.998527,73.390258,0.000000
equilibrado,12,7,365,98,126.663708,54.322429,37.010176,157.644813,69.893851,0.000000
equilibrado,12,1,365,99,119.690774,50.834046,33.384747,148.046260,65.178100,0.000000
equilibrado,12,7,365,99,120.508994,50.656658,33.201899,148.985610,64.945546,0.000000
equilibrado,12,1,365,100,126.995212,63.803027,46.334114,156.665449,80.699882,0.000000
equilibrado,12,7,365,100,127.962772,62.634939,45.059262,156.894151,78.838296,0.000000
equilibrado,12,1,365,101,133.530954,62.682895,44.407477,157.438353,76.027944,0.000000
equilibrado,12,7,365,101,137.357988,64.813357,46.283671,159.670082,77.454050,0.000000
equilibrado,12,1,365,102,132.597742,75.244501,56.890963,155.717483,90.094274,0.000000
equilibrado,12,7,365,102,133.949982,75.187784,56.750225,156.566271,89.637338,0.000000
equilibrado,12,1,365,103,119.323790,57.841022,41.220845,154.768526,77.083546,0.000000
equilibrado,12,7,365,103,119.138713,54.181074,37.484772,153.848330,72.146980,0.000000
equilibrado,12,1,365,104,108.915168,50.728890,35.462373,153.819276,73.780598,0.000000
equilibrado,12,7,365,104,109.728270,50.133113,34.851938,154.792964,72.894924,0.000000
equilibrado,12,1,365,105,114.550062,51.398831,35.259848,153.052224,70.880017,0.000000
equilibrado,12,7,365,105,116.032004,50.833591,34.628857,154.367916,69.876145,0.000000
equilibrado,12,1,365,106,128.719643,56.726330,39.053990,156.957249,71.407765,0.000000
equilibrado,12,7,365,106,129.148967,56.615318,38.923763,157.300731,71.202780,0.000000
equilibrado,12,1,365,107,100.696827,36.740770,22.405729,151.514986,57.823088,0.000000
equilibrado,12,7,365,107,101.892166,36.184766,21.804554,152.797214,56.842065,0.000000
equilibrado,12,1,365,108,113.207840,50.788693,35.379124,158.278464,73.214301,0.000000
equilibrado,12,7,365,108,114.643960,50.418645,34.895844,159.095924,72.208794,0.000000
equilibrado,12,1,365,109,125.066145,59.639241,41.906568,152.110161,74.628047,0.000000
equilibrado,12,7,365,109,125.726073,59.161474,41.379199,152.476364,73.866817,0.000000
equilibrado,12,1,365,110,130.211021,58.590161,40.398155,154.309506,71.633738,0.000000
equilibrado,12,7,365,110,131.076185,57.693468,39.434262,154.751346,70.353533,0.000000
equilibrado,12,1,365,111,123.521563,67.074274,50.114863,156.950643,87.054757,0.000000
equilibrado,12,7,365,111,125.704402,66.125050,49.145458,159.468544,85.782062,0.000000
equilibrado,12,1,365,112,125.159044,58.834367,41.624153,156.719770,75.790026,0.000000
equilibrado,12,7,365,112,126.426370,58.470453,41.138943,157.186524,74.846655,0.000000
equilibrado,12,1,365,113,122.957697,68.940961,52.406779,160.168091,91.561645,0.000000
equilibrado,12,7,365,113,123.390386,68.748815,52.183070,160.419051,91.151234,0.000000
equilibrado,12,1,365,114,131.365671,63.190630,45.193357,157.283172,77.733572,0.000000
equilibrado,12,7,365,114,132.279267,62.565161,44.446592,157.315894,76.515019,0.000000
equilibrado,12,1,365,115,130.751432,67.524084,49.505433,156.385441,82.696555,0.000000
equilibrado,12,7,365,115,132.744289,67.025500,48.836224,157.256791,81.382712,0.000000
equilibrado,12,1,365,116,116.851162,48.357497,30.909248,144.637287,62.201109,0.000000
equilibrado,12,7,365,116,118.002899,48.391645,30.844108,145.219869,61.912660,0.000000
equilibrado,12,1,365,117,113.372452,48.745569,32.865369,153.923898,68.461212,0.000000
equilibrado,12,7,365,117,113.574942,46.743023,30.856943,154.136080,65.790163,0.000000
equilibrado,12,1,365,118,128.301706,71.709078,54.456360,160.168774,91.284256,0.000000
equilibrado,12,7,365,118,129.966313,71.163008,53.802161,161.209644,90.080084,0.000000
equilibrado,12,1,365,119,117.208016,55.417823,38.509169,149.568555,72.827140,0.000000
equilibrado,12,7,365,119,114.912512,51.750501,34.814568,146.487736,68.168919,0.000000
equilibrado,12,1,365,120,122.080275,48.578146,31.231663,151.792828,62.809677,0.000000
equilibrado,12,7,365,120,124.009582,48.614610,31.209411,153.622031,62.655280,0.000000
equilibrado,12,1,365,121,130.810749,60.528973,42.183352,153.737408,73.286749,0.000000
equilibrado,12,7,365,121,132.267461,60.310047,41.835129,154.345278,72.552996,0.000000
equilibrado,12,1,365,122,132.363383,73.906641,55.743825,157.039652,89.451477,0.000000
equilibrado,12,7,365,122,133.714169,72.830429,54.633194,158.309023,88.047879,0.000000
equilibrado,12,1,365,123,123.090147,51.443284,35.213980,163.273194,70.565329,0.000000
equilibrado,12,7,365,123,124.382961,50.349059,34.014209,163.906101,68.728493,0.000000
equilibrado,12,1,365,124,123.587001,66.880710,50.065716,158.345997,87.526341,0.000000
equilibrado,12,7,365,124,125.028125,65.833236,48.904023,159.092303,85.663451,0.000000
equilibrado,12,1,365,125,126.004379,59.861455,42.535426,156.723510,76.555030,0.000000
equilibrado,12,7,365,125,127.272265,59.579214,42.177522,157.589523,75.898956,0.000000
equilibrado,12,1,365,126,119.063420,41.011283,22.958234,142.499143,51.705900,0.000000
equilibrado,12,7,365,126,120.869104,40.622684,22.534565,144.326984,51.162248,0.000000
equilibrado,12,1,365,127,126.684705,54.381900,37.397856,160.639891,71.240752,0.000000
equilibrado,12,7,365,127,127.251267,53.476886,36.476924,161.193093,70.059830,0.000000
equilibrado,12,1,365,128,131.708018,66.279005,48.720842,161.526068,83.271340,0.000000
equilibrado,12,7,365,128,133.371115,66.429466,48.782242,162.710141,83.050325,0.000000
equilibrado,12,1,365,129,124.163234,47.641047,29.290890,146.092949,58.520622,0.000000
equilibrado,12,7,365,129,124.478100,47.337083,28.957169,146.222651,58.085059,0.000000
equilibrado,12,1,365,130,109.433337,46.945509,31.075200,148.804999,66.119502,0.000000
equilibrado,12,7,365,130,110.475230,46.387251,30.478071,149.826487,65.230829,0.000000
equilibrado,12,1,365,131,117.346243,47.058828,29.075121,141.027983,58.951707,0.000000
equilibrado,12,7,365,131,117.644659,46.620745,28.619524,141.242793,58.387180,0.000000
equilibrado,12,1,365,132,123.011006,62.113975,45.122560,156.031548,80.767796,0.000000
equilibrado,12,7,365,132,124.567959,61.749024,44.680140,157.257069,79.970375,0.000000
equilibrado,12,1,365,133,125.904892,59.844546,42.649830,157.768328,77.088469,0.000000
equilibrado,12,7,365,133,126.510102,58.176916,40.940998,158.138128,74.881936,0.000000
equilibrado,12,1,365,134,126.972316,60.826441,43.017454,153.723206,75.725318,0.000000
equilibrado,12,7,365,134,127.199785,59.613616,41.780248,153.786372,74.199075,0.000000
equilibrado,12,1,365,135,133.077056,65.981879,47.937461,158.874387,80.789368,0.000000
equilibrado,12,7,365,135,134.473664,65.115453,46.991718,159.814844,79.449377,0.000000
equilibrado,12,1,365,136,119.523759,62.355264,46.501629,162.323245,86.596864,0.000000
equilibrado,12,7,365,136,121.474178,61.427200,45.530158,164.467447,85.145361,0.000000
equilibrado,12,1,365,137,136.656402,76.448498,59.030594,168.760607,96.170588,0.000000
equilibrado,12,7,365,137,137.830983,74.521938,57.091686,170.059024,93.784170,0.000000
equilibrado,12,1,365,138,136.108745,52.583526,34.021584,157.986239,63.490222,0.000000
equilibrado,12,7,365,138,138.889847,52.183282,33.418081,159.430618,62.397932,0.000000
equilibrado,12,1,365,139,122.991336,62.573012,45.833723,158.296760,82.499944,0.000000
equilibrado,12,7,365,139,123.723061,61.910095,45.131662,158.852618,81.487093,0.000000
equilibrado,12,1,365,140,128.028833,62.317102,44.172808,152.179119,76.125107,0.000000
equilibrado,12,7,365,140,131.490251,61.591483,43.306153,155.011509,74.735455,0.000000
equilibrado,12,1,365,141,113.828164,48.946210,32.456107,148.959158,66.332564,0.000000
equilibrado,12,7,365,141,113.938668,47.373777,30.883674,149.099884,64.330085,0.000000
equilibrado,12,1,365,142,125.676551,51.547939,34.179952,155.958173,66.327702,0.000000
equilibrado,12,7,365,142,127.790922,51.615565,34.102132,157.231486,65.891170,0.000000
equilibrado,12,1,365,143,113.256032,50.681097,34.638735,152.256016,70.343288,0.000000
equilibrado,12,7,365,143,115.094695,49.392450,33.184062,153.119616,67.994115,0.000000
equilibrado,12,1,365,144,139.240644,70.135528,50.961163,156.498063,80.813292,0.000000
equilibrado,12,7,365,144,139.493645,70.155101,50.958224,156.595995,80.744625,0.000000
equilibrado,12,1,365,145,122.398977,57.811854,40.459386,152.127547,73.964050,0.000000
equilibrado,12,7,365,145,122.954533,56.124841,38.741062,152.531869,71.800083,0.000000
equilibrado,12,1,365,146,114.673159,47.424735,30.672342,147.748797,63.449384,0.000000
equilibrado,12,7,365,146,116.791364,47.716354,30.797494,148.963588,63.226416,0.000000
equilibrado,12,1,365,147,122.292978,60.166628,43.420892,157.361580,79.451995,0.000000
equilibrado,12,7,365,147,123.204670,59.403724,42.566743,157.667577,78.091561,0.000000
equilibrado,12,1,365,148,130.371071,54.362583,35.606412,149.967559,64.866061,0.000000
equilibrado,12,7,365,148,131.600967,54.282483,35.377926,150.188049,64.299331,0.000000
equilibrado,12,1,365,149,131.357403,67.543877,49.054322,153.192637,80.714740,0.000000
equilibrado,12,7,365,149,132.126941,66.139110,47.604615,153.702798,78.937100,0.000000
equilibrado,12,1,365,150,122.826877,62.266028,45.135782,154.573694,80.332038,0.000000
equilibrado,12,7,365,150,125.100479,61.888636,44.691295,156.762573,79.573390,0.000000
equilibrado,12,1,365,151,122.328845,58.870149,41.430027,151.298611,74.886725,0.000000
equilibrado,12,7,365,151,123.205762,57.572415,40.119651,152.247063,73.273882,0.000000
equilibrado,12,1,365,152,113.251609,56.498577,40.459113,152.277012,77.971931,0.000000
equilibrado,12,7,365,152,115.370542,55.831697,39.748154,154.637293,76.898467,0.000000
equilibrado,12,1,365,153,121.218047,63.116249,46.843391,160.430972,85.451041,0.000000
equilibrado,12,7,365,153,121.826434,62.899142,46.598900,160.951971,85.034501,0.000000
equilibrado,12,1,365,154,117.932630,54.334374,37.545189,151.510748,71.961718,0.000000
equilibrado,12,7,365,154,118.888923,54.410254,37.581883,152.360610,71.898154,0.000000
equilibrado,12,1,365,155,119.664608,61.405901,44.451488,152.218447,80.058305,0.000000
equilibrado,12,7,365,155,120.239077,61.204897,44.250484,152.929993,79.809339,0.000000
equilibrado,12,1,365,156,122.174535,62.095244,44.649326,151.063928,78.745286,0.000000
equilibrado,12,7,365,156,123.238703,62.059821,44.549706,151.801015,78.428765,0.000000
equilibrado,12,1,365,157,127.298791,57.168433,39.202555,152.797326,70.823179,0.000000
equilibrado,12,7,365,157,128.655833,54.326315,36.346409,154.266219,67.451533,0.000000
equilibrado,12,1,365,158,129.399980,64.830099,47.042553,156.769785,80.538500,0.000000
equilibrado,12,7,365,158,131.214929,64.884360,47.016531,158.216470,80.258372,0.000000
equilibrado,12,1,365,159,136.532485,69.282715,51.632908,166.448359,86.433593,0.000000
equilibrado,12,7,365,159,137.382564,68.747788,51.020008,166.740842,85.437358,0.000000
equilibrado,12,1,365,160,122.396269,54.356443,36.779926,150.236120,68.943771,0.000000
equilibrado,12,7,365,160,124.040699,54.417454,36.709981,151.104823,68.535833,0.000000
equilibrado,12,1,365,161,125.180009,56.457604,39.179812,156.147924,72.620440,0.000000
equilibrado,12,7,365,161,126.555113,56.350654,39.036910,157.499865,72.348228,0.000000
equilibrado,12,1,365,162,118.855462,53.850912,37.309401,154.890974,72.365529,0.000000
equilibrado,12,7,365,162,120.765041,52.854153,36.223854,156.496709,70.741868,0.000000
equilibrado,12,1,365,163,115.791691,51.159030,34.504602,150.004745,68.507747,0.000000
equilibrado,12,7,365,163,117.024955,50.899083,34.118907,150.454009,67.699018,0.000000
equilibrado,12,1,365,164,121.613736,48.217075,31.490029,156.680184,64.534214,0.000000
equilibrado,12,7,365,164,123.986465,47.427940,30.565507,158.409258,63.065424,0.000000
equilibrado,12,1,365,165,120.582905,48.049112,29.718716,142.144370,59.046893,0.000000
equilibrado,12,7,365,165,123.016385,47.850837,29.456118,144.439443,58.628047,0.000000
equilibrado,12,1,365,166,136.604414,60.223379,42.054977,161.894607,73.609367,0.000000
equilibrado,12,7,365,166,137.495426,59.703586,41.475607,162.405051,72.783013,0.000000
equilibrado,12,1,365,167,113.642481,52.212133,35.603485,147.689727,70.017101,0.000000
equilibrado,12,7,365,167,115.663981,50.949067,34.317907,150.047756,68.332879,0.000000
equilibrado,12,1,365,168,129.444918,66.525432,49.487607,163.547552,85.996034,0.000000
equilibrado,12,7,365,168,129.585481,64.386121,47.316712,163.425268,83.212382,0.000000
equilibrado,12,1,365,169,131.255932,58.839917,40.536737,154.595392,71.509484,0.000000
equilibrado,12,7,365,169,133.028293,57.307315,38.873137,155.544276,69.283823,0.000000
equilibrado,12,1,365,170,130.589921,64.516651,46.955653,160.163581,81.151063,0.000000
equilibrado,12,7,365,170,131.298984,63.431070,45.803481,160.418366,79.566345,0.000000
equilibrado,12,1,365,171,132.788879,64.644299,46.688375,159.300638,79.603476,0.000000
equilibrado,12,7,365,171,133.103362,62.219227,44.170084,158.864450,76.391458,0.000000
equilibrado,12,1,365,172,108.024573,43.667924,27.093947,140.872160,59.329292,0.000000
equilibrado,12,7,365,172,109.832216,42.354217,25.556821,141.311553,56.950978,0.000000
equilibrado,12,1,365,173,137.075591,52.091864,32.894483,153.946881,60.983250,0.000000
equilibrado,12,7,365,173,138.550348,52.090659,32.766207,154.563509,60.607237,0.000000
equilibrado,12,1,365,174,121.575894,54.725877,36.874071,147.015994,68.376871,0.000000
equilibrado,12,7,365,174,122.453697,54.055807,36.073843,147.005938,67.128363,0.000000
equilibrado,12,1,365,175,111.058592,56.729564,40.826453,150.652465,78.911183,0.000000
equilibrado,12,7,365,175,113.311514,54.814555,38.842753,152.983928,76.071120,0.000000
equilibrado,12,1,365,176,137.883343,68.272474,50.723425,168.997556,85.697986,0.000000
equilibrado,12,7,365,176,139.266317,68.278029,50.591724,169.359167,85.070557,0.000000
equilibrado,12,1,365,177,116.795267,67.167918,50.804865,153.892603,90.201901,0.000000
equilibrado,12,7,365,177,117.199395,66.353394,49.955334,154.090151,88.974764,0.000000
equilibrado,12,1,365,178,133.823142,65.340858,46.989861,157.140779,78.772941,0.000000
equilibrado,12,7,365,178,135.162821,64.843568,46.382006,157.747513,77.759464,0.000000
equilibrado,12,1,365,179,134.624747,70.463105,52.046651,157.510534,84.347997,0.000000
equilibrado,12,7,365,179,135.462320,70.629488,52.086488,157.411461,83.988095,0.000000
equilibrado,12,1,365,180,137.995649,61.093821,42.074100,156.363362,71.454735,0.000000
equilibrado,12,7,365,180,139.644971,60.945195,41.883180,157.842308,71.141332,0.000000
equilibrado,12,1,365,181,127.775358,53.946497,36.232157,155.475162,67.952506,0.000000
equilibrado,12,7,365,181,128.000480,53.072654,35.344181,155.621072,66.866426,0.000000
equilibrado,12,1,365,182,124.152510,61.779303,44.684988,156.518701,79.894550,0.000000
equilibrado,12,7,365,182,125.488224,60.111152,42.889829,157.022663,77.300651,0.000000
equilibrado,12,1,365,183,127.877603,62.956875,44.405916,148.759614,75.268249,0.000000
equilibrado,12,7,365,183,129.110976,61.627925,43.022744,149.729864,73.560539,0.000000
equilibrado,12,1,365,184,113.979348,46.195228,29.118721,144.167208,60.809030,0.000000
equilibrado,12,7,365,184,114.724735,44.664233,27.526658,144.581117,58.730549,0.000000
equilibrado,12,1,365,185,118.140937,44.686717,27.112699,145.172023,57.398207,0.000000
equilibrado,12,7,365,185,119.741785,44.356881,26.698758,146.403441,56.751615,0.000000
equilibrado,12,1,365,186,133.944207,70.602248,52.333298,157.967707,85.156673,0.000000
equilibrado,12,7,365,186,135.514223,69.272790,50.869902,158.638700,83.048930,0.000000
equilibrado,12,1,365,187,129.249938,62.748364,45.265822,159.254808,79.373230,0.000000
equilibrado,12,7,365,187,130.339388,62.906150,45.322073,159.659416,79.126442,0.000000
equilibrado,12,1,365,188,138.108682,57.455465,38.335238,155.686605,67.104102,0.000000
equilibrado,12,7,365,188,139.365118,57.447058,38.216455,156.188024,66.732729,0.000000
equilibrado,12,1,365,189,114.667900,59.399798,43.930799,159.667855,84.638427,0.000000
equilibrado,12,7,365,189,115.968233,56.352093,40.700310,159.594599,79.607613,0.000000
equilibrado,12,1,365,190,122.560438,59.497335,42.694332,157.173168,78.358377,0.000000
equilibrado,12,7,365,190,124.330969,56.698966,39.798565,158.490438,74.452664,0.000000
equilibrado,12,1,365,191,113.513968,48.883944,31.798533,143.522153,64.084174,0.000000
equilibrado,12,7,365,191,115.651106,48.120475,31.015282,145.984556,63.077380,0.000000
equilibrado,12,1,365,192,117.901038,55.470283,38.763229,152.196193,73.723599,0.000000
equilibrado,12,7,365,192,118.824674,55.091906,38.337686,152.936695,73.053052,0.000000
equilibrado,12,1,365,193,125.439886,55.538773,37.569409,150.596040,68.905705,0.000000
equilibrado,12,7,365,193,126.676899,54.834973,36.755086,151.136698,67.691462,0.000000
equilibrado,12,1,365,194,107.893181,48.326454,31.622886,139.645079,64.756811,0.000000
equilibrado,12,7,365,194,110.369293,47.981748,31.254303,142.560022,64.237335,0.000000
equilibrado,12,1,365,195,119.827881,56.900357,39.513134,148.726130,72.723309,0.000000
equilibrado,12,7,365,195,121.712003,56.668285,39.156364,149.954979,71.955650,0.000000
equilibrado,12,1,365,196,119.498631,43.597463,26.190647,148.166012,56.597024,0.000000
equilibrado,12,7,365,196,119.648852,43.134479,25.685705,148.000140,55.913336,0.000000
equilibrado,12,1,365,197,112.224366,51.088922,33.935807,141.392636,66.546503,0.000000
equilibrado,12,7,365,197,116.190745,50.513992,33.178555,144.752474,65.192217,0.000000
equilibrado,12,1,365,198,137.511306,60.526895,41.862788,158.721435,72.102095,0.000000
equilibrado,12,7,365,198,139.542332,60.917983,42.056959,159.367438,71.826521,0.000000
equilibrado,12,1,365,199,116.929140,50.988138,33.231714,142.288652,64.302170,0.000000
equilibrado,12,7,365,199,120.104748,52.046175,33.979644,143.606198,64.496931,0.000000
equilibrado,12,1,365,200,104.574929,47.096724,31.090104,141.197829,65.788885,0.000000
equilibrado,12,7,365,200,105.279538,46.943732,30.851936,141.391146,65.262171,0.000000
equilibrado,12,1,365,201,122.655847,59.530984,42.704545,157.078901,78.296806,0.000000
equilibrado,12,7,365,201,123.227465,59.434444,42.577408,157.513154,78.041684,0.000000
equilibrado,12,1,365,202,108.305147,49.913385,33.343167,141.258791,67.256927,0.000000
equilibrado,12,7,365,202,108.575295,47.731184,31.136186,141.395690,64.401024,0.000000
equilibrado,12,1,365,203,122.653025,56.356800,38.441805,147.774169,70.061576,0.000000
equilibrado,12,7,365,203,124.791119,55.773765,37.694697,148.952909,68.784814,0.000000
equilibrado,12,1,365,204,114.052253,52.484558,36.450113,153.372012,72.738002,0.000000
equilibrado,12,7,365,204,115.135455,50.458836,34.399401,154.556016,69.982119,0.000000
equilibrado,12,1,365,205,118.542184,62.303667,46.093746,157.571746,84.714583,0.000000
equilibrado,12,7,365,205,119.441327,61.417688,45.151487,158.201209,83.291499,0.000000
equilibrado,12,1,365,206,133.157598,67.480036,49.272763,157.582009,81.830478,0.000000
equilibrado,12,7,365,206,134.996975,67.256196,48.951798,158.877340,81.160697,0.000000
equilibrado,12,1,365,207,135.270346,69.548517,51.792408,163.983095,86.254443,0.000000
equilibrado,12,7,365,207,136.461830,69.753139,51.900388,164.518591,86.049871,0.000000
equilibrado,12,1,365,208,108.697982,43.629604,27.093364,142.039701,59.406893,0.000000
equilibrado,12,7,365,208,111.254022,43.598250,26.996091,144.724737,59.147240,0.000000
equilibrado,12,1,365,209,113.506571,59.198067,42.466422,146.462860,78.299892,0.000000
equilibrado,12,7,365,209,115.804192,58.297964,41.421524,148.099587,76.542387,0.000000
equilibrado,12,1,365,210,108.639880,46.406161,30.135592,144.218666,63.895224,0.000000
equilibrado,12,7,365,210,110.371324,45.621694,29.342557,146.378420,62.851742,0.000000
equilibrado,12,1,365,211,119.129165,59.263704,42.885489,156.746344,79.987388,0.000000
equilibrado,12,7,365,211,122.906165,58.648818,42.219951,161.103315,78.967140,0.000000
equilibrado,12,1,365,212,119.654784,57.439358,40.779491,154.826562,76.403130,0.000000
equilibrado,12,7,365,212,120.859867,57.443073,40.712709,155.703645,76.102707,0.000000
equilibrado,12,1,365,213,129.936207,57.637848,40.598742,164.141051,75.036286,0.000000
equilibrado,12,7,365,213,131.992584,57.338219,40.229330,166.011938,74.378772,0.000000
equilibrado,12,1,365,214,131.517489,60.824327,42.404261,153.937968,73.343447,0.000000
equilibrado,12,7,365,214,132.047153,59.166839,40.669052,153.909295,71.170393,0.000000
equilibrado,12,1,365,215,134.396287,70.247626,52.004401,158.705214,84.862903,0.000000
equilibrado,12,7,365,215,136.429617,70.354997,51.959606,159.746728,84.316582,0.000000
equilibrado,12,1,365,216,131.350976,63.206569,45.531478,160.059762,79.096527,0.000000
equilibrado,12,7,365,216,131.448674,62.645864,44.957018,160.054395,78.372469,0.000000
equilibrado,12,1,365,217,117.421220,58.737383,42.823205,158.946465,81.508561,0.000000
equilibrado,12,7,365,217,119.145245,59.585192,43.592033,160.445024,82.239017,0.000000
equilibrado,12,1,365,218,126.776622,60.522154,43.520659,160.592644,78.756086,0.000000
equilibrado,12,7,365,218,126.665710,60.423895,43.382353,160.087983,78.459329,0.000000
equilibrado,12,1,365,219,116.842837,52.905313,36.353239,152.241216,71.122198,0.000000
equilibrado,12,7,365,219,118.106579,52.792054,36.168664,153.201707,70.691158,0.000000
equilibrado,12,1,365,220,127.773790,68.135979,50.793948,158.725222,86.507957,0.000000
equilibrado,12,7,365,220,128.182452,67.031023,49.672150,159.069485,85.091180,0.000000
equilibrado,12,1,365,221,119.399066,54.766486,39.291922,166.032377,78.321720,0.000000
equilibrado,12,7,365,221,120.000214,53.761342,38.255383,166.518455,76.809955,0.000000
equilibrado,12,1,365,222,117.630241,60.337823,43.870295,154.006428,80.945020,0.000000
equilibrado,12,7,365,222,118.706240,59.816501,43.297460,154.906523,80.042339,0.000000
equilibrado,12,1,365,223,112.480233,56.741500,40.774486,151.935293,78.627072,0.000000
equilibrado,12,7,365,223,115.174641,53.884356,37.861524,154.951309,74.622439,0.000000
equilibrado,12,1,365,224,118.014959,55.077097,39.069280,158.818995,76.253389,0.000000
equilibrado,12,7,365,224,118.795602,54.235019,38.208344,159.659714,75.064983,0.000000
equilibrado,12,1,365,225,125.766985,55.024670,37.509200,154.787086,69.971285,0.000000
equilibrado,12,7,365,225,126.552978,54.782490,37.224369,155.360874,69.521378,0.000000
equilibrado,12,1,365,226,114.489094,52.791817,35.853322,145.941239,69.450216,0.000000
equilibrado,12,7,365,226,115.343715,52.624858,35.602216,146.293894,68.920710,0.000000
equilibrado,12,1,365,227,113.266767,47.798917,30.883900,144.620734,63.342374,0.000000
equilibrado,12,7,365,227,114.762600,48.478306,31.425340,145.325245,63.698965,0.000000
equilibrado,12,1,365,228,132.879487,63.229681,45.311053,159.730072,78.102956,0.000000
equilibrado,12,7,365,228,133.536939,62.990725,44.947903,159.423343,77.314763,0.000000
equilibrado,12,1,365,229,113.971644,51.066476,33.860588,143.103807,66.327268,0.000000
equilibrado,12,7,365,229,115.467728,49.762205,32.502326,144.488951,64.545401,0.000000
equilibrado,12,1,365,230,127.258323,55.412908,37.341358,151.880220,68.392433,0.000000
equilibrado,12,7,365,230,128.645918,53.636690,35.507159,153.014571,66.129047,0.000000
equilibrado,12,1,365,231,113.237742,58.060328,42.615458,157.966500,82.943163,0.000000
equilibrado,12,7,365,231,113.737172,57.226608,41.707629,157.907072,81.438005,0.000000
equilibrado,12,1,365,232,120.676068,53.785978,36.654640,151.927583,69.932126,0.000000
equilibrado,12,7,365,232,122.867182,52.696546,35.420581,153.352631,68.055899,0.000000
equilibrado,12,1,365,233,129.446511,57.961535,39.581621,151.899317,70.224044,0.000000
equilibrado,12,7,365,233,130.357524,57.152932,38.719825,152.510395,69.111734,0.000000
equilibrado,12,1,365,234,119.809209,47.200953,29.860308,149.092261,61.161658,0.000000
equilibrado,12,7,365,234,120.394580,46.949026,29.533558,149.174748,60.612291,0.000000
equilibrado,12,1,365,235,116.971880,50.130321,33.383535,150.679457,66.862016,0.000000
equilibrado,12,7,365,235,118.901106,50.080011,33.174906,151.702320,66.210807,0.000000
equilibrado,12,1,365,236,110.382392,53.622306,37.705671,149.635697,74.747896,0.000000
equilibrado,12,7,365,236,112.305080,52.912973,36.850997,150.831665,73.180307,0.000000
equilibrado,12,1,365,237,131.394732,60.912820,43.042282,158.404382,75.579782,0.000000
equilibrado,12,7,365,237,133.146393,60.442679,42.440723,159.320580,74.508797,0.000000
equilibrado,12,1,365,238,117.827417,62.170025,45.590819,153.245733,82.747470,0.000000
equilibrado,12,7,365,238,122.215248,60.056195,43.272848,156.920643,79.144731,0.000000
equilibrado,12,1,365,239,116.384777,58.878369,42.537177,153.565608,79.664355,0.000000
equilibrado,12,7,365,239,117.758653,58.734443,42.311582,154.578618,79.104046,0.000000
equilibrado,12,1,365,240,135.265371,70.076542,51.625081,157.948394,83.755602,0.000000
equilibrado,12,7,365,240,135.839260,70.080075,51.572733,158.134746,83.518797,0.000000
equilibrado,12,1,365,241,121.145050,60.615007,43.306639,150.983589,77.543338,0.000000
equilibrado,12,7,365,241,123.331711,59.860019,42.370484,152.086609,75.875004,0.000000
equilibrado,12,1,365,242,138.497646,61.787650,42.741973,156.709225,72.127830,0.000000
equilibrado,12,7,365,242,139.943171,61.649311,42.504472,157.503855,71.623213,0.000000
equilibrado,12,1,365,243,125.721564,64.224971,46.537091,153.263385,80.251331,0.000000
equilibrado,12,7,365,243,126.183936,63.877323,46.115061,153.184977,79.521000,0.000000
equilibrado,12,1,365,244,113.352382,62.046062,46.272122,154.907130,86.602527,0.000000
equilibrado,12,7,365,244,114.284839,59.625410,43.845086,156.086967,83.347775,0.000000
equilibrado,12,1,365,245,103.751304,45.248909,30.384899,150.580726,67.928044,0.000000
equilibrado,12,7,365,245,105.622087,43.213790,28.221029,151.942319,64.528517,0.000000
equilibrado,12,1,365,246,125.010468,60.762136,44.760556,168.060038,83.742428,0.000000
equilibrado,12,7,365,246,126.115048,60.386603,44.326286,168.904342,82.959753,0.000000
equilibrado,12,1,365,247,123.143135,60.454537,43.292833,154.684678,77.975479,0.000000
equilibrado,12,7,365,247,123.657306,58.740039,41.571825,155.256469,75.850270,0.000000
equilibrado,12,1,365,248,111.984793,51.488729,36.137372,157.190409,74.434380,0.000000
equilibrado,12,7,365,248,114.999567,51.991645,36.389128,158.782136,73.977462,0.000000
equilibrado,12,1,365,249,126.153121,55.742663,37.991699,153.243474,69.945484,0.000000
equilibrado,12,7,365,249,128.166887,55.221593,37.285010,154.056710,68.652976,0.000000
equilibrado,12,1,365,250,124.767525,58.978477,42.298786,161.084326,78.254854,0.000000
equilibrado,12,7,365,250,125.267366,56.985685,40.305994,161.713634,75.745897,0.000000
equilibrado,12,1,365,251,125.621364,57.591022,40.397671,157.434234,74.341812,0.000000
equilibrado,12,7,365,251,125.618103,56.396386,39.181279,157.236350,72.795629,0.000000
equilibrado,12,1,365,252,101.284820,49.716256,34.071193,139.952231,70.732961,0.000000
equilibrado,12,7,365,252,103.359808,49.343955,33.562350,141.537086,69.660182,0.000000
equilibrado,12,1,365,253,125.334773,52.033636,34.431268,153.527054,66.077237,0.000000
equilibrado,12,7,365,253,125.878953,52.017841,34.383931,153.907650,65.947387,0.000000
equilibrado,12,1,365,254,127.049483,70.022049,52.800495,158.924413,89.385037,0.000000
equilibrado,12,7,365,254,127.935647,70.294398,52.989474,159.253417,89.304180,0.000000
equilibrado,12,1,365,255,140.059826,63.055889,45.101834,167.821284,77.753460,0.000000
equilibrado,12,7,365,255,142.542959,62.101111,43.956565,168.975312,75.874122,0.000000
equilibrado,12,1,365,256,113.655565,46.103286,28.767471,141.678377,59.847908,0.000000
equilibrado,12,7,365,256,115.052438,43.823388,26.471340,143.240117,57.036457,0.000000
equilibrado,12,1,365,257,125.209162,58.765974,40.552905,148.368442,71.758238,0.000000
equilibrado,12,7,365,257,126.012189,57.936986,39.667742,148.847590,70.596993,0.000000
equilibrado,12,1,365,258,113.554761,43.716188,26.564837,143.035694,57.525809,0.000000
equilibrado,12,7,365,258,114.323199,42.414194,25.156709,143.115704,55.612275,0.000000
equilibrado,12,1,365,259,120.374765,54.878347,37.182844,146.853812,69.126450,0.000000
equilibrado,12,7,365,259,121.516358,54.266636,36.401054,146.835734,67.787419,0.000000
equilibrado,12,1,365,260,124.644971,52.576517,34.215503,146.559904,64.133217,0.000000
equilibrado,12,7,365,260,125.964759,52.603324,34.161376,147.437122,63.899844,0.000000
equilibrado,12,1,365,261,127.669099,55.233521,37.287740,153.397292,68.633796,0.000000
equilibrado,12,7,365,261,129.695252,55.026470,36.886712,154.145349,67.702937,0.000000
equilibrado,12,1,365,262,119.224380,60.363281,42.907682,147.433175,76.620189,0.000000
equilibrado,12,7,365,262,119.766555,59.790508,42.305572,147.843687,75.810424,0.000000
equilibrado,12,1,365,263,120.994154,60.864474,45.264792,166.880066,85.934616,0.000000
equilibrado,12,7,365,263,122.156158,56.878943,41.195576,167.566874,80.160802,0.000000
equilibrado,12,1,365,264,118.370897,57.760498,40.801549,150.576821,75.523916,0.000000
equilibrado,12,7,365,264,118.645552,57.360785,40.375880,150.692407,74.920414,0.000000
equilibrado,12,1,365,265,126.683243,64.111542,46.550985,155.495656,80.668546,0.000000
equilibrado,12,7,365,265,127.827411,61.662084,44.098944,156.841441,77.728488,0.000000
equilibrado,12,1,365,266,131.451163,54.611428,36.215281,154.057206,66.341315,0.000000
equilibrado,12,7,365,266,131.678869,53.893497,35.436366,153.820481,65.318491,0.000000
equilibrado,12,1,365,267,122.981150,55.883284,37.886662,147.504939,69.209402,0.000000
equilibrado,12,7,365,267,124.409320,54.947227,36.811879,148.060964,67.626668,0.000000
equilibrado,12,1,365,268,122.900753,57.186214,40.904536,162.516574,77.758398,0.000000
equilibrado,12,7,365,268,124.546052,56.777966,40.416845,163.858673,76.876258,0.000000
equilibrado,12,1,365,269,123.098524,54.596330,37.814705,158.041638,72.320138,0.000000
equilibrado,12,7,365,269,125.903723,54.789394,37.783993,159.478732,71.659520,0.000000
equilibrado,12,1,365,270,115.542486,51.068406,35.004582,155.046986,70.760973,0.000000
equilibrado,12,7,365,270,116.240423,50.193424,34.115509,155.826209,69.559614,0.000000
equilibrado,12,1,365,271,125.156333,62.626897,45.752452,159.755226,81.938257,0.000000
equilibrado,12,7,365,271,127.213109,61.850904,44.913816,161.729315,80.687857,0.000000
equilibrado,12,1,365,272,127.629076,55.595952,39.071010,166.191831,74.651685,0.000000
equilibrado,12,7,365,272,129.161674,55.847216,39.198605,166.920207,74.443807,0.000000
equilibrado,12,1,365,273,137.562273,67.034588,48.344840,158.566436,79.320777,0.000000
equilibrado,12,7,365,273,138.224256,66.447261,47.691279,158.761792,78.397197,0.000000
equilibrado,12,1,365,274,131.820514,61.395813,43.364751,157.525666,75.505054,0.000000
equilibrado,12,7,365,274,132.724093,61.112708,43.041725,158.236543,75.018099,0.000000
equilibrado,12,1,365,275,124.820474,63.443942,45.936473,153.720668,80.100251,0.000000
equilibrado,12,7,365,275,125.717716,61.579539,43.971795,153.938120,77.443271,0.000000
equilibrado,12,1,365,276,123.461822,63.944790,46.280913,150.779683,80.021849,0.000000
equilibrado,12,7,365,276,124.812947,60.131945,42.467144,152.378229,75.485144,0.000000
equilibrado,12,1,365,277,124.130200,57.184297,40.731889,162.440892,76.990545,0.000000
equilibrado,12,7,365,277,124.855235,56.339211,39.820317,162.724908,75.622436,0.000000
equilibrado,12,1,365,278,126.941684,50.415198,32.720346,154.652595,63.832044,0.000000
equilibrado,12,7,365,278,128.889003,50.316914,32.458934,155.566362,63.169917,0.000000
equilibrado,12,1,365,279,121.308821,61.427314,44.905816,158.192147,82.078489,0.000000
equilibrado,12,7,365,279,121.021295,60.802471,44.266147,157.688764,81.214977,0.000000
equilibrado,12,1,365,280,125.757865,55.524472,38.044975,155.086451,70.707520,0.000000
equilibrado,12,7,365,280,126.863163,55.505687,37.929401,155.575050,70.317732,0.000000
equilibrado,12,1,365,281,120.693233,47.757149,29.759309,144.825671,59.723360,0.000000
equilibrado,12,7,365,281,122.678141,48.001432,29.812009,145.634012,59.418474,0.000000
equilibrado,12,1,365,282,136.793371,73.471446,55.345380,162.482309,89.120531,0.000000
equilibrado,12,7,365,282,137.162720,70.573036,52.446970,162.910219,85.762570,0.000000
equilibrado,12,1,365,283,137.405017,65.438086,47.897080,168.500563,82.342132,0.000000
equilibrado,12,7,365,283,140.983911,64.574808,46.885101,171.366375,80.658758,0.000000
equilibrado,12,1,365,284,116.367351,51.618694,34.649077,148.005275,67.878435,0.000000
equilibrado,12,7,365,284,117.135595,51.651398,34.635896,148.565085,67.746539,0.000000
equilibrado,12,1,365,285,122.136845,56.668746,38.696022,146.709238,70.213873,0.000000
equilibrado,12,7,365,285,124.863288,55.824671,37.623110,148.060669,68.407557,0.000000
equilibrado,12,1,365,286,107.768178,51.839965,35.780404,144.921146,71.787610,0.000000
equilibrado,12,7,365,286,108.823151,50.943429,34.851087,146.010788,70.479572,0.000000
equilibrado,12,1,365,287,126.941985,61.919908,44.238664,154.768899,77.542228,0.000000
equilibrado,12,7,365,287,127.379272,60.787415,43.074692,155.019395,76.068858,0.000000
equilibrado,12,1,365,288,108.763962,50.720927,34.412516,144.053081,69.312277,0.000000
equilibrado,12,7,365,288,111.338294,49.746907,33.203275,145.329557,67.147260,0.000000
equilibrado,12,1,365,289,127.648617,57.821875,39.811183,152.834979,71.418807,0.000000
equilibrado,12,7,365,289,129.279570,57.006017,38.920418,154.112306,70.192243,0.000000
equilibrado,12,1,365,290,110.882684,44.687458,28.035697,143.837244,60.356599,0.000000
equilibrado,12,7,365,290,113.491779,44.475460,27.685582,145.950249,59.627840,0.000000
equilibrado,12,1,365,291,130.669469,62.418664,44.499217,157.133010,77.149129,0.000000
equilibrado,12,7,365,291,130.809605,61.266973,43.297084,156.866927,75.597906,0.000000
equilibrado,12,1,365,292,105.247029,53.830227,38.872599,151.763242,79.575805,0.000000
equilibrado,12,7,365,292,106.554772,51.955288,36.936193,152.987020,76.644926,0.000000
equilibrado,12,1,365,293,107.579513,48.103569,31.735539,142.023316,65.716342,0.000000
equilibrado,12,7,365,293,108.366001,47.631514,31.257835,142.984404,65.089618,0.000000
equilibrado,12,1,365,294,118.860605,48.609994,31.288564,148.103155,62.933348,0.000000
equilibrado,12,7,365,294,119.330866,46.544942,29.120003,147.813886,60.094530,0.000000
equilibrado,12,1,365,295,117.515070,57.369418,40.669147,151.771043,76.140013,0.000000
equilibrado,12,7,365,295,119.621152,55.770578,39.032087,154.075905,73.969398,0.000000
equilibrado,12,1,365,296,101.100321,38.161920,22.119894,136.346547,53.956304,0.000000
equilibrado,12,7,365,296,101.941994,36.219909,20.137080,137.109783,51.293800,0.000000
equilibrado,12,1,365,297,119.078915,65.379958,48.830320,155.100418,86.961278,0.000000
equilibrado,12,7,365,297,121.755960,65.283213,48.504339,156.386576,85.706763,0.000000
equilibrado,12,1,365,298,134.116217,64.557797,45.525875,151.985083,75.233675,0.000000
equilibrado,12,7,365,298,134.986117,63.458905,44.381854,152.592592,73.855504,0.000000
equilibrado,12,1,365,299,121.018178,56.444519,38.603360,146.444879,70.438223,0.000000
equilibrado,12,7,365,299,120.644427,55.585546,37.734937,145.929778,69.392529,0.000000
equilibrado,12,1,365,300,132.892930,55.228125,37.500282,161.421945,69.421982,0.000000
equilibrado,12,7,365,300,134.081800,54.087372,36.342015,162.673494,68.007437,0.000000
retail_pesado,8,1,365,1,140.846597,68.400091,55.152472,227.268690,112.427175,0.000000
retail_pesado,8,7,365,1,142.148982,67.506192,54.131754,227.196565,109.995484,0.000000
retail_pesado,8,1,365,2,119.316789,63.228041,52.069922,228.558689,122.997553,0.000000
retail_pesado,8,7,365,2,119.442731,62.983261,51.813214,228.555667,122.410287,0.000000
retail_pesado,8,1,365,3,122.190728,64.847627,53.504582,230.218382,124.055960,0.000000
retail_pesado,8,7,365,3,123.922860,63.410359,51.898600,230.062764,119.674549,0.000000
retail_pesado,8,1,365,4,119.985269,56.694449,45.489689,228.876807,110.256933,0.000000
retail_pesado,8,7,365,4,120.704336,54.721368,43.445376,228.795393,105.911097,0.000000
retail_pesado,8,1,365,5,119.855820,56.349915,45.229344,230.334801,110.410742,0.000000
retail_pesado,8,7,365,5,120.034643,52.795243,41.656969,230.312219,103.539668,0.000000
retail_pesado,8,1,365,6,133.086884,65.197801,52.721743,228.015035,113.742502,0.000000
retail_pesado,8,7,365,6,133.468641,63.720719,51.206357,227.969984,110.927952,0.000000
retail_pesado,8,1,365,7,129.911275,59.445713,47.279258,228.234321,106.606714,0.000000
retail_pesado,8,7,365,7,131.454860,58.258313,45.942275,228.142866,103.335887,0.000000
retail_pesado,8,1,365,8,133.499552,63.558654,51.074175,228.558077,110.911287,0.000000
retail_pesado,8,7,365,8,134.678072,62.158593,49.558803,228.467194,107.599382,0.000000
retail_pesado,8,1,365,9,132.345066,67.780321,55.373584,228.011066,118.726921,0.000000
retail_pesado,8,7,365,9,132.822600,66.162834,53.709246,227.973573,115.567808,0.000000
retail_pesado,8,1,365,10,119.001447,59.394403,48.368080,230.642226,117.118621,0.000000
retail_pesado,8,7,365,10,119.842068,58.658443,47.551144,230.579246,114.902506,0.000000
retail_pesado,8,1,365,11,105.708146,44.909376,35.087067,230.002976,100.015803,0.000000
retail_pesado,8,7,365,11,106.045825,44.311535,34.456256,229.966441,98.420689,0.000000
retail_pesado,8,1,365,12,107.560806,54.171994,44.238889,231.398877,118.527317,0.000000
retail_pesado,8,7,365,12,109.107936,53.928438,43.844889,231.228197,116.311368,0.000000
retail_pesado,8,1,365,13,118.853081,57.620297,46.523939,228.930982,113.047151,0.000000
retail_pesado,8,7,365,13,119.038655,56.781641,45.666782,228.907195,111.281114,0.000000
retail_pesado,8,1,365,14,130.053312,69.202458,57.082791,229.346088,123.908544,0.000000
retail_pesado,8,7,365,14,131.342730,67.605738,55.360785,229.251769,119.943319,0.000000
retail_pesado,8,1,365,15,124.882814,62.925839,51.299756,229.573746,117.661894,0.000000
retail_pesado,8,7,365,15,125.474533,60.913736,49.229168,229.508140,113.476744,0.000000
retail_pesado,8,1,365,16,104.439487,47.315695,37.671256,231.408689,107.026167,0.000000
retail_pesado,8,7,365,16,105.327184,46.353187,36.622039,231.298040,104.031047,0.000000
retail_pesado,8,1,365,17,122.950590,64.124268,52.684518,229.700945,121.713204,0.000000
retail_pesado,8,7,365,17,123.337820,62.275396,50.798035,229.669840,117.944601,0.000000
retail_pesado,8,1,365,18,122.101297,53.897652,42.491838,228.808789,103.234539,0.000000
retail_pesado,8,7,365,18,122.568512,52.063248,40.611990,228.773449,99.476689,0.000000
retail_pesado,8,1,365,19,145.510283,67.324959,53.642913,227.337646,107.334263,0.000000
retail_pesado,8,7,365,19,147.207000,67.010248,53.163268,227.250629,105.626145,0.000000
retail_pesado,8,1,365,20,113.149072,55.293850,44.740846,229.161529,114.032257,0.000000
retail_pesado,8,7,365,20,113.260327,54.226834,43.663771,229.168293,111.806184,0.000000
retail_pesado,8,1,365,21,124.699294,65.096903,53.425082,228.359607,121.122680,0.000000
retail_pesado,8,7,365,21,125.241851,63.880344,52.155519,228.317111,118.414263,0.000000
retail_pesado,8,1,365,22,100.990796,47.595148,38.232298,230.512944,110.751480,0.000000
retail_pesado,8,7,365,22,101.374724,46.263110,36.863342,230.481037,107.356306,0.000000
retail_pesado,8,1,365,23,116.195874,57.928349,47.155874,230.513717,116.926262,0.000000
retail_pesado,8,7,365,23,116.234764,56.625704,45.849218,230.505193,114.345782,0.000000
retail_pesado,8,1,365,24,116.258483,63.245962,52.460635,230.365704,127.145565,0.000000
retail_pesado,8,7,365,24,116.951967,62.603297,51.749363,230.276602,125.123754,0.000000
retail_pesado,8,1,365,25,135.100100,61.712028,49.031703,227.740488,106.201843,0.000000
retail_pesado,8,7,365,25,136.159161,61.147227,48.363666,227.673387,104.448675,0.000000
retail_pesado,8,1,365,26,130.533366,66.142856,53.986754,229.499974,118.263600,0.000000
retail_pesado,8,7,365,26,130.746052,65.572784,53.396123,229.486042,117.087525,0.000000
retail_pesado,8,1,365,27,134.822700,71.103025,58.524466,229.087524,122.707041,0.000000
retail_pesado,8,7,365,27,136.229406,69.731187,57.015876,228.989977,119.164696,0.000000
retail_pesado,8,1,365,28,117.854706,52.204060,41.208523,229.086672,103.702748,0.000000
retail_pesado,8,7,365,28,117.978957,50.569145,39.560672,229.059197,100.466788,0.000000
retail_pesado,8,1,365,29,112.157449,55.015301,44.684246,231.983147,115.829945,0.000000
retail_pesado,8,7,365,29,113.508434,54.159847,43.697080,231.824735,112.705162,0.000000
retail_pesado,8,1,365,30,124.610388,69.108351,57.524793,229.907976,129.287530,0.000000
retail_pesado,8,7,365,30,125.003090,66.992592,55.370898,229.876270,125.053301,0.000000
retail_pesado,8,1,365,31,104.427538,49.284260,39.628439,231.114639,111.186064,0.000000
retail_pesado,8,7,365,31,105.250972,47.909306,38.173265,231.019423,107.337220,0.000000
retail_pesado,8,1,365,32,118.451062,59.743581,48.744747,230.157818,118.068019,0.000000
retail_pesado,8,7,365,32,118.776660,58.680642,47.650224,230.130130,115.717750,0.000000
retail_pesado,8,1,365,33,120.072685,61.135714,49.958002,229.585199,118.858030,0.000000
retail_pesado,8,7,365,33,121.128204,60.282165,49.001133,229.484006,116.217168,0.000000
retail_pesado,8,1,365,34,117.469541,64.310808,53.346876,228.997780,127.179071,0.000000
retail_pesado,8,7,365,34,118.347701,61.386775,50.336680,228.912249,120.661646,0.000000
retail_pesado,8,1,365,35,132.621473,76.723106,64.288796,227.981140,133.575765,0.000000
retail_pesado,8,7,365,35,133.805373,74.507659,61.958122,227.905697,128.678770,0.000000
retail_pesado,8,1,365,36,125.051952,61.532232,49.897875,229.718619,115.065602,0.000000
retail_pesado,8,7,365,36,125.201999,59.867621,48.219047,229.713635,111.929093,0.000000
retail_pesado,8,1,365,37,107.220448,53.855697,43.925385,230.743068,117.890645,0.000000
retail_pesado,8,7,365,37,107.458234,50.830521,40.876164,230.697005,111.233539,0.000000
retail_pesado,8,1,365,38,127.001043,61.608607,49.745350,228.813633,113.057802,0.000000
retail_pesado,8,7,365,38,127.327512,60.681189,48.786663,228.799017,111.133733,0.000000
retail_pesado,8,1,365,39,114.148505,55.313568,44.714070,230.153975,113.588673,0.000000
retail_pesado,8,7,365,39,114.371736,54.585071,43.964216,230.140594,111.927891,0.000000
retail_pesado,8,1,365,40,130.997733,60.331251,48.081615,228.574215,107.428074,0.000000
retail_pesado,8,7,365,40,134.428312,60.461679,47.878038,228.338453,104.900467,0.000000
retail_pesado,8,1,365,41,115.758080,54.509623,43.717345,229.246207,110.066771,0.000000
retail_pesado,8,7,365,41,117.260623,53.867827,42.928801,229.108989,107.411800,0.000000
retail_pesado,8,1,365,42,117.977186,62.720275,51.759073,230.026389,124.162531,0.000000
retail_pesado,8,7,365,42,118.661360,61.380460,50.352436,229.959661,120.883103,0.000000
retail_pesado,8,1,365,43,137.743777,64.743781,51.833590,228.057051,109.313655,0.000000
retail_pesado,8,7,365,43,138.237079,63.812023,50.853847,228.026797,107.413665,0.000000
retail_pesado,8,1,365,44,115.551048,63.679100,52.967819,230.543586,128.846048,0.000000
retail_pesado,8,7,365,44,117.231308,62.844426,51.970122,230.392187,125.362521,0.000000
retail_pesado,8,1,365,45,126.847367,61.278250,49.438618,228.989654,112.689463,0.000000
retail_pesado,8,7,365,45,128.315960,61.092670,49.109797,228.873881,111.064980,0.000000
retail_pesado,8,1,365,46,119.387445,52.069336,40.920940,228.887629,102.081916,0.000000
retail_pesado,8,7,365,46,119.738673,50.725574,39.542675,228.853335,99.255894,0.000000
retail_pesado,8,1,365,47,140.163911,66.250774,53.099167,227.808553,109.786787,0.000000
retail_pesado,8,7,365,47,141.388556,65.360572,52.088740,227.718902,107.419935,0.000000
retail_pesado,8,1,365,48,107.129488,56.399855,46.513055,231.547766,123.795783,0.000000
retail_pesado,8,7,365,48,107.129488,55.899572,46.012772,231.547766,122.733160,0.000000
retail_pesado,8,1,365,49,132.758762,57.547206,45.119889,228.339172,101.244748,0.000000
retail_pesado,8,7,365,49,133.735670,57.427598,44.905676,228.282588,100.309460,0.000000
retail_pesado,8,1,365,50,123.764135,63.685319,52.118960,228.707433,119.627717,0.000000
retail_pesado,8,7,365,50,127.046653,62.445367,50.558779,228.452948,114.322046,0.000000
retail_pesado,8,1,365,51,142.110476,81.473336,68.127122,227.607983,132.196660,0.000000
retail_pesado,8,7,365,51,143.743053,80.277721,66.771844,227.503006,128.822116,0.000000
retail_pesado,8,1,365,52,122.649312,59.784631,48.373315,229.708897,114.020374,0.000000
retail_pesado,8,7,365,52,122.736440,58.646622,47.227494,229.714717,111.852286,0.000000
retail_pesado,8,1,365,53,136.280069,73.623014,60.853670,228.121259,125.077739,0.000000
retail_pesado,8,7,365,53,136.579952,73.135578,60.337359,228.107666,124.004755,0.000000
retail_pesado,8,1,365,54,117.520917,62.771299,51.815074,229.254525,124.314915,0.000000
retail_pesado,8,7,365,54,118.777184,61.512371,50.433842,229.149103,120.600299,0.000000
retail_pesado,8,1,365,55,124.186720,67.016038,55.406482,228.635733,125.222275,0.000000
retail_pesado,8,7,365,55,124.727469,65.309920,53.647339,228.588095,121.599038,0.000000
retail_pesado,8,1,365,56,122.342820,58.341193,46.888612,228.333643,110.977200,0.000000
retail_pesado,8,7,365,56,123.437728,57.784489,46.225354,228.254868,108.979677,0.000000
retail_pesado,8,1,365,57,114.225694,64.873809,54.254676,229.888458,132.292016,0.000000
retail_pesado,8,7,365,57,115.604154,62.624597,51.870623,229.747917,126.291214,0.000000
retail_pesado,8,1,365,58,127.408876,66.522073,54.680446,229.947532,121.970574,0.000000
retail_pesado,8,7,365,58,128.806288,65.652230,53.674334,229.826977,119.103422,0.000000
retail_pesado,8,1,365,59,121.077216,63.032977,51.793063,230.213611,121.767139,0.000000
retail_pesado,8,7,365,59,121.223244,62.112119,50.858156,230.203705,119.901794,0.000000
retail_pesado,8,1,365,60,113.790787,59.827376,49.232078,229.534622,122.578533,0.000000
retail_pesado,8,7,365,60,113.889440,58.791631,48.187093,229.533469,120.424143,0.000000
retail_pesado,8,1,365,61,143.506558,76.649873,63.212666,228.275604,123.790320,0.000000
retail_pesado,8,7,365,61,147.522596,74.901698,61.072673,228.019735,117.741616,0.000000
retail_pesado,8,1,365,62,110.357794,49.689658,39.391384,229.039038,105.325991,0.000000
retail_pesado,8,7,365,62,110.631687,48.309206,37.984556,229.021229,102.259343,0.000000
retail_pesado,8,1,365,63,106.037367,55.752722,45.926927,230.626416,123.156482,0.000000
retail_pesado,8,7,365,63,106.828856,55.256776,45.353470,230.531017,121.172215,0.000000
retail_pesado,8,1,365,64,116.596074,57.810344,46.947149,229.395710,115.755079,0.000000
retail_pesado,8,7,365,64,117.121014,57.050006,46.135739,229.351029,113.769179,0.000000
retail_pesado,8,1,365,65,106.892764,51.075109,41.192404,231.139032,112.530740,0.000000
retail_pesado,8,7,365,65,107.256213,49.963218,40.045443,231.105422,109.792638,0.000000
retail_pesado,8,1,365,66,115.781599,64.849874,54.146048,231.153691,131.229960,0.000000
retail_pesado,8,7,365,66,116.517050,62.145987,51.369627,231.057935,125.104502,0.000000
retail_pesado,8,1,365,67,124.896613,66.207779,54.537680,228.747783,123.138952,0.000000
retail_pesado,8,7,365,67,125.548216,64.872240,53.138700,228.698815,120.104521,0.000000
retail_pesado,8,1,365,68,130.653291,65.229494,52.955183,227.533452,115.600510,0.000000
retail_pesado,8,7,365,68,132.099133,63.663122,51.248132,227.446156,111.686399,0.000000
retail_pesado,8,1,365,69,108.981881,56.600571,46.478277,230.096920,121.425159,0.000000
retail_pesado,8,7,365,69,109.496691,55.723943,45.551165,230.037618,119.032767,0.000000
retail_pesado,8,1,365,70,118.624790,58.533297,47.504937,229.883140,115.458025,0.000000
retail_pesado,8,7,365,70,119.482644,57.278136,46.166847,229.818582,112.253943,0.000000
retail_pesado,8,1,365,71,116.575083,59.232288,48.418842,230.391915,119.030680,0.000000
retail_pesado,8,7,365,71,117.195825,57.592485,46.718874,230.338088,115.227281,0.000000
retail_pesado,8,1,365,72,120.277560,55.153868,43.937726,229.195861,107.264671,0.000000
retail_pesado,8,7,365,72,121.233283,54.909873,43.600596,229.115977,105.961189,0.000000
retail_pesado,8,1,365,73,127.683453,70.922249,59.040995,229.679252,129.354379,0.000000
retail_pesado,8,7,365,73,128.857871,69.700844,57.704636,229.572555,126.015033,0.000000
retail_pesado,8,1,365,74,122.296734,54.811980,43.434117,229.721773,105.165884,0.000000
retail_pesado,8,7,365,74,122.792048,53.500725,42.073827,229.663431,102.321978,0.000000
retail_pesado,8,1,365,75,128.119781,62.803565,50.894864,229.928538,114.748844,0.000000
retail_pesado,8,7,365,75,128.472186,61.611296,49.667924,229.892311,112.330981,0.000000
retail_pesado,8,1,365,76,119.951287,56.105036,44.902628,228.860318,109.174330,0.000000
retail_pesado,8,7,365,76,120.511489,55.047230,43.790117,228.812638,106.689901,0.000000
retail_pesado,8,1,365,77,122.459507,59.834719,48.382747,228.559547,113.721636,0.000000
retail_pesado,8,7,365,77,122.501694,58.653930,47.198220,228.563608,111.521274,0.000000
retail_pesado,8,1,365,78,122.349000,64.279729,52.891198,229.606709,122.529274,0.000000
retail_pesado,8,7,365,78,122.514762,63.065163,51.661092,229.604523,120.131198,0.000000
retail_pesado,8,1,365,79,123.949814,55.788152,44.191469,228.456087,105.024679,0.000000
retail_pesado,8,7,365,79,124.524082,54.356896,42.704521,228.418260,101.962417,0.000000
retail_pesado,8,1,365,80,123.878347,67.491569,55.935962,229.124071,126.652401,0.000000
retail_pesado,8,7,365,80,125.188548,67.177010,55.494479,229.033386,124.754416,0.000000
retail_pesado,8,1,365,81,105.002130,55.467384,45.806649,232.248133,124.572095,0.000000
retail_pesado,8,7,365,81,105.138666,55.045751,45.372374,232.246246,123.499196,0.000000
retail_pesado,8,1,365,82,134.051290,61.153526,48.593342,228.127058,106.245639,0.000000
retail_pesado,8,7,365,82,134.820975,59.924971,47.289397,228.069004,103.593764,0.000000
retail_pesado,8,1,365,83,142.288486,80.183329,66.834049,227.836657,130.137881,0.000000
retail_pesado,8,7,365,83,144.210110,77.830273,64.293904,227.724125,124.744029,0.000000
retail_pesado,8,1,365,84,118.247599,56.710862,45.710768,229.743487,112.265266,0.000000
retail_pesado,8,7,365,84,118.261213,55.717392,44.715135,229.725092,110.347745,0.000000
retail_pesado,8,1,365,85,125.703130,66.808739,55.088093,229.223570,123.701893,0.000000
retail_pesado,8,7,365,85,127.680045,64.586261,52.673843,229.082846,117.856942,0.000000
retail_pesado,8,1,365,86,122.187602,62.316705,50.937939,229.502453,119.008147,0.000000
retail_pesado,8,7,365,86,122.688624,60.710485,49.284742,229.496154,115.583131,0.000000
retail_pesado,8,1,365,87,116.517089,66.878672,56.012642,229.184255,133.251632,0.000000
retail_pesado,8,7,365,87,118.166051,64.949415,53.922714,229.043471,127.694087,0.000000
retail_pesado,8,1,365,88,125.941945,65.920805,54.189848,229.453119,122.007158,0.000000
retail_pesado,8,7,365,88,126.173789,61.925596,50.171539,229.424257,114.637332,0.000000
retail_pesado,8,1,365,89,111.290153,55.312825,45.024694,231.164022,116.903823,0.000000
retail_pesado,8,7,365,89,111.433030,55.136860,44.834995,231.152426,116.394605,0.000000
retail_pesado,8,1,365,90,109.821246,57.949729,47.768908,230.528506,123.533023,0.000000
retail_pesado,8,7,365,90,111.274323,57.480469,47.158990,230.397862,120.949310,0.000000
retail_pesado,8,1,365,91,122.815936,61.675845,50.163099,228.024282,116.500765,0.000000
retail_pesado,8,7,365,91,123.531225,60.637206,49.054971,227.977127,113.942625,0.000000
retail_pesado,8,1,365,92,115.027489,56.114017,45.392131,229.294064,113.905511,0.000000
retail_pesado,8,7,365,92,116.236686,55.354871,44.514293,229.169765,111.231579,0.000000
retail_pesado,8,1,365,93,100.316765,52.375270,43.137622,232.050697,123.065012,0.000000
retail_pesado,8,7,365,93,101.329337,51.369035,42.033107,231.927644,119.548205,0.000000
retail_pesado,8,1,365,94,104.763239,49.486579,39.750538,229.967415,110.739295,0.000000
retail_pesado,8,7,365,94,104.944094,48.480247,38.726944,229.956886,108.383632,0.000000
retail_pesado,8,1,365,95,98.755556,45.026906,35.906648,231.391229,107.677443,0.000000
retail_pesado,8,7,365,95,98.749351,43.597674,34.477416,231.376942,104.386541,0.000000
retail_pesado,8,1,365,96,122.687995,53.937010,42.471892,228.720574,102.793332,0.000000
retail_pesado,8,7,365,96,122.846851,53.765720,42.285293,228.711491,102.348268,0.000000
retail_pesado,8,1,365,97,111.132066,54.422401,44.118730,230.499214,114.918761,0.000000
retail_pesado,8,7,365,97,111.551016,53.358871,43.014061,230.448947,112.318691,0.000000
retail_pesado,8,1,365,98,104.045699,43.536157,33.929875,231.451128,99.173065,0.000000
retail_pesado,8,7,365,98,104.045699,42.638855,33.032573,231.451128,97.211500,0.000000
retail_pesado,8,1,365,99,123.440770,63.014604,51.517629,229.472889,119.100422,0.000000
retail_pesado,8,7,365,99,123.786763,62.631070,51.100096,229.438200,118.062565,0.000000
retail_pesado,8,1,365,100,127.189916,68.310375,56.433573,228.891198,124.783176,0.000000
retail_pesado,8,7,365,100,127.676698,66.488730,54.564384,228.851800,121.093493,0.000000
retail_pesado,8,1,365,101,112.291932,56.613611,46.183667,230.092352,117.987748,0.000000
retail_pesado,8,7,365,101,112.519528,55.442898,44.990505,230.064030,115.390841,0.000000
retail_pesado,8,1,365,102,120.839452,65.143288,53.934286,230.392010,126.045570,0.000000
retail_pesado,8,7,365,102,121.693922,64.303835,53.012072,230.321821,123.589876,0.000000
retail_pesado,8,1,365,103,128.828153,61.989412,49.986064,229.386385,112.451213,0.000000
retail_pesado,8,7,365,103,129.105100,60.858238,48.828262,229.370948,110.236538,0.000000
retail_pesado,8,1,365,104,115.538863,51.773121,41.043339,230.129116,105.328763,0.000000
retail_pesado,8,7,365,104,116.119497,51.618439,40.832818,230.088923,104.502995,0.000000
retail_pesado,8,1,365,105,116.541910,56.552028,45.707355,229.675787,113.509304,0.000000
retail_pesado,8,7,365,105,116.760111,55.576540,44.710783,229.659596,111.411508,0.000000
retail_pesado,8,1,365,106,119.489101,63.811651,52.674427,229.304898,124.321246,0.000000
retail_pesado,8,7,365,106,119.641239,63.018260,51.866168,229.291005,122.666835,0.000000
retail_pesado,8,1,365,107,112.848114,60.494157,50.034351,230.563513,125.453236,0.000000
retail_pesado,8,7,365,107,113.157054,58.174142,47.683508,230.516160,120.452158,0.000000
retail_pesado,8,1,365,108,130.665729,68.228634,55.972131,227.879545,120.901314,0.000000
retail_pesado,8,7,365,108,131.834979,67.999646,55.629134,227.801130,119.435203,0.000000
retail_pesado,8,1,365,109,137.462341,62.873140,50.028343,228.737624,106.791499,0.000000
retail_pesado,8,7,365,109,138.257696,61.191174,48.269118,228.686506,103.443513,0.000000
retail_pesado,8,1,365,110,127.731873,60.943216,49.023763,229.041311,111.371331,0.000000
retail_pesado,8,7,365,110,128.536012,59.826105,47.827881,228.971317,108.711180,0.000000
retail_pesado,8,1,365,111,125.278732,62.538636,50.916963,230.374754,117.005361,0.000000
retail_pesado,8,7,365,111,125.559868,60.531376,48.882697,230.356759,113.124724,0.000000
retail_pesado,8,1,365,112,115.613780,55.224336,44.441886,229.170474,111.555431,0.000000
retail_pesado,8,7,365,112,117.327310,54.148470,43.198272,229.007211,107.844503,0.000000
retail_pesado,8,1,365,113,129.708014,62.919872,50.823326,229.177360,113.230958,0.000000
retail_pesado,8,7,365,113,131.628779,60.588106,48.304618,229.034156,107.582161,0.000000
retail_pesado,8,1,365,114,123.674577,57.035311,45.524749,229.633302,108.055869,0.000000
retail_pesado,8,7,365,114,124.105579,56.624317,45.071881,229.598926,106.931594,0.000000
retail_pesado,8,1,365,115,129.869114,67.670869,55.520899,228.465690,120.962285,0.000000
retail_pesado,8,7,365,115,130.824090,66.048734,53.806889,228.419268,117.301827,0.000000
retail_pesado,8,1,365,116,125.408218,62.095756,50.385022,228.885355,115.351763,0.000000
retail_pesado,8,7,365,116,126.030574,60.757900,48.985363,228.814928,112.380708,0.000000
retail_pesado,8,1,365,117,131.005243,58.625300,46.381733,228.698415,104.553319,0.000000
retail_pesado,8,7,365,117,131.632760,58.103341,45.798265,228.646151,103.159904,0.000000
retail_pesado,8,1,365,118,120.096156,61.925781,50.796474,230.610630,120.848372,0.000000
retail_pesado,8,7,365,118,120.958587,62.014947,50.801409,230.523540,120.137643,0.000000
retail_pesado,8,1,365,119,131.970882,64.830915,52.503138,228.808457,114.437527,0.000000
retail_pesado,8,7,365,119,132.669712,64.207668,51.811641,228.754589,112.773643,0.000000
retail_pesado,8,1,365,120,130.977821,60.836207,48.553853,227.941945,108.015920,0.000000
retail_pesado,8,7,365,120,132.882651,59.965977,47.498151,227.818946,105.002815,0.000000
retail_pesado,8,1,365,121,124.224206,68.825157,57.274317,229.845768,129.127549,0.000000
retail_pesado,8,7,365,121,124.790410,67.610367,56.004675,229.802874,126.338048,0.000000
retail_pesado,8,1,365,122,135.728130,70.848507,58.129353,228.094364,120.974654,0.000000
retail_pesado,8,7,365,122,137.866378,70.222725,57.294726,227.947568,118.068482,0.000000
retail_pesado,8,1,365,123,115.628789,52.796111,42.018995,229.311166,106.877090,0.000000
retail_pesado,8,7,365,123,115.752447,51.800962,41.011183,229.287412,104.819506,0.000000
retail_pesado,8,1,365,124,125.031666,64.451790,52.768902,228.744514,119.852140,0.000000
retail_pesado,8,7,365,124,125.797133,63.848821,52.092391,228.705952,118.050373,0.000000
retail_pesado,8,1,365,125,121.097673,63.889492,52.617994,229.617849,123.032921,0.000000
retail_pesado,8,7,365,125,121.639513,62.515429,51.191872,229.585456,119.937422,0.000000
retail_pesado,8,1,365,126,118.001099,56.058930,45.046068,229.011725,110.896601,0.000000
retail_pesado,8,7,365,126,119.360376,55.727163,44.582127,228.904423,109.003736,0.000000
retail_pesado,8,1,365,127,121.856558,58.094617,46.742794,229.425266,111.470576,0.000000
retail_pesado,8,7,365,127,122.793841,57.926086,46.483333,229.354044,110.307268,0.000000
retail_pesado,8,1,365,128,121.782130,59.906097,48.552804,229.258410,114.807326,0.000000
retail_pesado,8,7,365,128,122.841956,58.803416,47.347223,229.177865,111.790759,0.000000
retail_pesado,8,1,365,129,122.839919,62.418456,50.981667,229.556168,118.611503,0.000000
retail_pesado,8,7,365,129,123.481322,60.919284,49.420272,229.507005,115.253467,0.000000
retail_pesado,8,1,365,130,107.432247,55.676185,45.649294,229.002664,120.606421,0.000000
retail_pesado,8,7,365,130,108.074433,53.776038,43.687155,228.956826,115.934769,0.000000
retail_pesado,8,1,365,131,126.016346,68.946341,57.202847,229.345478,127.291514,0.000000
retail_pesado,8,7,365,131,127.336687,66.828876,54.956421,229.233149,122.206924,0.000000
retail_pesado,8,1,365,132,115.112787,65.416964,54.711437,229.805654,132.322150,0.000000
retail_pesado,8,7,365,132,115.744109,63.374958,52.608174,229.752303,127.609251,0.000000
retail_pesado,8,1,365,133,131.548888,61.099451,48.779087,228.224434,108.143715,0.000000
retail_pesado,8,7,365,133,133.109207,60.140060,47.668118,228.126551,105.262599,0.000000
retail_pesado,8,1,365,134,127.564010,65.842006,53.952583,229.313223,120.295141,0.000000
retail_pesado,8,7,365,134,128.123469,65.508767,53.565584,229.282728,119.185718,0.000000
retail_pesado,8,1,365,135,114.231030,59.593229,49.024664,230.979881,122.413220,0.000000
retail_pesado,8,7,365,135,114.288043,59.135211,48.561081,230.973652,121.441286,0.000000
retail_pesado,8,1,365,136,119.887557,58.856038,47.701342,229.702135,114.803270,0.000000
retail_pesado,8,7,365,136,120.252139,56.598409,45.408118,229.668387,110.214091,0.000000
retail_pesado,8,1,365,137,132.456237,64.495462,52.101682,228.433625,113.281002,0.000000
retail_pesado,8,7,365,137,134.123851,64.368206,51.812831,228.334269,111.661645,0.000000
retail_pesado,8,1,365,138,109.040509,47.454222,37.312251,229.779653,102.258875,0.000000
retail_pesado,8,7,365,138,109.038478,46.274931,36.132960,229.775447,99.817030,0.000000
retail_pesado,8,1,365,139,104.068020,49.671790,40.018993,230.403644,112.062728,0.000000
retail_pesado,8,7,365,139,104.375086,49.381659,39.699273,230.377755,111.103231,0.000000
retail_pesado,8,1,365,140,140.560910,65.192664,52.005441,227.836293,107.816090,0.000000
retail_pesado,8,7,365,140,140.710160,64.644290,51.442493,227.826602,106.829189,0.000000
retail_pesado,8,1,365,141,112.587016,51.743735,41.236154,229.011574,107.412805,0.000000
retail_pesado,8,7,365,141,112.952396,51.530931,40.988427,228.994016,106.646350,0.000000
retail_pesado,8,1,365,142,118.988538,57.923922,46.837623,229.391657,113.721229,0.000000
retail_pesado,8,7,365,142,120.179480,57.826987,46.625398,229.304560,112.410220,0.000000
retail_pesado,8,1,365,143,115.039415,59.801059,49.016635,228.010825,120.447780,0.000000
retail_pesado,8,7,365,143,116.963334,58.225102,47.253274,227.866981,115.442426,0.000000
retail_pesado,8,1,365,144,112.861521,60.288422,49.868117,231.449383,125.499022,0.000000
retail_pesado,8,7,365,144,112.947141,59.970380,49.541696,231.439048,124.760968,0.000000
retail_pesado,8,1,365,145,131.949195,61.773665,49.419680,228.294679,109.006357,0.000000
retail_pesado,8,7,365,145,132.466925,61.174695,48.770352,228.260602,107.566032,0.000000
retail_pesado,8,1,365,146,121.646877,60.985446,49.652082,229.403897,117.002138,0.000000
retail_pesado,8,7,365,146,124.264631,60.098126,48.509276,229.178275,112.903010,0.000000
retail_pesado,8,1,365,147,136.233491,67.936319,55.130855,227.412702,115.410464,0.000000
retail_pesado,8,7,365,147,137.627974,67.366093,54.425179,227.337197,113.319014,0.000000
retail_pesado,8,1,365,148,134.173555,63.452707,50.879524,228.099550,109.980073,0.000000
retail_pesado,8,7,365,148,135.369680,62.722887,50.033658,228.029630,107.803046,0.000000
retail_pesado,8,1,365,149,142.796456,69.422831,55.975880,227.004128,112.417101,0.000000
retail_pesado,8,7,365,149,142.884120,68.681732,55.226213,226.998943,111.191434,0.000000
retail_pesado,8,1,365,150,102.746344,52.398094,42.926569,231.806317,120.175587,0.000000
retail_pesado,8,7,365,150,102.782649,49.146665,39.672032,231.812057,112.930864,0.000000
retail_pesado,8,1,365,151,108.912975,55.879551,45.834243,231.685649,120.817778,0.000000
retail_pesado,8,7,365,151,109.373750,53.537411,43.447331,231.634345,115.424847,0.000000
retail_pesado,8,1,365,152,107.159356,57.788423,47.854562,230.532914,126.163667,0.000000
retail_pesado,8,7,365,152,107.293106,56.475835,46.528702,230.513029,123.229583,0.000000
retail_pesado,8,1,365,153,129.539894,68.550290,56.408909,228.055054,122.566091,0.000000
retail_pesado,8,7,365,153,130.047414,66.815229,54.625674,228.043921,119.108370,0.000000
retail_pesado,8,1,365,154,126.571262,65.256607,53.395954,228.102037,119.540750,0.000000
retail_pesado,8,7,365,154,126.679193,64.553435,52.681862,228.086821,118.190608,0.000000
retail_pesado,8,1,365,155,138.735750,72.399604,59.490967,229.697783,121.780962,0.000000
retail_pesado,8,7,365,155,138.817594,70.917139,58.000270,229.687005,119.295735,0.000000
retail_pesado,8,1,365,156,128.106159,66.291482,54.323036,228.776829,120.315946,0.000000
retail_pesado,8,7,365,156,128.807276,65.578388,53.542280,228.736501,118.417896,0.000000
retail_pesado,8,1,365,157,122.660885,57.588970,46.101025,228.224488,109.272820,0.000000
retail_pesado,8,7,365,157,123.046385,57.075805,45.550774,228.205391,107.999017,0.000000
retail_pesado,8,1,365,158,126.449563,63.654215,51.827120,228.521814,117.023401,0.000000
retail_pesado,8,7,365,158,127.564657,62.744602,50.807971,228.423273,114.385974,0.000000
retail_pesado,8,1,365,159,135.993081,68.597986,55.866001,228.305535,117.144784,0.000000
retail_pesado,8,7,365,159,136.820840,67.836846,55.024431,228.254182,115.186983,0.000000
retail_pesado,8,1,365,160,125.689530,63.665128,51.970312,229.696593,118.321396,0.000000
retail_pesado,8,7,365,160,126.161751,61.335949,49.596130,229.676117,113.716761,0.000000
retail_pesado,8,1,365,161,114.567727,59.217013,48.508252,228.668593,120.125223,0.000000
retail_pesado,8,7,365,161,114.874498,57.984506,47.245589,228.637592,117.388960,0.000000
retail_pesado,8,1,365,162,123.598537,53.621959,42.046507,228.230490,101.280101,0.000000
retail_pesado,8,7,365,162,124.863555,53.155684,41.457613,228.151029,99.423370,0.000000
retail_pesado,8,1,365,163,117.487296,53.197080,42.195285,228.257334,105.541491,0.000000
retail_pesado,8,7,365,163,118.890806,53.041682,41.902967,228.146764,104.000343,0.000000
retail_pesado,8,1,365,164,124.257581,54.468905,42.812288,227.856476,102.128557,0.000000
retail_pesado,8,7,365,164,125.584758,52.900738,41.114677,227.762622,98.256724,0.000000
retail_pesado,8,1,365,165,119.256874,55.151248,44.044054,229.474981,108.272618,0.000000
retail_pesado,8,7,365,165,119.828718,54.853347,43.690713,229.430940,107.194307,0.000000
retail_pesado,8,1,365,166,139.316520,62.835039,49.716969,227.024189,104.589173,0.000000
retail_pesado,8,7,365,166,141.879801,62.051503,48.685108,226.907958,101.489380,0.000000
retail_pesado,8,1,365,167,116.301156,61.010534,50.194253,229.800742,122.453026,0.000000
retail_pesado,8,7,365,167,116.486308,59.462645,48.627863,229.774037,119.250639,0.000000
retail_pesado,8,1,365,168,125.006517,60.176545,48.492964,228.685981,112.160969,0.000000
retail_pesado,8,7,365,168,125.552044,58.680671,46.943792,228.641740,108.993336,0.000000
retail_pesado,8,1,365,169,128.544068,63.925033,51.882730,228.161892,115.475827,0.000000
retail_pesado,8,7,365,169,128.635504,61.256072,49.205033,228.158729,110.744116,0.000000
retail_pesado,8,1,365,170,126.667138,66.115660,54.292513,228.983238,121.433105,0.000000
retail_pesado,8,7,365,170,128.520785,63.573120,51.569121,228.836447,115.215896,0.000000
retail_pesado,8,1,365,171,135.308979,57.746297,45.043166,227.684111,99.462467,0.000000
retail_pesado,8,7,365,171,135.967922,56.654423,43.887725,227.654258,97.191119,0.000000
retail_pesado,8,1,365,172,122.007080,63.910815,52.531062,229.149762,121.939916,0.000000
retail_pesado,8,7,365,172,122.163909,61.925304,50.530221,229.135884,118.122150,0.000000
retail_pesado,8,1,365,173,139.849906,67.027773,53.879736,227.367794,111.056530,0.000000
retail_pesado,8,7,365,173,140.967260,63.741431,50.483501,227.286174,104.963729,0.000000
retail_pesado,8,1,365,174,128.733699,63.718805,51.694415,228.827012,115.281728,0.000000
retail_pesado,8,7,365,174,128.979090,62.742244,50.693893,228.807601,113.358295,0.000000
retail_pesado,8,1,365,175,120.163580,59.219198,48.077480,230.485285,115.616821,0.000000
retail_pesado,8,7,365,175,121.448955,57.237720,45.971577,230.379876,110.690649,0.000000
retail_pesado,8,1,365,176,113.582781,58.356754,47.763178,229.158945,119.682545,0.000000
retail_pesado,8,7,365,176,114.001674,56.747147,46.112852,229.124012,116.061033,0.000000
retail_pesado,8,1,365,177,138.121970,73.962886,61.036441,228.389720,124.158373,0.000000
retail_pesado,8,7,365,177,139.313435,73.457969,60.416213,228.324250,122.282948,0.000000
retail_pesado,8,1,365,178,140.295282,76.522031,63.387098,228.302699,126.342661,0.000000
retail_pesado,8,7,365,178,140.362357,74.597718,61.456464,228.301996,123.208721,0.000000
retail_pesado,8,1,365,179,129.725454,63.742627,51.662419,229.512221,114.808950,0.000000
retail_pesado,8,7,365,179,130.327936,62.504661,50.366073,229.469936,112.134314,0.000000
retail_pesado,8,1,365,180,143.505328,66.013826,52.513493,227.225004,106.685640,0.000000
retail_pesado,8,7,365,180,144.237142,63.873332,50.301515,227.181611,102.832748,0.000000
retail_pesado,8,1,365,181,125.376207,58.349832,46.610937,228.288602,108.383459,0.000000
retail_pesado,8,7,365,181,126.114098,56.516423,44.705855,228.239517,104.490076,0.000000
retail_pesado,8,1,365,182,105.951244,59.615844,49.823628,231.218857,131.849785,0.000000
retail_pesado,8,7,365,182,106.275856,57.391696,47.567560,231.174479,126.680062,0.000000
retail_pesado,8,1,365,183,124.382676,57.997144,46.445128,230.110853,109.430949,0.000000
retail_pesado,8,7,365,183,124.371118,56.164313,44.612297,230.089843,106.099112,0.000000
retail_pesado,8,1,365,184,124.794663,57.090158,45.442319,228.993488,106.928390,0.000000
retail_pesado,8,7,365,184,125.453600,55.365325,43.652491,228.926401,103.264774,0.000000
retail_pesado,8,1,365,185,112.182241,58.377009,48.011451,231.274505,122.268326,0.000000
retail_pesado,8,7,365,185,112.194528,55.791374,45.423464,231.247834,117.004343,0.000000
retail_pesado,8,1,365,186,115.829880,58.773586,47.966923,229.085901,118.211511,0.000000
retail_pesado,8,7,365,186,116.590483,58.284851,47.405108,229.042094,116.500990,0.000000
retail_pesado,8,1,365,187,127.124002,58.985883,47.139741,229.356411,108.565987,0.000000
retail_pesado,8,7,365,187,127.210000,58.443322,46.588780,229.349069,107.530762,0.000000
retail_pesado,8,1,365,188,104.486975,53.308596,43.662225,231.466523,120.051986,0.000000
retail_pesado,8,7,365,188,104.921873,52.680839,42.992006,231.412252,118.182751,0.000000
retail_pesado,8,1,365,189,101.863408,57.708513,48.299190,231.341709,132.795532,0.000000
retail_pesado,8,7,365,189,102.254462,56.764316,47.316584,231.286687,130.173206,0.000000
retail_pesado,8,1,365,190,121.351919,61.159080,49.813620,228.617627,117.203050,0.000000
retail_pesado,8,7,365,190,122.278868,60.129895,48.694282,228.549067,114.420647,0.000000
retail_pesado,8,1,365,191,106.468217,52.836254,42.986750,230.999507,116.651493,0.000000
retail_pesado,8,7,365,191,106.670410,51.369180,41.499054,230.955422,113.294732,0.000000
retail_pesado,8,1,365,192,111.114156,53.585504,43.245188,229.660152,112.826034,0.000000
retail_pesado,8,7,365,192,112.389469,53.509729,43.045450,229.546246,111.384780,0.000000
retail_pesado,8,1,365,193,122.941535,59.073936,47.631855,229.638346,112.420194,0.000000
retail_pesado,8,7,365,193,123.959522,58.196697,46.655391,229.550727,109.891884,0.000000
retail_pesado,8,1,365,194,109.644725,60.402999,50.215899,230.024995,128.516591,0.000000
retail_pesado,8,7,365,194,110.107960,58.607850,48.375894,229.984862,124.286369,0.000000
retail_pesado,8,1,365,195,128.521407,69.881921,57.912845,229.493559,126.609326,0.000000
retail_pesado,8,7,365,195,129.287863,66.912906,54.868083,229.411791,120.661824,0.000000
retail_pesado,8,1,365,196,131.729607,59.614162,47.308960,228.809129,105.737248,0.000000
retail_pesado,8,7,365,196,132.699836,58.586328,46.186143,228.730240,103.217301,0.000000
retail_pesado,8,1,365,197,137.215573,64.832801,51.989999,228.369030,110.011821,0.000000
retail_pesado,8,7,365,197,138.784388,63.830186,50.834147,228.258495,107.141726,0.000000
retail_pesado,8,1,365,198,134.634027,61.016970,48.382047,227.769830,105.413864,0.000000
retail_pesado,8,7,365,198,135.209769,60.509115,47.818542,227.741288,104.128766,0.000000
retail_pesado,8,1,365,199,121.026020,63.152190,51.877185,229.414217,121.622651,0.000000
retail_pesado,8,7,365,199,121.318705,60.875557,49.572160,229.391783,117.097566,0.000000
retail_pesado,8,1,365,200,131.935695,65.286785,52.943657,228.469000,115.075772,0.000000
retail_pesado,8,7,365,200,132.195945,64.604153,52.235804,228.453146,113.690243,0.000000
retail_pesado,8,1,365,201,114.124747,54.545539,43.946482,230.116313,112.071530,0.000000
retail_pesado,8,7,365,201,115.030078,52.001688,41.314620,230.033149,106.182885,0.000000
retail_pesado,8,1,365,202,109.920251,54.539143,44.370082,230.994928,116.628098,0.000000
retail_pesado,8,7,365,202,110.305578,52.841057,42.635057,230.966210,112.726454,0.000000
retail_pesado,8,1,365,203,123.093163,63.630838,52.154254,229.237442,120.432519,0.000000
retail_pesado,8,7,365,203,125.911157,62.537381,50.785739,229.001263,115.753318,0.000000
retail_pesado,8,1,365,204,126.136901,61.505558,49.702193,228.416929,113.427838,0.000000
retail_pesado,8,7,365,204,126.648616,59.635618,47.782651,228.384404,109.656919,0.000000
retail_pesado,8,1,365,205,134.693605,65.902692,53.317581,228.754927,113.967765,0.000000
retail_pesado,8,7,365,205,135.707294,64.973664,52.289769,228.682810,111.573182,0.000000
retail_pesado,8,1,365,206,151.777105,72.555180,58.258674,226.943928,110.575605,0.000000
retail_pesado,8,7,365,206,154.155170,72.097220,57.569630,226.835210,108.218361,0.000000
retail_pesado,8,1,365,207,125.690989,62.273693,50.525999,228.683310,115.319510,0.000000
retail_pesado,8,7,365,207,126.192994,59.681941,47.885611,228.650622,110.246667,0.000000
retail_pesado,8,1,365,208,124.156172,61.931327,50.346005,229.050250,116.259104,0.000000
retail_pesado,8,7,365,208,124.535136,61.621591,50.000464,229.041672,115.353520,0.000000
retail_pesado,8,1,365,209,126.312655,67.926494,56.129597,228.852837,124.917931,0.000000
retail_pesado,8,7,365,209,126.964305,67.667569,55.807651,228.811875,123.816929,0.000000
retail_pesado,8,1,365,210,119.344560,57.653877,46.514364,228.986116,112.688003,0.000000
retail_pesado,8,7,365,210,119.550146,56.672151,45.512352,228.964004,110.643064,0.000000
retail_pesado,8,1,365,211,109.747693,60.549388,50.438287,231.937744,129.756546,0.000000
retail_pesado,8,7,365,211,110.424478,59.730772,49.552870,231.838118,127.242119,0.000000
retail_pesado,8,1,365,212,119.668020,62.213650,51.083713,229.789995,121.384909,0.000000
retail_pesado,8,7,365,212,120.499775,61.813375,50.601979,229.707421,119.782269,0.000000
retail_pesado,8,1,365,213,116.239778,58.451747,47.634416,229.659669,117.474079,0.000000
retail_pesado,8,7,365,213,117.464863,56.562165,45.624756,229.534413,112.600259,0.000000
retail_pesado,8,1,365,214,125.547750,63.571009,51.848242,228.904474,117.880212,0.000000
retail_pesado,8,7,365,214,127.821941,62.605832,50.661557,228.731996,114.071350,0.000000
retail_pesado,8,1,365,215,122.682230,61.783386,50.344791,229.231056,117.427489,0.000000
retail_pesado,8,7,365,215,123.344580,61.934551,50.430835,229.165171,117.061341,0.000000
retail_pesado,8,1,365,216,129.466226,57.869447,45.761918,228.553726,104.372122,0.000000
retail_pesado,8,7,365,216,129.641598,57.302298,45.177423,228.536216,103.246240,0.000000
retail_pesado,8,1,365,217,120.018747,55.744746,44.542485,228.989731,108.500302,0.000000
retail_pesado,8,7,365,217,121.194960,54.675587,43.359044,228.900322,105.460961,0.000000
retail_pesado,8,1,365,218,108.651615,47.060998,36.978331,230.297657,102.017811,0.000000
retail_pesado,8,7,365,218,108.815790,46.353300,36.254799,230.284237,100.392454,0.000000
retail_pesado,8,1,365,219,115.353461,61.936439,51.249875,230.679284,125.710329,0.000000
retail_pesado,8,7,365,219,115.425596,60.716476,50.022436,230.662470,123.229588,0.000000
retail_pesado,8,1,365,220,141.631741,74.363385,61.067172,227.692758,121.449312,0.000000
retail_pesado,8,7,365,220,142.754370,73.792648,60.387802,227.638658,119.603388,0.000000
retail_pesado,8,1,365,221,118.213933,49.931453,38.846918,227.960012,98.596707,0.000000
retail_pesado,8,7,365,221,119.734579,49.357794,38.125797,227.862788,96.282225,0.000000
retail_pesado,8,1,365,222,125.110964,59.614421,47.935187,228.957411,111.190491,0.000000
retail_pesado,8,7,365,222,127.694454,59.197656,47.266695,228.758386,108.195360,0.000000
retail_pesado,8,1,365,223,113.705710,63.867810,53.266275,229.233413,130.512247,0.000000
retail_pesado,8,7,365,223,114.452775,61.396815,50.722116,229.159349,124.784025,0.000000
retail_pesado,8,1,365,224,120.302054,62.340461,51.133412,229.424475,120.814844,0.000000
retail_pesado,8,7,365,224,120.423429,61.258351,50.039647,229.417482,118.667912,0.000000
retail_pesado,8,1,365,225,105.862214,53.106613,43.325758,231.291632,118.022636,0.000000
retail_pesado,8,7,365,225,105.855439,52.592404,42.811549,231.277086,116.918603,0.000000
retail_pesado,8,1,365,226,120.503149,65.545206,54.321336,229.462887,126.635893,0.000000
retail_pesado,8,7,365,226,121.093892,64.660935,53.379777,229.417615,124.367043,0.000000
retail_pesado,8,1,365,227,129.203169,64.259499,52.181475,228.644905,115.727670,0.000000
retail_pesado,8,7,365,227,129.998557,63.259340,51.103616,228.583060,113.285644,0.000000
retail_pesado,8,1,365,228,117.200121,51.791134,40.889677,229.768220,103.767748,0.000000
retail_pesado,8,7,365,228,118.114150,50.424124,39.433186,229.676566,100.343605,0.000000
retail_pesado,8,1,365,229,123.812323,65.908441,54.323035,228.425349,123.467307,0.000000
retail_pesado,8,7,365,229,124.410724,64.838795,53.194547,228.370453,120.934531,0.000000
retail_pesado,8,1,365,230,120.081731,55.508340,44.285163,228.688281,107.863205,0.000000
retail_pesado,8,7,365,230,120.579725,55.089630,43.818027,228.650764,106.636886,0.000000
retail_pesado,8,1,365,231,113.857340,59.682188,49.122002,230.416859,122.684078,0.000000
retail_pesado,8,7,365,231,113.951149,58.644705,48.074922,230.397659,120.515051,0.000000
retail_pesado,8,1,365,232,107.178864,49.180125,39.195801,229.428997,107.440415,0.000000
retail_pesado,8,7,365,232,107.255062,47.085113,37.094069,229.437532,102.967371,0.000000
retail_pesado,8,1,365,233,118.958595,56.341163,45.252617,229.289276,110.701494,0.000000
retail_pesado,8,7,365,233,119.154752,54.135682,43.029013,229.292551,106.357360,0.000000
retail_pesado,8,1,365,234,126.376233,56.654662,44.834140,228.516387,104.651046,0.000000
retail_pesado,8,7,365,234,127.460598,54.603041,42.676805,228.435652,100.146333,0.000000
retail_pesado,8,1,365,235,122.969580,57.887919,46.378512,228.369612,109.621974,0.000000
retail_pesado,8,7,365,235,123.216094,57.134276,45.601181,228.357640,108.032768,0.000000
retail_pesado,8,1,365,236,124.717166,66.694910,55.034702,228.615246,124.117335,0.000000
retail_pesado,8,7,365,236,124.787210,65.257645,53.591410,228.625289,121.468106,0.000000
retail_pesado,8,1,365,237,109.525989,51.552854,41.428292,231.174842,110.929064,0.000000
retail_pesado,8,7,365,237,109.528235,50.478875,40.354313,231.179500,108.701454,0.000000
retail_pesado,8,1,365,238,129.322413,77.262622,65.132980,227.895369,137.764463,0.000000
retail_pesado,8,7,365,238,129.396130,76.397833,64.260610,227.883069,136.184642,0.000000
retail_pesado,8,1,365,239,128.462128,67.027352,55.023731,228.740908,121.262481,0.000000
retail_pesado,8,7,365,239,129.067140,66.071655,54.008499,228.684978,119.020045,0.000000
retail_pesado,8,1,365,240,130.616807,68.956411,56.795542,229.555669,123.077397,0.000000
retail_pesado,8,7,365,240,130.640643,67.997090,55.833890,229.553596,121.398291,0.000000
retail_pesado,8,1,365,241,121.925682,61.731351,50.397819,229.917156,118.382557,0.000000
retail_pesado,8,7,365,241,122.552301,60.311273,48.917870,229.884955,115.164042,0.000000
retail_pesado,8,1,365,242,136.056467,65.282194,52.579084,228.920182,111.920506,0.000000
retail_pesado,8,7,365,242,136.345406,62.270047,49.537180,228.871078,106.700436,0.000000
retail_pesado,8,1,365,243,133.380030,60.556296,48.063753,228.212206,105.795304,0.000000
retail_pesado,8,7,365,243,133.823363,59.704517,47.169302,228.191657,104.021807,0.000000
retail_pesado,8,1,365,244,125.005337,71.176223,59.513495,229.085595,132.160467,0.000000
retail_pesado,8,7,365,244,126.899854,69.686904,57.841035,228.964241,127.538845,0.000000
retail_pesado,8,1,365,245,98.101503,45.192939,36.099057,230.540389,108.361560,0.000000
retail_pesado,8,7,365,245,98.123230,44.187054,35.091051,230.537725,106.014932,0.000000
retail_pesado,8,1,365,246,103.956459,51.554867,41.942075,231.102140,116.626196,0.000000
retail_pesado,8,7,365,246,104.173200,49.982112,40.349202,231.100347,112.962334,0.000000
retail_pesado,8,1,365,247,120.639453,61.137161,49.911758,229.687088,118.372765,0.000000
retail_pesado,8,7,365,247,121.113255,60.514908,49.243242,229.643517,116.744031,0.000000
retail_pesado,8,1,365,248,126.138713,58.392879,46.603227,228.681184,108.010742,0.000000
retail_pesado,8,7,365,248,127.092263,58.143601,46.261003,228.608922,106.756621,0.000000
retail_pesado,8,1,365,249,135.238521,62.252549,49.539422,227.391849,106.830997,0.000000
retail_pesado,8,7,365,249,135.644881,60.896172,48.143166,227.362437,104.275935,0.000000
retail_pesado,8,1,365,250,116.230649,58.242877,47.404903,229.212169,116.853234,0.000000
retail_pesado,8,7,365,250,116.333982,56.992000,46.145101,229.226917,114.338632,0.000000
retail_pesado,8,1,365,251,122.572032,55.374122,43.949324,229.300497,105.783556,0.000000
retail_pesado,8,7,365,251,123.535477,54.169345,42.650446,229.216405,102.755639,0.000000
retail_pesado,8,1,365,252,123.269890,61.710535,50.253796,229.951529,117.114319,0.000000
retail_pesado,8,7,365,252,124.327629,59.152625,47.593238,229.866667,111.462888,0.000000
retail_pesado,8,1,365,253,122.767086,60.238177,48.773479,228.873678,114.338861,0.000000
retail_pesado,8,7,365,253,123.721844,59.306351,47.748581,228.797580,111.757238,0.000000
retail_pesado,8,1,365,254,118.351004,58.778834,47.717924,228.698608,115.596198,0.000000
retail_pesado,8,7,365,254,119.455129,58.242917,47.073773,228.597132,113.507161,0.000000
retail_pesado,8,1,365,255,121.574651,59.523136,48.139141,228.268165,113.802038,0.000000
retail_pesado,8,7,365,255,122.076307,57.541674,46.108686,228.228561,109.691981,0.000000
retail_pesado,8,1,365,256,110.296644,58.089319,47.847367,230.151179,123.105781,0.000000
retail_pesado,8,7,365,256,111.299244,56.963243,46.623578,230.050276,119.693120,0.000000
retail_pesado,8,1,365,257,134.114840,66.713464,54.151600,228.203322,115.526661,0.000000
retail_pesado,8,7,365,257,135.438012,64.478158,51.787060,228.109707,110.692211,0.000000
retail_pesado,8,1,365,258,127.970505,68.728933,56.801038,229.302168,125.002708,0.000000
retail_pesado,8,7,365,258,128.147363,65.816672,53.871284,229.283149,119.705753,0.000000
retail_pesado,8,1,365,259,124.942264,62.494595,50.841233,229.152839,116.618701,0.000000
retail_pesado,8,7,365,259,125.266250,60.875825,49.192118,229.150395,113.416670,0.000000
retail_pesado,8,1,365,260,126.469468,63.401023,51.649108,229.993706,117.294001,0.000000
retail_pesado,8,7,365,260,127.644413,61.150570,49.284121,229.891728,112.217881,0.000000
retail_pesado,8,1,365,261,115.646020,54.096695,43.325102,229.460284,109.465421,0.000000
retail_pesado,8,7,365,261,115.845279,52.423440,41.633598,229.466773,106.030432,0.000000
retail_pesado,8,1,365,262,144.943790,76.306985,62.730800,228.202866,122.033650,0.000000
retail_pesado,8,7,365,262,146.012394,75.067783,61.387438,228.136180,119.232726,0.000000
retail_pesado,8,1,365,263,116.401291,51.014320,40.162759,229.260413,102.723189,0.000000
retail_pesado,8,7,365,263,116.857711,49.064409,38.167866,229.210136,98.557749,0.000000
retail_pesado,8,1,365,264,132.302206,65.368981,52.978771,228.237226,114.793005,0.000000
retail_pesado,8,7,365,264,133.111095,63.647512,51.178090,228.175026,111.190032,0.000000
retail_pesado,8,1,365,265,94.280570,47.781983,39.110558,232.323715,119.715887,0.000000
retail_pesado,8,7,365,265,94.274239,46.601161,37.929736,232.308383,116.856234,0.000000
retail_pesado,8,1,365,266,121.324151,59.217240,47.928900,229.702554,114.163411,0.000000
retail_pesado,8,7,365,266,121.642839,57.548784,46.229511,229.677004,110.766968,0.000000
retail_pesado,8,1,365,267,121.137035,70.320747,59.090703,230.524289,135.498655,0.000000
retail_pesado,8,7,365,267,121.392322,66.920621,55.665167,230.489199,128.857961,0.000000
retail_pesado,8,1,365,268,111.178675,51.524943,41.163921,229.339950,108.432149,0.000000
retail_pesado,8,7,365,268,111.416705,50.307529,39.923260,229.316852,105.736396,0.000000
retail_pesado,8,1,365,269,109.274435,49.948371,39.823998,230.657309,107.603037,0.000000
retail_pesado,8,7,365,269,110.204904,47.176291,36.960799,230.548362,100.980361,0.000000
retail_pesado,8,1,365,270,118.946020,60.093276,49.039800,229.980173,118.168501,0.000000
retail_pesado,8,7,365,270,119.534111,58.445407,47.334265,229.918842,114.461511,0.000000
retail_pesado,8,1,365,271,125.496260,60.627679,48.900061,228.719245,112.562648,0.000000
retail_pesado,8,7,365,271,125.801327,59.154861,47.397045,228.686954,109.653302,0.000000
retail_pesado,8,1,365,272,128.878003,64.614132,52.624035,229.722783,117.168123,0.000000
retail_pesado,8,7,365,272,129.032277,63.167340,51.162186,229.709543,114.495387,0.000000
retail_pesado,8,1,365,273,129.793705,65.286369,53.152506,228.633145,116.990705,0.000000
retail_pesado,8,7,365,273,131.490929,65.245786,52.946779,228.514834,115.404238,0.000000
retail_pesado,8,1,365,274,116.676395,56.561206,45.631042,228.169033,112.670402,0.000000
retail_pesado,8,7,365,274,117.073226,56.318136,45.349941,228.151535,111.828212,0.000000
retail_pesado,8,1,365,275,106.795266,50.850456,40.954143,230.619811,111.904789,0.000000
retail_pesado,8,7,365,275,107.545116,50.474655,40.505955,230.553857,110.329587,0.000000
retail_pesado,8,1,365,276,130.067233,66.816604,54.666844,228.812004,119.487770,0.000000
retail_pesado,8,7,365,276,131.172350,65.891712,53.633802,228.721780,116.884330,0.000000
retail_pesado,8,1,365,277,115.387662,58.938107,48.224999,230.184680,119.531388,0.000000
retail_pesado,8,7,365,277,116.565350,55.619056,44.791750,230.083233,111.875418,0.000000
retail_pesado,8,1,365,278,112.579304,58.420925,47.894906,228.602044,120.553032,0.000000
retail_pesado,8,7,365,278,113.145398,57.404479,46.822978,228.547856,117.924675,0.000000
retail_pesado,8,1,365,279,141.585197,72.239493,58.967556,228.028274,118.303538,0.000000
retail_pesado,8,7,365,279,142.630586,71.923175,58.549766,227.969992,116.939541,0.000000
retail_pesado,8,1,365,280,126.797794,60.612872,48.789977,229.220107,111.661475,0.000000
retail_pesado,8,7,365,280,127.024714,59.987355,48.142494,229.204753,110.352826,0.000000
retail_pesado,8,1,365,281,123.260068,61.580477,50.089298,229.256384,116.537627,0.000000
retail_pesado,8,7,365,281,124.452823,60.873136,49.265449,229.153322,114.128388,0.000000
retail_pesado,8,1,365,282,134.519209,69.503047,56.985871,229.682166,120.604895,0.000000
retail_pesado,8,7,365,282,136.034807,67.183782,54.519312,229.570509,115.402957,0.000000
retail_pesado,8,1,365,283,113.648775,52.961257,42.376795,229.483759,109.077271,0.000000
retail_pesado,8,7,365,283,115.058511,52.292842,41.571061,229.357031,106.422319,0.000000
retail_pesado,8,1,365,284,117.254344,53.547191,42.657683,230.120521,107.263710,0.000000
retail_pesado,8,7,365,284,117.254344,51.602643,40.713135,230.120521,103.513725,0.000000
retail_pesado,8,1,365,285,131.976415,68.757517,56.429992,228.822478,121.128771,0.000000
retail_pesado,8,7,365,285,134.945608,66.442710,53.826834,228.626318,114.598496,0.000000
retail_pesado,8,1,365,286,120.411233,57.999394,46.824202,230.272255,112.990277,0.000000
retail_pesado,8,7,365,286,120.650940,55.994121,44.796879,230.276233,109.014836,0.000000
retail_pesado,8,1,365,287,113.510393,48.958094,38.393435,229.631348,101.316909,0.000000
retail_pesado,8,7,365,287,114.242474,47.558117,36.922961,229.581266,97.907457,0.000000
retail_pesado,8,1,365,288,124.614069,71.310616,59.651206,228.444929,132.438997,0.000000
retail_pesado,8,7,365,288,126.478407,69.809038,57.967138,228.292263,127.796840,0.000000
retail_pesado,8,1,365,289,133.111673,66.628964,54.232958,229.503693,116.875731,0.000000
retail_pesado,8,7,365,289,133.291908,65.330063,52.917131,229.501120,114.524357,0.000000
retail_pesado,8,1,365,290,144.079985,63.408363,49.865148,227.409263,102.320496,0.000000
retail_pesado,8,7,365,290,144.970604,62.450914,48.821515,227.368814,100.223552,0.000000
retail_pesado,8,1,365,291,131.075867,69.905620,57.591262,227.527139,123.211900,0.000000
retail_pesado,8,7,365,291,131.696540,68.854716,56.479563,227.482275,120.842922,0.000000
retail_pesado,8,1,365,292,127.673629,64.066457,52.155467,229.098519,116.954136,0.000000
retail_pesado,8,7,365,292,128.472785,61.389095,49.399187,229.016613,111.521341,0.000000
retail_pesado,8,1,365,293,126.921432,61.567517,49.730279,229.166553,113.224623,0.000000
retail_pesado,8,7,365,293,127.729389,60.241585,48.325219,229.095232,110.162675,0.000000
retail_pesado,8,1,365,294,118.977983,57.252777,46.171413,229.472031,112.498223,0.000000
retail_pesado,8,7,365,294,120.992002,54.710995,43.432903,229.289175,105.872807,0.000000
retail_pesado,8,1,365,295,112.599911,53.927308,43.462882,229.965393,112.221270,0.000000
retail_pesado,8,7,365,295,112.958700,53.029974,42.531108,229.941802,110.071403,0.000000
retail_pesado,8,1,365,296,108.468228,59.925450,49.865211,230.419351,129.089915,0.000000
retail_pesado,8,7,365,296,108.741000,58.360281,48.274002,230.402720,125.508229,0.000000
retail_pesado,8,1,365,297,124.339885,64.207721,52.539134,227.774960,119.554877,0.000000
retail_pesado,8,7,365,297,131.202456,63.838362,51.500568,227.318008,112.658452,0.000000
retail_pesado,8,1,365,298,140.025323,61.293478,48.157873,227.859638,101.990388,0.000000
retail_pesado,8,7,365,298,141.830692,59.921027,46.609904,227.756067,98.533088,0.000000
retail_pesado,8,1,365,299,128.637542,66.700351,54.709393,229.285451,120.813633,0.000000
retail_pesado,8,7,365,299,129.565525,66.366427,54.285274,229.216585,119.361089,0.000000
retail_pesado,8,1,365,300,115.454852,54.835240,44.091997,229.681565,111.187377,0.000000
retail_pesado,8,7,365,300,115.452727,54.151363,43.408120,229.677411,109.850591,0.000000
retail_pesado,12,1,365,1,142.769305,67.370106,54.011796,228.441221,109.909521,0.000000
retail_pesado,12,7,365,1,142.980145,66.939000,53.560383,228.431497,109.072071,0.000000
retail_pesado,12,1,365,2,116.215665,58.130721,47.353248,230.447235,117.268216,0.000000
retail_pesado,12,7,365,2,116.217080,57.424935,46.647462,230.449992,115.892986,0.000000
retail_pesado,12,1,365,3,123.501435,58.146341,46.729523,231.167512,110.953895,0.000000
retail_pesado,12,7,365,3,123.501435,56.690222,45.273404,231.167512,108.275522,0.000000
retail_pesado,12,1,365,4,123.756820,54.526014,43.021668,229.905342,103.531628,0.000000
retail_pesado,12,7,365,4,123.921052,53.838044,42.318221,229.901222,102.143776,0.000000
retail_pesado,12,1,365,5,124.910568,53.632019,42.059675,230.671617,101.324483,0.000000
retail_pesado,12,7,365,5,125.043082,53.257775,41.672180,230.652556,100.534815,0.000000
retail_pesado,12,1,365,6,116.252089,52.806609,42.005301,230.018355,106.667083,0.000000
retail_pesado,12,7,365,6,116.253425,51.815413,41.014105,230.020953,104.739991,0.000000
retail_pesado,12,1,365,7,127.247549,53.050279,41.189584,229.298646,97.928378,0.000000
retail_pesado,12,7,365,7,127.480921,51.974686,40.091206,229.279072,95.847539,0.000000
retail_pesado,12,1,365,8,132.959621,60.009317,47.656277,230.029547,106.015023,0.000000
retail_pesado,12,7,365,8,133.054269,59.186484,46.825233,230.040200,104.549383,0.000000
retail_pesado,12,1,365,9,127.793911,63.013802,51.099662,229.251015,115.068850,0.000000
retail_pesado,12,7,365,9,128.289893,62.922867,50.960427,229.212227,114.460759,0.000000
retail_pesado,12,1,365,10,111.843206,52.938576,42.653448,232.359562,112.089086,0.000000
retail_pesado,12,7,365,10,111.840119,51.767850,41.482722,232.353259,109.698719,0.000000
retail_pesado,12,1,365,11,108.789270,46.947323,36.894665,231.260757,102.072945,0.000000
retail_pesado,12,7,365,11,108.940857,46.651843,36.584506,231.245596,101.313589,0.000000
retail_pesado,12,1,365,12,120.315754,54.066746,42.950858,231.299055,106.142237,0.000000
retail_pesado,12,7,365,12,120.412235,53.024972,41.899802,231.291532,104.090552,0.000000
retail_pesado,12,1,365,13,113.187177,52.752187,42.278122,230.934883,109.765614,0.000000
retail_pesado,12,7,365,13,113.884121,52.518183,41.975910,230.854924,108.615185,0.000000
retail_pesado,12,1,365,14,129.549468,63.919059,51.922137,230.769735,115.887052,0.000000
retail_pesado,12,7,365,14,129.783354,62.508183,50.488875,230.756019,113.213595,0.000000
retail_pesado,12,1,365,15,128.202923,55.733872,43.824037,230.053626,102.272671,0.000000
retail_pesado,12,7,365,15,128.204447,54.026994,42.117159,230.056313,99.263022,0.000000
retail_pesado,12,1,365,16,110.659752,48.363207,38.199291,232.637741,103.924806,0.000000
retail_pesado,12,7,365,16,111.025049,48.039467,37.839872,232.590060,102.908711,0.000000
retail_pesado,12,1,365,17,117.548084,55.488185,44.626019,231.257599,111.276198,0.000000
retail_pesado,12,7,365,17,118.101409,54.832591,43.916980,231.209415,109.489689,0.000000
retail_pesado,12,1,365,18,121.009299,47.452220,36.197816,229.795633,92.542815,0.000000
retail_pesado,12,7,365,18,121.155568,45.921653,34.653242,229.787551,89.580363,0.000000
retail_pesado,12,1,365,19,140.162117,64.835864,51.740789,228.771867,107.974444,0.000000
retail_pesado,12,7,365,19,141.583534,63.857635,50.624128,228.676211,105.334464,0.000000
retail_pesado,12,1,365,20,117.555678,56.856374,45.962372,230.608113,113.600112,0.000000
retail_pesado,12,7,365,20,117.779275,55.790338,44.874790,230.590985,111.332870,0.000000
retail_pesado,12,1,365,21,122.002521,58.475797,47.138212,229.978720,112.311579,0.000000
retail_pesado,12,7,365,21,122.034028,57.572143,46.232038,229.986848,110.614092,0.000000
retail_pesado,12,1,365,22,102.399243,43.845039,34.430445,232.409648,101.799843,0.000000
retail_pesado,12,7,365,22,102.404917,42.268647,32.854053,232.422304,98.283576,0.000000
retail_pesado,12,1,365,23,115.390707,52.021495,41.383315,231.783779,106.691568,0.000000
retail_pesado,12,7,365,23,115.390707,50.666767,40.028587,231.783779,104.017306,0.000000
retail_pesado,12,1,365,24,115.910827,57.491288,46.798613,231.644380,116.910665,0.000000
retail_pesado,12,7,365,24,115.907731,56.490561,45.797886,231.638299,114.945275,0.000000
retail_pesado,12,1,365,25,134.095842,58.666382,46.148324,228.956034,102.417343,0.000000
retail_pesado,12,7,365,25,134.756079,57.605725,45.023869,228.917346,100.147995,0.000000
retail_pesado,12,1,365,26,129.445458,58.962300,46.960254,230.490935,107.166434,0.000000
retail_pesado,12,7,365,26,130.086283,57.886441,45.822676,230.447709,104.765826,0.000000
retail_pesado,12,1,365,27,129.484398,65.042754,53.021094,230.189425,117.619736,0.000000
retail_pesado,12,7,365,27,129.545650,63.389585,51.361940,230.183817,114.676801,0.000000
retail_pesado,12,1,365,28,119.606555,51.323977,40.224868,230.300837,101.107211,0.000000
retail_pesado,12,7,365,28,119.648545,50.217584,39.114233,230.293796,98.977567,0.000000
retail_pesado,12,1,365,29,107.016391,47.876355,38.072358,233.227346,106.550362,0.000000
retail_pesado,12,7,365,29,107.102887,46.966564,37.154125,233.215247,104.515054,0.000000
retail_pesado,12,1,365,30,127.315248,60.377983,48.587008,230.751410,111.534588,0.000000
retail_pesado,12,7,365,30,127.312159,59.951758,48.160783,230.745909,110.775472,0.000000
retail_pesado,12,1,365,31,111.621755,51.277834,40.965574,231.307773,108.422746,0.000000
retail_pesado,12,7,365,31,111.648968,50.930193,40.615266,231.304403,107.687990,0.000000
retail_pesado,12,1,365,32,116.942975,49.398086,38.603183,231.496484,100.097186,0.000000
retail_pesado,12,7,365,32,116.938403,48.392216,37.597313,231.487590,98.140405,0.000000
retail_pesado,12,1,365,33,121.490145,59.592104,48.367142,231.287455,115.486718,0.000000
retail_pesado,12,7,365,33,123.079172,58.748029,47.368801,231.138661,112.417601,0.000000
retail_pesado,12,1,365,34,116.540287,56.508418,45.706144,230.558410,113.854348,0.000000
retail_pesado,12,7,365,34,116.540287,55.874011,45.071737,230.558410,112.621040,0.000000
retail_pesado,12,1,365,35,131.900058,65.756839,53.457370,229.204943,116.272620,0.000000
retail_pesado,12,7,365,35,132.395837,63.627835,51.280087,229.167583,112.212811,0.000000
retail_pesado,12,1,365,36,114.608043,52.030205,41.464958,231.800533,107.417771,0.000000
retail_pesado,12,7,365,36,114.612560,51.292531,40.727284,231.809512,105.951535,0.000000
retail_pesado,12,1,365,37,108.448082,49.780791,39.797727,232.127329,108.717009,0.000000
retail_pesado,12,7,365,37,108.669030,48.421925,38.417420,232.102203,105.640254,0.000000
retail_pesado,12,1,365,38,130.800463,60.040794,47.877279,229.823680,107.658906,0.000000
retail_pesado,12,7,365,38,130.853517,59.484223,47.315227,229.813523,106.651745,0.000000
retail_pesado,12,1,365,39,108.329416,49.457728,39.477814,231.949633,108.070263,0.000000
retail_pesado,12,7,365,39,108.495452,48.500169,38.503749,231.922045,105.886829,0.000000
retail_pesado,12,1,365,40,128.517435,58.496767,46.571392,230.312895,107.009935,0.000000
retail_pesado,12,7,365,40,129.807940,58.756443,46.705782,230.208898,106.391503,0.000000
retail_pesado,12,1,365,41,123.312242,55.042938,43.594704,230.197078,104.967686,0.000000
retail_pesado,12,7,365,41,123.645676,54.642749,43.162364,230.173530,103.952896,0.000000
retail_pesado,12,1,365,42,112.767412,52.602602,42.186959,231.361446,110.057267,0.000000
retail_pesado,12,7,365,42,112.910924,51.330800,40.901150,231.345060,107.354072,0.000000
retail_pesado,12,1,365,43,138.248767,62.135656,49.233571,229.019763,105.134722,0.000000
retail_pesado,12,7,365,43,138.774273,61.652891,48.700175,228.992174,103.956696,0.000000
retail_pesado,12,1,365,44,118.353482,57.047139,46.123107,231.518843,113.665544,0.000000
retail_pesado,12,7,365,44,119.259569,56.978696,45.967052,231.436607,112.662485,0.000000
retail_pesado,12,1,365,45,124.517033,57.300250,45.757369,230.534233,108.246526,0.000000
retail_pesado,12,7,365,45,125.524663,57.329856,45.688695,230.439435,107.419836,0.000000
retail_pesado,12,1,365,46,119.043435,49.055723,38.003045,230.181577,97.205482,0.000000
retail_pesado,12,7,365,46,119.094926,48.020647,36.962803,230.173696,95.196221,0.000000
retail_pesado,12,1,365,47,138.982624,62.254650,49.297377,229.250722,104.896821,0.000000
retail_pesado,12,7,365,47,139.082880,60.908847,47.942082,229.248200,102.643400,0.000000
retail_pesado,12,1,365,48,111.195783,51.506291,41.268077,232.078007,109.646561,0.000000
retail_pesado,12,7,365,48,111.195783,51.058343,40.820129,232.078007,108.727758,0.000000
retail_pesado,12,1,365,49,125.786268,48.407440,36.731713,230.239585,91.065776,0.000000
retail_pesado,12,7,365,49,125.787766,48.068322,36.392595,230.242279,90.455837,0.000000
retail_pesado,12,1,365,50,111.442144,51.198172,40.874635,230.694109,108.146632,0.000000
retail_pesado,12,7,365,50,112.005905,49.958274,39.579801,230.634882,105.086522,0.000000
retail_pesado,12,1,365,51,136.896498,71.559707,58.778582,228.927497,121.576023,0.000000
retail_pesado,12,7,365,51,136.916562,71.124751,58.341526,228.923507,120.842171,0.000000
retail_pesado,12,1,365,52,122.696781,57.696452,46.327262,230.632891,110.570959,0.000000
retail_pesado,12,7,365,52,122.823984,56.959968,45.578346,230.620043,109.095682,0.000000
retail_pesado,12,1,365,53,136.097897,68.613580,55.947010,229.637709,117.754960,0.000000
retail_pesado,12,7,365,53,136.144768,67.666093,54.994945,229.633867,116.143584,0.000000
retail_pesado,12,1,365,54,120.501217,58.139076,46.966719,230.498809,113.280484,0.000000
retail_pesado,12,7,365,54,120.985733,56.570012,45.350321,230.450122,109.882618,0.000000
retail_pesado,12,1,365,55,129.283587,67.408895,55.379402,229.691584,121.676346,0.000000
retail_pesado,12,7,365,55,129.542236,65.949728,53.894699,229.664074,118.885189,0.000000
retail_pesado,12,1,365,56,117.999572,49.080989,38.128229,230.243523,98.104204,0.000000
retail_pesado,12,7,365,56,118.592892,48.828035,37.817735,230.192813,97.129954,0.000000
retail_pesado,12,1,365,57,119.518573,60.238949,49.171424,230.779703,118.299984,0.000000
retail_pesado,12,7,365,57,120.400758,59.420157,48.267183,230.703292,115.882560,0.000000
retail_pesado,12,1,365,58,133.160372,64.183154,51.835700,230.473232,113.159851,0.000000
retail_pesado,12,7,365,58,135.519960,64.730986,52.153666,230.273893,112.079520,0.000000
retail_pesado,12,1,365,59,121.225517,52.549207,41.318785,230.682119,102.262856,0.000000
retail_pesado,12,7,365,59,121.281452,52.049588,40.814126,230.684981,101.284949,0.000000
retail_pesado,12,1,365,60,114.729147,52.568366,41.961623,231.149096,108.078668,0.000000
retail_pesado,12,7,365,60,114.843222,52.214725,41.596978,231.139304,107.271364,0.000000
retail_pesado,12,1,365,61,138.700729,66.707798,53.800169,229.658431,112.529905,0.000000
retail_pesado,12,7,365,61,138.767156,63.358916,50.444336,229.644990,107.025977,0.000000
retail_pesado,12,1,365,62,102.544385,43.217118,33.769155,231.925542,100.058745,0.000000
retail_pesado,12,7,365,62,102.544385,42.160160,32.712197,231.925542,97.709443,0.000000
retail_pesado,12,1,365,63,100.307829,49.322383,40.124173,233.008080,116.605608,0.000000
retail_pesado,12,7,365,63,100.387814,48.913815,39.707499,232.988891,115.574501,0.000000
retail_pesado,12,1,365,64,117.126317,52.659680,41.811563,230.735447,105.939652,0.000000
retail_pesado,12,7,365,64,117.552200,51.716054,40.826189,230.687493,103.729164,0.000000
retail_pesado,12,1,365,65,111.324778,48.776729,38.535701,232.279850,104.020360,0.000000
retail_pesado,12,7,365,65,111.624581,48.077150,37.807142,232.248722,102.307630,0.000000
retail_pesado,12,1,365,66,116.557293,58.120686,47.390379,232.111195,117.746457,0.000000
retail_pesado,12,7,365,66,116.633733,57.495495,46.757586,232.099194,116.443251,0.000000
retail_pesado,12,1,365,67,124.999441,57.494611,45.858616,229.592075,107.763092,0.000000
retail_pesado,12,7,365,67,125.055152,55.499781,43.858074,229.581883,104.113788,0.000000
retail_pesado,12,1,365,68,129.025697,58.777043,46.730813,228.928433,106.465078,0.000000
retail_pesado,12,7,365,68,129.065761,58.209761,46.159478,228.922600,105.442013,0.000000
retail_pesado,12,1,365,69,118.876657,58.702105,47.684203,230.577600,115.885565,0.000000
retail_pesado,12,7,365,69,119.174348,57.831195,46.784628,230.555572,113.939594,0.000000
retail_pesado,12,1,365,70,119.657964,55.691625,44.592957,230.407101,109.375178,0.000000
retail_pesado,12,7,365,70,119.745253,53.614085,42.507038,230.401339,105.367698,0.000000
retail_pesado,12,1,365,71,119.823278,55.502070,44.408757,230.829337,109.067211,0.000000
retail_pesado,12,7,365,71,120.761643,54.773047,43.588069,230.732185,106.837393,0.000000
retail_pesado,12,1,365,72,122.372307,54.757093,43.421965,230.712786,105.445607,0.000000
retail_pesado,12,7,365,72,122.701124,54.225638,42.858800,230.687809,104.180753,0.000000
retail_pesado,12,1,365,73,118.201875,57.358928,46.449239,231.526135,114.409882,0.000000
retail_pesado,12,7,365,73,119.222941,56.724758,45.715340,231.412726,112.200081,0.000000
retail_pesado,12,1,365,74,117.561917,48.034840,37.157029,230.957451,96.732963,0.000000
retail_pesado,12,7,365,74,117.700370,47.290494,36.399306,230.945653,95.183842,0.000000
retail_pesado,12,1,365,75,120.683850,58.185456,47.079270,232.193626,114.019279,0.000000
retail_pesado,12,7,365,75,122.093860,58.083184,46.839931,232.045305,112.487006,0.000000
retail_pesado,12,1,365,76,126.354529,58.619810,46.861994,229.674999,108.697675,0.000000
retail_pesado,12,7,365,76,127.348561,58.047273,46.192920,229.598123,106.830810,0.000000
retail_pesado,12,1,365,77,120.911017,55.765282,44.542042,230.238712,108.343390,0.000000
retail_pesado,12,7,365,77,121.236825,55.063291,43.807963,230.201611,106.736153,0.000000
retail_pesado,12,1,365,78,117.839317,53.521971,42.607977,230.738777,106.983508,0.000000
retail_pesado,12,7,365,78,117.837855,52.937005,42.023011,230.735964,105.857954,0.000000
retail_pesado,12,1,365,79,112.805345,45.074520,34.627020,230.744412,94.602049,0.000000
retail_pesado,12,7,365,79,113.114354,43.860425,33.382727,230.710241,91.907566,0.000000
retail_pesado,12,1,365,80,120.368345,56.659592,45.495824,230.423126,110.581526,0.000000
retail_pesado,12,7,365,80,120.584241,56.494941,45.310236,230.404636,110.072869,0.000000
retail_pesado,12,1,365,81,100.808386,44.971777,35.741122,233.341916,106.312059,0.000000
retail_pesado,12,7,365,81,100.808386,44.828879,35.598224,233.341916,105.986962,0.000000
retail_pesado,12,1,365,82,139.044758,61.235892,48.272781,229.249936,103.201011,0.000000
retail_pesado,12,7,365,82,139.041714,59.870482,46.907371,229.245004,100.989072,0.000000
retail_pesado,12,1,365,83,126.036264,64.208164,52.501357,230.087399,119.178412,0.000000
retail_pesado,12,7,365,83,126.087496,62.008065,50.296386,230.085211,115.185540,0.000000
retail_pesado,12,1,365,84,116.231240,51.611340,40.835820,230.518631,104.583372,0.000000
retail_pesado,12,7,365,84,116.482770,50.122369,39.322279,230.492388,101.459349,0.000000
retail_pesado,12,1,365,85,122.595655,60.107902,48.761854,230.907973,115.251595,0.000000
retail_pesado,12,7,365,85,122.733579,58.699964,47.340728,230.899517,112.519556,0.000000
retail_pesado,12,1,365,86,117.642960,56.762794,45.881623,231.043777,113.548749,0.000000
retail_pesado,12,7,365,86,117.645964,55.711902,44.830731,231.049574,111.520591,0.000000
retail_pesado,12,1,365,87,125.727079,61.459823,49.770005,229.860545,114.408586,0.000000
retail_pesado,12,7,365,87,125.726103,59.578097,47.887691,229.847431,111.022804,0.000000
retail_pesado,12,1,365,88,122.699027,58.117876,46.773529,231.133353,111.584455,0.000000
retail_pesado,12,7,365,88,122.695899,56.030245,44.685898,231.127562,107.719954,0.000000
retail_pesado,12,1,365,89,112.375042,54.450065,44.112836,232.289020,114.614882,0.000000
retail_pesado,12,7,365,89,112.376586,53.647105,43.309876,232.292157,112.983675,0.000000
retail_pesado,12,1,365,90,119.603211,56.370280,45.323713,231.370859,111.162332,0.000000
retail_pesado,12,7,365,90,119.817274,55.212147,44.144979,231.353805,108.765291,0.000000
retail_pesado,12,1,365,91,114.029408,55.694464,45.097906,229.980698,114.373928,0.000000
retail_pesado,12,7,365,91,114.134462,55.472842,44.866015,229.969906,113.828291,0.000000
retail_pesado,12,1,365,92,117.768520,50.473737,39.544770,230.292102,100.985238,0.000000
retail_pesado,12,7,365,92,118.022572,49.395070,38.441428,230.269401,98.698773,0.000000
retail_pesado,12,1,365,93,112.108634,48.036881,37.690286,231.541652,101.498211,0.000000
retail_pesado,12,7,365,93,112.126223,47.919163,37.570993,231.542714,101.244481,0.000000
retail_pesado,12,1,365,94,105.450826,47.898966,38.175126,231.735889,107.444552,0.000000
retail_pesado,12,7,365,94,105.644488,46.738194,36.995160,231.704660,104.738852,0.000000
retail_pesado,12,1,365,95,104.082725,41.784760,32.202460,232.101523,95.572999,0.000000
retail_pesado,12,7,365,95,104.079899,41.440568,31.858268,232.095330,94.818689,0.000000
retail_pesado,12,1,365,96,121.056580,50.104467,38.853465,229.952158,97.520008,0.000000
retail_pesado,12,7,365,96,121.142901,49.904140,38.644696,229.943743,97.076259,0.000000
retail_pesado,12,1,365,97,109.574542,50.157139,40.076236,232.259848,108.484678,0.000000
retail_pesado,12,7,365,97,109.573026,49.838520,39.757617,232.256690,107.820949,0.000000
retail_pesado,12,1,365,98,106.573054,42.610971,32.783706,231.737232,95.055893,0.000000
retail_pesado,12,7,365,98,106.674003,42.376217,32.539355,231.730557,94.465897,0.000000
retail_pesado,12,1,365,99,122.135716,55.299901,43.968343,230.345754,106.483517,0.000000
retail_pesado,12,7,365,99,122.235716,54.700971,43.359921,230.341479,105.288716,0.000000
retail_pesado,12,1,365,100,123.077710,58.397560,46.978516,230.343984,111.395045,0.000000
retail_pesado,12,7,365,100,123.370312,56.879078,45.431453,230.315638,108.341349,0.000000
retail_pesado,12,1,365,101,118.340725,56.323827,45.406662,231.637415,112.343179,0.000000
retail_pesado,12,7,365,101,119.276877,55.408461,44.400303,231.541648,109.701396,0.000000
retail_pesado,12,1,365,102,114.991340,55.718573,45.104165,231.503799,114.236013,0.000000
retail_pesado,12,7,365,102,114.989839,54.349087,43.734679,231.500829,111.526565,0.000000
retail_pesado,12,1,365,103,126.991174,57.080148,45.322941,230.823824,105.953050,0.000000
retail_pesado,12,7,365,103,127.166304,56.171614,44.397313,230.806872,104.184622,0.000000
retail_pesado,12,1,365,104,116.578029,51.782706,41.040366,231.896213,105.229045,0.000000
retail_pesado,12,7,365,104,116.581152,51.305305,40.562965,231.902318,104.295783,0.000000
retail_pesado,12,1,365,105,126.391317,61.637981,49.923131,230.568642,114.492033,0.000000
retail_pesado,12,7,365,105,127.212062,60.946557,49.151676,230.492603,112.511285,0.000000
retail_pesado,12,1,365,106,114.301442,56.379567,45.812136,231.144164,116.039615,0.000000
retail_pesado,12,7,365,106,114.305745,56.332230,45.764799,231.152715,115.945545,0.000000
retail_pesado,12,1,365,107,116.176610,58.805918,48.046568,230.752435,118.776847,0.000000
retail_pesado,12,7,365,107,116.330536,57.366496,46.591984,230.733355,115.809836,0.000000
retail_pesado,12,1,365,108,128.684447,63.934548,51.929499,229.103070,115.838402,0.000000
retail_pesado,12,7,365,108,129.257764,63.345054,51.284418,229.063839,114.296515,0.000000
retail_pesado,12,1,365,109,127.845143,61.153077,49.325982,230.999783,112.582421,0.000000
retail_pesado,12,7,365,109,128.951330,61.080499,49.145821,230.899957,111.475918,0.000000
retail_pesado,12,1,365,110,126.711359,59.299468,47.533441,230.154380,109.837665,0.000000
retail_pesado,12,7,365,110,127.970213,59.237444,47.348168,230.033484,108.630957,0.000000
retail_pesado,12,1,365,111,120.515973,55.504714,44.388994,231.680747,108.860412,0.000000
retail_pesado,12,7,365,111,120.514399,52.474953,41.359233,231.677773,103.136538,0.000000
retail_pesado,12,1,365,112,116.481681,47.351200,36.553966,230.550180,96.095363,0.000000
retail_pesado,12,7,365,112,117.702511,46.351657,35.435311,230.426749,93.167638,0.000000
retail_pesado,12,1,365,113,126.971341,57.242693,45.474062,230.568253,106.144128,0.000000
retail_pesado,12,7,365,113,127.834098,57.243184,45.390448,230.489146,105.420200,0.000000
retail_pesado,12,1,365,114,117.741370,51.517207,40.639942,231.315301,103.460787,0.000000
retail_pesado,12,7,365,114,118.361851,51.488924,40.551200,231.250100,102.856709,0.000000
retail_pesado,12,1,365,115,135.114079,64.403809,51.808072,229.266347,111.376010,0.000000
retail_pesado,12,7,365,115,137.519163,63.639908,50.809391,229.080753,108.160890,0.000000
retail_pesado,12,1,365,116,129.155424,58.003405,46.015786,230.255431,105.610796,0.000000
retail_pesado,12,7,365,116,129.318407,57.277651,45.274261,230.243299,104.207580,0.000000
retail_pesado,12,1,365,117,131.904720,58.486050,46.235238,230.107389,104.255155,0.000000
retail_pesado,12,7,365,117,132.231799,57.221993,44.939828,230.089438,101.837950,0.000000
retail_pesado,12,1,365,118,122.263704,60.086471,48.800588,231.499947,115.804800,0.000000
retail_pesado,12,7,365,118,122.640693,59.538995,48.216593,231.465387,114.428767,0.000000
retail_pesado,12,1,365,119,128.213449,58.953081,47.050575,230.211390,108.012944,0.000000
retail_pesado,12,7,365,119,128.614949,58.502007,46.560735,230.183101,106.882016,0.000000
retail_pesado,12,1,365,120,125.292723,53.587145,41.915744,229.435420,100.417734,0.000000
retail_pesado,12,7,365,120,125.287358,51.856540,40.185139,229.425767,97.303909,0.000000
retail_pesado,12,1,365,121,125.057805,63.259899,51.714288,231.464264,119.061722,0.000000
retail_pesado,12,7,365,121,125.057805,62.348881,50.803270,231.464264,117.404695,0.000000
retail_pesado,12,1,365,122,130.261518,63.854570,51.749078,229.971144,114.771703,0.000000
retail_pesado,12,7,365,122,132.018228,63.591153,51.315099,229.836640,112.782041,0.000000
retail_pesado,12,1,365,123,117.564557,49.021027,38.101174,230.088730,98.272474,0.000000
retail_pesado,12,7,365,123,117.830575,48.722791,37.777339,230.070342,97.479794,0.000000
retail_pesado,12,1,365,124,125.950768,60.152978,48.432101,229.662818,111.774575,0.000000
retail_pesado,12,7,365,124,126.072569,59.558656,47.826145,229.657061,110.603929,0.000000
retail_pesado,12,1,365,125,112.777078,57.938564,47.539280,231.738625,120.999386,0.000000
retail_pesado,12,7,365,125,112.880579,57.079803,46.670544,231.729194,119.154773,0.000000
retail_pesado,12,1,365,126,118.549039,52.977897,41.984544,230.457735,105.200774,0.000000
retail_pesado,12,7,365,126,118.813693,51.619308,40.600104,230.430834,102.374207,0.000000
retail_pesado,12,1,365,127,121.294627,52.070138,40.826024,230.535160,101.248470,0.000000
retail_pesado,12,7,365,127,121.397811,51.625335,40.370847,230.518881,100.328862,0.000000
retail_pesado,12,1,365,128,118.799627,56.416077,45.416088,230.799515,111.703526,0.000000
retail_pesado,12,7,365,128,120.430364,55.283769,44.125188,230.645094,108.041826,0.000000
retail_pesado,12,1,365,129,128.528578,60.920233,49.019197,230.795393,111.496935,0.000000
retail_pesado,12,7,365,129,128.865251,60.221386,48.287317,230.760066,109.969648,0.000000
retail_pesado,12,1,365,130,112.408138,48.794897,38.355713,230.125998,102.158326,0.000000
retail_pesado,12,7,365,130,112.480320,47.894576,37.448357,230.118821,100.282310,0.000000
retail_pesado,12,1,365,131,119.711116,55.279522,44.190472,230.704130,108.686151,0.000000
retail_pesado,12,7,365,131,120.134394,54.156885,43.027074,230.672517,106.184537,0.000000
retail_pesado,12,1,365,132,116.901278,56.978448,46.168026,231.088900,114.684615,0.000000
retail_pesado,12,7,365,132,116.953856,55.632363,44.816796,231.082961,112.018342,0.000000
retail_pesado,12,1,365,133,124.213511,56.103470,44.548535,229.746292,105.962743,0.000000
retail_pesado,12,7,365,133,124.400277,55.634260,44.061622,229.739872,104.955327,0.000000
retail_pesado,12,1,365,134,119.360855,55.094463,44.040231,230.752791,108.664324,0.000000
retail_pesado,12,7,365,134,119.398535,54.177295,43.119241,230.745975,106.886384,0.000000
retail_pesado,12,1,365,135,119.376724,54.953325,43.931832,231.456589,108.706307,0.000000
retail_pesado,12,7,365,135,119.629416,54.840810,43.795083,231.437971,108.262671,0.000000
retail_pesado,12,1,365,136,122.573575,55.121088,43.768761,230.741625,105.965249,0.000000
retail_pesado,12,7,365,136,122.787158,53.624008,42.250828,230.720259,103.014011,0.000000
retail_pesado,12,1,365,137,129.194353,60.021111,47.999556,229.684732,108.848609,0.000000
retail_pesado,12,7,365,137,129.486690,59.222223,47.172528,229.667163,107.211465,0.000000
retail_pesado,12,1,365,138,114.480127,44.452788,33.840984,230.547971,91.968883,0.000000
retail_pesado,12,7,365,138,114.528941,43.477165,32.860741,230.545941,90.000753,0.000000
retail_pesado,12,1,365,139,108.511374,43.147207,33.127057,231.415643,94.426924,0.000000
retail_pesado,12,7,365,139,108.512830,43.022812,33.002662,231.418694,94.166220,0.000000
retail_pesado,12,1,365,140,131.217725,57.866312,45.664220,229.827852,103.588869,0.000000
retail_pesado,12,7,365,140,131.214752,56.157606,43.955514,229.822735,100.648158,0.000000
retail_pesado,12,1,365,141,108.846158,45.100085,35.032202,231.035745,98.071591,0.000000
retail_pesado,12,7,365,141,109.141486,44.667015,34.570698,231.010622,96.905890,0.000000
retail_pesado,12,1,365,142,124.381867,57.136885,45.587326,230.157484,107.889212,0.000000
retail_pesado,12,7,365,142,124.598351,56.119367,44.549375,230.151010,105.858904,0.000000
retail_pesado,12,1,365,143,122.841406,60.301827,48.846831,229.200386,114.549000,0.000000
retail_pesado,12,7,365,143,123.040982,59.501555,48.026945,229.180692,112.895436,0.000000
retail_pesado,12,1,365,144,114.957904,51.794352,41.187672,231.603358,106.546827,0.000000
retail_pesado,12,7,365,144,114.957904,51.509011,40.902331,231.603358,105.981885,0.000000
retail_pesado,12,1,365,145,128.287441,54.811702,42.869905,229.597225,100.387984,0.000000
retail_pesado,12,7,365,145,128.574215,53.281434,41.312043,229.580275,97.480955,0.000000
retail_pesado,12,1,365,146,114.598338,53.103212,42.503231,231.034850,109.204664,0.000000
retail_pesado,12,7,365,146,115.144610,52.520875,41.867659,230.977169,107.531025,0.000000
retail_pesado,12,1,365,147,135.186630,64.274199,51.638667,228.677460,110.822426,0.000000
retail_pesado,12,7,365,147,135.753094,63.738073,51.047479,228.639995,109.471780,0.000000
retail_pesado,12,1,365,148,125.143986,57.415541,45.788093,230.018960,107.696559,0.000000
retail_pesado,12,7,365,148,125.453587,56.644648,44.986687,229.985087,106.036505,0.000000
retail_pesado,12,1,365,149,141.532951,66.115207,52.876219,228.502958,108.873526,0.000000
retail_pesado,12,7,365,149,141.687445,65.519835,52.266189,228.499458,107.814190,0.000000
retail_pesado,12,1,365,150,106.031739,50.194788,40.448856,232.471379,112.156976,0.000000
retail_pesado,12,7,365,150,106.028756,49.422635,39.676703,232.464951,110.493183,0.000000
retail_pesado,12,1,365,151,112.745780,55.401348,45.041313,232.537971,116.299650,0.000000
retail_pesado,12,7,365,151,112.745780,54.372824,44.012789,232.537971,114.214811,0.000000
retail_pesado,12,1,365,152,101.082817,51.975128,42.660053,231.882133,121.173257,0.000000
retail_pesado,12,7,365,152,101.084168,51.431156,42.116081,231.885178,119.946921,0.000000
retail_pesado,12,1,365,153,125.389301,56.843908,45.177337,229.702593,106.319873,0.000000
retail_pesado,12,7,365,153,126.013928,54.609108,42.881784,229.651861,101.787974,0.000000
retail_pesado,12,1,365,154,121.734939,55.831124,44.512649,229.863795,107.587595,0.000000
retail_pesado,12,7,365,154,121.808166,55.438641,44.113425,229.865139,106.798168,0.000000
retail_pesado,12,1,365,155,122.967141,59.437139,48.070406,231.181369,113.809908,0.000000
retail_pesado,12,7,365,155,122.974253,58.810691,47.442950,231.174362,112.642913,0.000000
retail_pesado,12,1,365,156,130.429349,61.027136,48.881534,229.515074,109.517195,0.000000
retail_pesado,12,7,365,156,130.497928,60.290676,48.138795,229.517061,108.189977,0.000000
retail_pesado,12,1,365,157,124.703187,58.878753,47.276190,229.705900,110.567299,0.000000
retail_pesado,12,7,365,157,124.708762,58.231625,46.629062,229.715991,109.396033,0.000000
retail_pesado,12,1,365,158,127.033160,57.707037,45.897645,229.896165,106.617288,0.000000
retail_pesado,12,7,365,158,127.162328,57.002211,45.180492,229.890066,105.258238,0.000000
retail_pesado,12,1,365,159,138.966962,66.799535,53.843312,229.243592,112.271541,0.000000
retail_pesado,12,7,365,159,139.077119,66.194621,53.227646,229.235222,111.202106,0.000000
retail_pesado,12,1,365,160,125.082001,58.601508,47.044347,231.280906,110.482177,0.000000
retail_pesado,12,7,365,160,125.179368,56.885068,45.318394,231.270755,107.278299,0.000000
retail_pesado,12,1,365,161,115.830316,56.328100,45.574105,230.189117,113.995410,0.000000
retail_pesado,12,7,365,161,116.459898,55.729531,44.914048,230.125625,112.207848,0.000000
retail_pesado,12,1,365,162,125.557767,52.079777,40.406906,229.883856,97.693771,0.000000
retail_pesado,12,7,365,162,125.553504,50.845878,39.173007,229.876186,95.473934,0.000000
retail_pesado,12,1,365,163,120.694578,52.883835,41.655513,229.731515,102.907078,0.000000
retail_pesado,12,7,365,163,121.087656,52.592322,41.326011,229.703052,102.030204,0.000000
retail_pesado,12,1,365,164,121.881821,47.871010,36.517738,229.443224,92.546386,0.000000
retail_pesado,12,7,365,164,122.381905,46.931865,35.529747,229.398475,90.437375,0.000000
retail_pesado,12,1,365,165,119.611362,50.996853,39.907467,230.508357,100.572877,0.000000
retail_pesado,12,7,365,165,119.611362,48.876119,37.786733,230.508357,96.556838,0.000000
retail_pesado,12,1,365,166,135.626128,59.091478,46.413589,228.654806,101.880731,0.000000
retail_pesado,12,7,365,166,135.626128,58.389490,45.711601,228.654806,100.717939,0.000000
retail_pesado,12,1,365,167,117.724736,55.469758,44.582644,231.077576,110.994830,0.000000
retail_pesado,12,7,365,167,117.726218,54.494121,43.607007,231.080435,109.112937,0.000000
retail_pesado,12,1,365,168,122.940127,55.291126,43.879558,230.239082,105.748825,0.000000
retail_pesado,12,7,365,168,123.405807,54.744147,43.287807,230.208540,104.348548,0.000000
retail_pesado,12,1,365,169,124.793697,56.623675,45.007546,229.605934,106.366044,0.000000
retail_pesado,12,7,365,169,124.932139,55.494767,43.865387,229.598864,104.210854,0.000000
retail_pesado,12,1,365,170,118.930024,54.806706,43.802034,230.951835,108.586562,0.000000
retail_pesado,12,7,365,170,119.087882,54.091926,43.072260,230.943859,107.082111,0.000000
retail_pesado,12,1,365,171,127.244880,51.320999,39.465827,229.398879,94.908928,0.000000
retail_pesado,12,7,365,171,127.250865,51.009797,39.153890,229.395507,94.352069,0.000000
retail_pesado,12,1,365,172,108.498338,46.650881,36.631697,231.410246,101.779269,0.000000
retail_pesado,12,7,365,172,108.498338,46.212012,36.192828,231.410246,100.859410,0.000000
retail_pesado,12,1,365,173,133.692199,60.212028,47.739204,229.092263,105.376607,0.000000
retail_pesado,12,7,365,173,134.153563,59.446281,46.928664,229.060794,103.729197,0.000000
retail_pesado,12,1,365,174,127.065825,57.001985,45.198746,230.072040,105.416373,0.000000
retail_pesado,12,7,365,174,127.173474,55.782957,43.969197,230.062063,103.159124,0.000000
retail_pesado,12,1,365,175,129.323685,56.613168,44.617947,230.406615,103.112516,0.000000
retail_pesado,12,7,365,175,129.447436,55.207717,43.200568,230.398136,100.555982,0.000000
retail_pesado,12,1,365,176,116.864281,54.812252,43.956680,230.072832,110.033775,0.000000
retail_pesado,12,7,365,176,117.160053,54.059736,43.175541,230.048974,108.303023,0.000000
retail_pesado,12,1,365,177,127.049723,61.325554,49.524352,230.082409,113.127582,0.000000
retail_pesado,12,7,365,177,127.164878,60.225281,48.412403,230.063660,111.063739,0.000000
retail_pesado,12,1,365,178,138.675093,65.639486,52.668416,228.513240,110.269506,0.000000
retail_pesado,12,7,365,178,139.443141,64.856242,51.810559,228.465516,108.400902,0.000000
retail_pesado,12,1,365,179,122.356703,54.627465,43.295592,230.748990,105.234524,0.000000
retail_pesado,12,7,365,179,122.356703,53.618870,42.286997,230.748990,103.365416,0.000000
retail_pesado,12,1,365,180,140.016875,63.148062,50.045847,228.416587,105.212604,0.000000
retail_pesado,12,7,365,180,140.193130,61.358972,48.239537,228.404155,102.215999,0.000000
retail_pesado,12,1,365,181,114.326471,47.952807,37.355934,230.562675,99.028877,0.000000
retail_pesado,12,7,365,181,114.325062,46.391472,35.794599,230.559883,95.934754,0.000000
retail_pesado,12,1,365,182,118.675959,60.222360,49.250805,231.150585,119.268032,0.000000
retail_pesado,12,7,365,182,118.674480,58.162585,47.191030,231.147754,115.325539,0.000000
retail_pesado,12,1,365,183,122.282469,55.952495,44.688179,231.970509,108.311916,0.000000
retail_pesado,12,7,365,183,122.285713,54.971085,43.706769,231.976556,106.482279,0.000000
retail_pesado,12,1,365,184,119.678990,54.443538,43.365471,230.867990,107.205215,0.000000
retail_pesado,12,7,365,184,119.997316,51.022591,39.913423,230.834596,100.449564,0.000000
retail_pesado,12,1,365,185,113.025385,54.698916,44.307402,232.410709,114.539930,0.000000
retail_pesado,12,7,365,185,113.576901,54.052411,43.607011,232.341176,112.669906,0.000000
retail_pesado,12,1,365,186,114.598176,57.831024,47.246583,231.367860,118.739314,0.000000
retail_pesado,12,7,365,186,115.320538,57.097855,46.443022,231.289466,116.536249,0.000000
retail_pesado,12,1,365,187,117.880468,49.161715,38.257150,231.014083,98.675579,0.000000
retail_pesado,12,7,365,187,118.186589,49.129056,38.195007,230.989871,98.357558,0.000000
retail_pesado,12,1,365,188,105.433902,47.117253,37.429113,232.538393,106.131297,0.000000
retail_pesado,12,7,365,188,105.433902,46.782688,37.094548,232.538393,105.406094,0.000000
retail_pesado,12,1,365,189,108.518630,54.351907,44.368927,232.277652,118.333600,0.000000
retail_pesado,12,7,365,189,108.683224,53.501847,43.503096,232.263280,116.367912,0.000000
retail_pesado,12,1,365,190,119.062940,56.294905,45.233806,230.046412,110.878440,0.000000
retail_pesado,12,7,365,190,119.448699,55.662761,44.563967,230.008581,109.319369,0.000000
retail_pesado,12,1,365,191,105.134160,47.107331,37.446302,232.528179,106.396333,0.000000
retail_pesado,12,7,365,191,105.135635,45.960526,36.299497,232.531385,103.903545,0.000000
retail_pesado,12,1,365,192,116.763692,51.080748,40.272909,230.875838,103.251637,0.000000
retail_pesado,12,7,365,192,116.970906,51.040010,40.212494,230.865426,102.992254,0.000000
retail_pesado,12,1,365,193,120.731936,53.745953,42.572693,230.914138,105.014834,0.000000
retail_pesado,12,7,365,193,120.894566,52.921469,41.732459,230.899957,103.325217,0.000000
retail_pesado,12,1,365,194,107.800177,53.117390,43.181513,231.841359,116.266405,0.000000
retail_pesado,12,7,365,194,107.803014,52.301166,42.365289,231.847355,114.541272,0.000000
retail_pesado,12,1,365,195,128.681521,62.298819,50.388375,230.885911,113.842688,0.000000
retail_pesado,12,7,365,195,129.117623,61.469771,49.517201,230.852475,111.998964,0.000000
retail_pesado,12,1,365,196,123.426243,51.040037,39.576410,230.102184,97.499272,0.000000
retail_pesado,12,7,365,196,123.527330,50.957499,39.483981,230.092287,97.267599,0.000000
retail_pesado,12,1,365,197,131.241194,58.344488,46.154009,230.083411,104.507474,0.000000
retail_pesado,12,7,365,197,131.293374,57.578893,45.383458,230.081387,103.148309,0.000000
retail_pesado,12,1,365,198,129.671330,59.656035,47.565684,229.229022,107.617896,0.000000
retail_pesado,12,7,365,198,130.100469,59.025507,46.893639,229.201086,106.171870,0.000000
retail_pesado,12,1,365,199,121.777453,56.542409,45.255854,230.581673,109.203987,0.000000
retail_pesado,12,7,365,199,121.846354,55.562423,44.269421,230.580446,107.321586,0.000000
retail_pesado,12,1,365,200,121.644071,53.088227,41.796506,230.229951,102.731873,0.000000
retail_pesado,12,7,365,200,121.812879,52.237856,40.929797,230.216582,101.010014,0.000000
retail_pesado,12,1,365,201,105.716653,48.274769,38.565566,232.654166,108.413322,0.000000
retail_pesado,12,7,365,201,105.719631,47.297142,37.587939,232.660607,106.298817,0.000000
retail_pesado,12,1,365,202,105.704403,45.725557,36.024733,232.825145,102.985065,0.000000
retail_pesado,12,7,365,202,105.704403,45.412916,35.712092,232.825145,102.308271,0.000000
retail_pesado,12,1,365,203,120.729742,56.226861,45.031047,230.452903,109.464782,0.000000
retail_pesado,12,7,365,203,121.131408,55.671099,44.435910,230.410038,108.056378,0.000000
retail_pesado,12,1,365,204,120.205998,51.465627,40.297197,230.023350,100.770823,0.000000
retail_pesado,12,7,365,204,120.260895,50.637707,39.463901,230.017777,99.168274,0.000000
retail_pesado,12,1,365,205,128.546591,57.726992,45.775262,229.865077,105.430239,0.000000
retail_pesado,12,7,365,205,129.128125,57.600921,45.592827,229.821902,104.733666,0.000000
retail_pesado,12,1,365,206,142.741861,67.211545,53.893954,229.084182,109.983314,0.000000
retail_pesado,12,7,365,206,143.084943,66.499160,53.148956,229.073999,108.603821,0.000000
retail_pesado,12,1,365,207,113.988824,46.950497,36.365447,230.145866,97.146506,0.000000
retail_pesado,12,7,365,207,114.157529,46.682366,36.080831,230.128396,96.470542,0.000000
retail_pesado,12,1,365,208,123.340644,57.014356,45.574774,230.420294,108.663043,0.000000
retail_pesado,12,7,365,208,123.342068,55.822705,44.383123,230.422908,106.475493,0.000000
retail_pesado,12,1,365,209,119.576943,59.584848,48.494895,230.431600,116.830216,0.000000
retail_pesado,12,7,365,209,120.440017,58.283023,47.108902,230.348037,113.533760,0.000000
retail_pesado,12,1,365,210,115.423847,54.281475,43.608708,231.110813,110.805570,0.000000
retail_pesado,12,7,365,210,115.426732,53.739704,43.066937,231.116489,109.739569,0.000000
retail_pesado,12,1,365,211,109.411655,51.961044,41.909541,232.587183,112.559081,0.000000
retail_pesado,12,7,365,211,110.702591,51.599014,41.421721,232.425615,110.470285,0.000000
retail_pesado,12,1,365,212,124.172914,56.909719,45.376246,230.092452,107.620487,0.000000
retail_pesado,12,7,365,212,124.216253,56.142602,44.604740,230.085328,106.184844,0.000000
retail_pesado,12,1,365,213,115.562531,54.664752,43.996395,231.477685,111.604179,0.000000
retail_pesado,12,7,365,213,115.559546,52.820687,42.152330,231.471809,107.974251,0.000000
retail_pesado,12,1,365,214,126.530664,59.290562,47.552591,230.371657,110.074703,0.000000
retail_pesado,12,7,365,214,126.592001,58.586778,46.842969,230.368806,108.763482,0.000000
retail_pesado,12,1,365,215,124.803598,57.485508,45.905604,230.329645,108.249195,0.000000
retail_pesado,12,7,365,215,124.802133,57.270592,45.690688,230.326988,107.859447,0.000000
retail_pesado,12,1,365,216,120.355205,51.044658,39.887148,230.525390,100.073211,0.000000
retail_pesado,12,7,365,216,120.435906,50.605886,39.440648,230.520386,99.181455,0.000000
retail_pesado,12,1,365,217,116.310333,50.946740,40.139174,230.000655,102.993755,0.000000
retail_pesado,12,7,365,217,117.635063,50.159636,39.223067,229.878548,100.314698,0.000000
retail_pesado,12,1,365,218,107.405192,40.582361,30.678215,231.733823,90.047760,0.000000
retail_pesado,12,7,365,218,108.186625,40.696915,30.717127,231.652043,89.636609,0.000000
retail_pesado,12,1,365,219,115.269487,54.828361,44.201899,231.795406,112.351733,0.000000
retail_pesado,12,7,365,219,115.613735,54.318742,43.659100,231.764538,111.010495,0.000000
retail_pesado,12,1,365,220,138.683018,69.464122,56.511889,228.852609,116.625102,0.000000
retail_pesado,12,7,365,220,139.264558,68.923960,55.915216,228.814611,115.263867,0.000000
retail_pesado,12,1,365,221,120.132000,51.285547,40.082047,229.177132,100.130359,0.000000
retail_pesado,12,7,365,221,120.362731,50.366412,39.140505,229.159299,98.219081,0.000000
retail_pesado,12,1,365,222,124.606246,55.255641,43.665468,229.771536,104.116577,0.000000
retail_pesado,12,7,365,222,124.775533,54.046081,42.439654,229.761657,101.787864,0.000000
retail_pesado,12,1,365,223,113.637318,56.625229,46.095913,230.641852,116.935143,0.000000
retail_pesado,12,7,365,223,113.727080,55.685812,45.147865,230.635101,114.970575,0.000000
retail_pesado,12,1,365,224,120.138298,56.762730,45.624561,230.509784,111.020940,0.000000
retail_pesado,12,7,365,224,120.403729,56.645991,45.481887,230.482869,110.552734,0.000000
retail_pesado,12,1,365,225,106.959065,47.026743,37.211049,232.831539,104.610471,0.000000
retail_pesado,12,7,365,225,106.962225,46.618632,36.802938,232.838300,103.737346,0.000000
retail_pesado,12,1,365,226,121.491738,57.708695,46.458596,230.782582,111.721948,0.000000
retail_pesado,12,7,365,226,121.688354,57.287090,46.017629,230.759331,110.751236,0.000000
retail_pesado,12,1,365,227,133.476583,59.399288,46.991249,229.902598,104.530394,0.000000
retail_pesado,12,7,365,227,133.862757,58.221618,45.775863,229.869616,102.238635,0.000000
retail_pesado,12,1,365,228,109.392253,47.857267,37.758556,231.478271,103.517908,0.000000
retail_pesado,12,7,365,228,109.550733,47.610280,37.496365,231.465368,102.855475,0.000000
retail_pesado,12,1,365,229,112.819752,50.231124,39.797169,231.067760,105.098155,0.000000
retail_pesado,12,7,365,229,112.819752,49.307621,38.873666,231.067760,103.239458,0.000000
retail_pesado,12,1,365,230,115.490887,51.668046,40.944963,230.176430,105.186287,0.000000
retail_pesado,12,7,365,230,115.566981,50.392949,39.662306,230.166000,102.619619,0.000000
retail_pesado,12,1,365,231,110.983607,52.302313,42.098875,232.418671,111.644949,0.000000
retail_pesado,12,7,365,231,110.983607,51.972469,41.769031,232.418671,110.966088,0.000000
retail_pesado,12,1,365,232,112.916683,48.572098,38.112796,230.712102,101.522192,0.000000
retail_pesado,12,7,365,232,113.024632,47.860094,37.390376,230.703076,99.997042,0.000000
retail_pesado,12,1,365,233,111.225653,49.367703,39.110316,231.712839,105.070746,0.000000
retail_pesado,12,7,365,233,111.224162,48.753352,38.495965,231.709786,103.812983,0.000000
retail_pesado,12,1,365,234,113.734560,49.353110,38.825264,230.867467,102.445143,0.000000
retail_pesado,12,7,365,234,114.497183,48.887761,38.286268,230.802097,100.839472,0.000000
retail_pesado,12,1,365,235,121.052781,55.804406,44.559347,230.064479,108.213995,0.000000
retail_pesado,12,7,365,235,121.400038,54.734454,43.455753,230.036739,105.910985,0.000000
retail_pesado,12,1,365,236,126.846145,58.938932,47.147117,229.899833,108.964127,0.000000
retail_pesado,12,7,365,236,126.972931,58.268815,46.465051,229.896718,107.665670,0.000000
retail_pesado,12,1,365,237,112.899915,49.885360,39.492145,232.119808,104.795812,0.000000
retail_pesado,12,7,365,237,112.899915,49.109154,38.715939,232.119808,103.227451,0.000000
retail_pesado,12,1,365,238,122.721492,56.401934,44.981042,229.652369,107.708240,0.000000
retail_pesado,12,7,365,238,122.979847,55.101006,43.655439,229.639917,105.097754,0.000000
retail_pesado,12,1,365,239,128.954443,60.619781,48.609755,229.481885,109.996057,0.000000
retail_pesado,12,7,365,239,129.378416,60.356138,48.305561,229.461962,109.179934,0.000000
retail_pesado,12,1,365,240,130.568861,63.336494,51.242069,230.711570,113.973510,0.000000
retail_pesado,12,7,365,240,130.567250,62.393480,50.299055,230.708773,112.336119,0.000000
retail_pesado,12,1,365,241,118.827499,51.940537,40.959574,231.245778,103.331112,0.000000
retail_pesado,12,7,365,241,118.827499,51.473087,40.492124,231.245778,102.437161,0.000000
retail_pesado,12,1,365,242,132.570330,60.530183,48.241802,230.553598,107.441929,0.000000
retail_pesado,12,7,365,242,132.568767,59.464570,47.176189,230.550927,105.620869,0.000000
retail_pesado,12,1,365,243,126.026922,56.216760,44.519004,230.245560,104.921232,0.000000
retail_pesado,12,7,365,243,126.377157,55.276703,43.544738,230.212770,102.944274,0.000000
retail_pesado,12,1,365,244,122.730811,64.507517,53.138831,230.705798,123.156942,0.000000
retail_pesado,12,7,365,244,123.258001,63.093048,51.673164,230.658872,120.021669,0.000000
retail_pesado,12,1,365,245,103.378162,46.099583,36.591539,232.326815,105.818127,0.000000
retail_pesado,12,7,365,245,103.633068,45.283961,35.750864,232.288292,103.753856,0.000000
retail_pesado,12,1,365,246,103.332080,43.497444,34.025100,233.085185,100.432976,0.000000
retail_pesado,12,7,365,246,103.327616,42.436390,32.964046,233.075289,98.080639,0.000000
retail_pesado,12,1,365,247,118.285626,53.280521,42.319067,230.612103,106.075048,0.000000
retail_pesado,12,7,365,247,119.805163,52.527781,41.418613,230.471363,103.294871,0.000000
retail_pesado,12,1,365,248,123.035410,55.889612,44.458409,230.025521,106.673519,0.000000
retail_pesado,12,7,365,248,123.035410,54.456859,43.025656,230.025521,104.041442,0.000000
retail_pesado,12,1,365,249,122.273411,53.412846,42.020913,229.399994,102.461759,0.000000
retail_pesado,12,7,365,249,122.461525,53.137626,41.727570,229.388204,101.798832,0.000000
retail_pesado,12,1,365,250,115.813888,54.654094,43.910620,230.378511,110.830990,0.000000
retail_pesado,12,7,365,250,115.840961,53.716818,42.971370,230.389833,108.979631,0.000000
retail_pesado,12,1,365,251,128.583782,58.540586,46.601267,230.165280,106.966702,0.000000
retail_pesado,12,7,365,251,128.925569,57.563622,45.590787,230.131651,104.964897,0.000000
retail_pesado,12,1,365,252,123.676485,60.363295,48.913108,230.826530,114.708164,0.000000
retail_pesado,12,7,365,252,124.101986,58.708592,47.217434,230.795394,111.289485,0.000000
retail_pesado,12,1,365,253,126.038016,56.466101,44.760428,230.112444,105.300293,0.000000
retail_pesado,12,7,365,253,126.107297,55.176557,43.463975,230.103283,102.928460,0.000000
retail_pesado,12,1,365,254,125.506226,59.512541,47.828708,229.579289,110.965185,0.000000
retail_pesado,12,7,365,254,125.591799,59.067903,47.375985,229.576999,110.092598,0.000000
retail_pesado,12,1,365,255,112.630845,48.595145,38.120429,229.805429,101.424888,0.000000
retail_pesado,12,7,365,255,112.955576,47.016606,36.511041,229.791483,97.983401,0.000000
retail_pesado,12,1,365,256,105.682891,49.771933,40.030516,231.825245,111.295540,0.000000
retail_pesado,12,7,365,256,105.892101,49.075994,39.314144,231.798432,109.573828,0.000000
retail_pesado,12,1,365,257,136.784410,67.635027,54.869064,229.010257,115.259571,0.000000
retail_pesado,12,7,365,257,137.755883,66.170361,53.310087,228.946494,112.051941,0.000000
retail_pesado,12,1,365,258,117.614716,57.005926,46.137817,231.262078,114.150205,0.000000
retail_pesado,12,7,365,258,117.617706,54.804822,43.936713,231.267856,109.897102,0.000000
retail_pesado,12,1,365,259,125.244267,57.810580,46.157680,229.706014,108.181979,0.000000
retail_pesado,12,7,365,259,125.346610,56.728950,45.066054,229.696843,106.145123,0.000000
retail_pesado,12,1,365,260,127.116975,60.457796,48.712706,231.282760,112.097401,0.000000
retail_pesado,12,7,365,260,127.346051,58.647981,46.880526,231.259596,108.662189,0.000000
retail_pesado,12,1,365,261,116.662263,47.248228,36.445912,230.794654,95.851856,0.000000
retail_pesado,12,7,365,261,116.857801,45.921513,35.100234,230.776689,93.116246,0.000000
retail_pesado,12,1,365,262,145.061777,68.045149,54.507394,229.022341,109.552813,0.000000
retail_pesado,12,7,365,262,145.058757,66.675117,53.137362,229.017656,107.427595,0.000000
retail_pesado,12,1,365,263,115.557146,44.731139,34.049762,231.189815,91.943147,0.000000
retail_pesado,12,7,365,263,115.691565,44.443119,33.748890,231.180741,91.271883,0.000000
retail_pesado,12,1,365,264,134.608825,63.176957,50.625089,229.208338,109.698697,0.000000
retail_pesado,12,7,365,264,134.608825,61.641448,49.089580,229.208338,107.129701,0.000000
retail_pesado,12,1,365,265,102.007229,47.607033,38.243007,232.763975,110.764727,0.000000
retail_pesado,12,7,365,265,102.604856,47.122298,37.699892,232.678532,109.022885,0.000000
retail_pesado,12,1,365,266,124.538365,57.580186,46.058788,230.995514,108.951144,0.000000
retail_pesado,12,7,365,266,124.603801,56.680377,45.152427,230.985702,107.252348,0.000000
retail_pesado,12,1,365,267,116.808782,59.166513,48.431229,232.497394,119.739534,0.000000
retail_pesado,12,7,365,267,116.813720,57.437169,46.701885,232.507054,116.356649,0.000000
retail_pesado,12,1,365,268,116.036125,50.206763,39.443969,230.405766,101.961739,0.000000
retail_pesado,12,7,365,268,116.037501,48.970204,38.207410,230.408451,99.549007,0.000000
retail_pesado,12,1,365,269,111.552305,48.264842,37.977257,231.711208,102.522800,0.000000
retail_pesado,12,7,365,269,111.770688,47.439165,37.130706,231.694988,100.641260,0.000000
retail_pesado,12,1,365,270,113.997055,52.074873,41.573970,231.974504,108.140790,0.000000
retail_pesado,12,7,365,270,114.119573,50.787816,40.274649,231.953293,105.448415,0.000000
retail_pesado,12,1,365,271,128.184636,57.690455,45.768503,229.791662,105.619228,0.000000
retail_pesado,12,7,365,271,128.304266,56.965424,45.031649,229.778480,104.242706,0.000000
retail_pesado,12,1,365,272,130.268577,63.039162,50.985666,230.958230,113.828916,0.000000
retail_pesado,12,7,365,272,130.283365,62.263423,50.208163,230.950780,112.461525,0.000000
retail_pesado,12,1,365,273,129.285944,58.926430,46.921402,230.155643,107.078063,0.000000
retail_pesado,12,7,365,273,129.694609,58.645763,46.601423,230.130015,106.252263,0.000000
retail_pesado,12,1,365,274,113.603793,51.686547,41.133879,230.073601,106.857162,0.000000
retail_pesado,12,7,365,274,114.000763,50.552172,39.960990,230.038607,104.233913,0.000000
retail_pesado,12,1,365,275,107.309199,48.353140,38.485702,232.376725,106.905733,0.000000
retail_pesado,12,7,365,275,107.324548,47.131214,37.262285,232.374883,104.290061,0.000000
retail_pesado,12,1,365,276,129.658276,60.699245,48.633968,229.674371,109.648975,0.000000
retail_pesado,12,7,365,276,130.092804,60.205412,48.097841,229.639716,108.423393,0.000000
retail_pesado,12,1,365,277,120.483380,54.249249,43.092117,230.774316,106.108160,0.000000
retail_pesado,12,7,365,277,120.515418,53.187587,42.027473,230.774008,104.083146,0.000000
retail_pesado,12,1,365,278,120.362933,56.285765,45.097532,229.917854,109.646804,0.000000
retail_pesado,12,7,365,278,121.394698,55.752332,44.463446,229.822872,107.712534,0.000000
retail_pesado,12,1,365,279,131.741204,59.858567,47.590682,229.512815,106.465087,0.000000
retail_pesado,12,7,365,279,133.665753,60.224961,47.769798,229.366847,105.542162,0.000000
retail_pesado,12,1,365,280,117.993675,55.010189,44.102096,231.158604,109.904300,0.000000
retail_pesado,12,7,365,280,117.996945,54.418892,43.510778,231.164462,108.765748,0.000000
retail_pesado,12,1,365,281,133.688386,61.130747,48.689591,229.658782,107.185401,0.000000
retail_pesado,12,7,365,281,133.686925,60.630362,48.189206,229.656316,106.340779,0.000000
retail_pesado,12,1,365,282,118.468687,57.941740,47.030224,232.001538,115.513060,0.000000
retail_pesado,12,7,365,282,119.391200,57.272254,46.271110,231.904952,113.326569,0.000000
retail_pesado,12,1,365,283,118.614646,52.333593,41.319093,230.148038,103.778061,0.000000
retail_pesado,12,7,365,283,118.775833,51.478673,40.448297,230.129417,102.006824,0.000000
retail_pesado,12,1,365,284,112.691434,48.618936,38.231139,231.817324,102.288178,0.000000
retail_pesado,12,7,365,284,112.689917,48.113703,37.725906,231.814257,101.266799,0.000000
retail_pesado,12,1,365,285,125.535257,62.268114,50.633358,230.583213,116.390014,0.000000
retail_pesado,12,7,365,285,126.138870,61.419457,49.726489,230.539256,114.306347,0.000000
retail_pesado,12,1,365,286,110.492584,46.192861,36.003430,231.720691,99.201594,0.000000
retail_pesado,12,7,365,286,110.491108,45.470794,35.281363,231.717649,97.713443,0.000000
retail_pesado,12,1,365,287,118.707319,53.320142,42.302954,230.269507,105.634190,0.000000
retail_pesado,12,7,365,287,119.003249,52.406155,41.360197,230.242778,103.631851,0.000000
retail_pesado,12,1,365,288,127.493142,63.155084,51.273410,229.334913,115.622045,0.000000
retail_pesado,12,7,365,288,127.536026,63.092732,51.206732,229.328668,115.471257,0.000000
retail_pesado,12,1,365,289,128.973037,61.319548,49.383757,230.916991,111.886482,0.000000
retail_pesado,12,7,365,289,128.974615,59.300491,47.364700,230.919767,108.334125,0.000000
retail_pesado,12,1,365,290,139.826298,61.817526,48.752250,228.744755,103.360170,0.000000
retail_pesado,12,7,365,290,140.043043,59.686070,46.600319,228.740934,99.784145,0.000000
retail_pesado,12,1,365,291,124.238641,60.779056,49.197262,229.268336,114.204012,0.000000
retail_pesado,12,7,365,291,124.246043,60.008456,48.425549,229.260110,112.796313,0.000000
retail_pesado,12,1,365,292,115.263337,51.560564,40.913711,231.346999,105.698768,0.000000
retail_pesado,12,7,365,292,115.988854,51.112130,40.395011,231.278052,104.153289,0.000000
retail_pesado,12,1,365,293,124.992106,53.431289,41.837273,230.395601,100.778982,0.000000
retail_pesado,12,7,365,293,125.198173,52.662362,41.048354,230.378493,99.222045,0.000000
retail_pesado,12,1,365,294,121.008247,51.811995,40.606311,230.775375,101.098212,0.000000
retail_pesado,12,7,365,294,123.010352,50.651025,39.250062,230.578877,97.296638,0.000000
retail_pesado,12,1,365,295,102.753274,46.112067,36.640773,231.827238,106.240876,0.000000
retail_pesado,12,7,365,295,102.824779,44.501135,35.023121,231.824137,102.599118,0.000000
retail_pesado,12,1,365,296,110.332440,56.965508,46.820849,232.394196,121.921723,0.000000
retail_pesado,12,7,365,296,111.011129,56.467220,46.256432,232.310852,120.133213,0.000000
retail_pesado,12,1,365,297,122.273325,61.231059,49.844544,229.507087,116.927637,0.000000
retail_pesado,12,7,365,297,125.104754,59.926500,48.264087,229.270691,111.907043,0.000000
retail_pesado,12,1,365,298,139.363595,61.810426,48.825454,229.386354,103.963169,0.000000
retail_pesado,12,7,365,298,139.908122,60.509935,47.471938,229.346774,101.461952,0.000000
retail_pesado,12,1,365,299,119.804400,56.762810,45.678968,230.987393,111.545651,0.000000
retail_pesado,12,7,365,299,119.846289,56.247453,45.159831,230.989346,110.532898,0.000000
retail_pesado,12,1,365,300,115.374331,51.306640,40.631332,230.959349,104.928182,0.000000
retail_pesado,12,7,365,300,115.392946,50.791063,40.113949,230.957572,103.897061,0.000000
corporativo_pesado,8,1,365,1,79.842163,48.266384,30.922883,100.675142,62.442299,0.000000
corporativo_pesado,8,7,365,1,79.857123,48.280144,30.936643,100.693256,62.458960,0.000000
corporativo_pesado,8,1,365,2,105.817865,72.226419,52.811541,118.457333,82.123324,0.000000
corporativo_pesado,8,7,365,2,105.819631,72.228185,52.813307,118.459244,82.125234,0.000000
corporativo_pesado,8,1,365,3,114.257677,81.362714,61.753922,126.364051,91.135250,0.000000
corporativo_pesado,8,7,365,3,114.329108,81.434145,61.825353,126.440550,91.211749,0.000000
corporativo_pesado,8,1,365,4,85.783367,57.115651,40.635439,113.309923,76.779929,0.000000
corporativo_pesado,8,7,365,4,85.783367,57.115651,40.635439,113.309923,76.779929,0.000000
corporativo_pesado,8,1,365,5,87.426102,56.628261,39.264222,109.732782,72.485994,0.000000
corporativo_pesado,8,7,365,5,87.581232,56.675961,39.261774,109.615374,72.346296,0.000000
corporativo_pesado,8,1,365,6,80.755453,46.768305,28.482828,96.743794,57.711172,0.000000
corporativo_pesado,8,7,365,6,80.755453,46.768305,28.482828,96.743794,57.711172,0.000000
corporativo_pesado,8,1,365,7,65.684942,37.155083,21.865151,94.215168,55.030753,0.000000
corporativo_pesado,8,7,365,7,65.684942,37.155083,21.865151,94.215168,55.030753,0.000000
corporativo_pesado,8,1,365,8,86.065953,54.667798,37.238554,107.698417,69.867674,0.000000
corporativo_pesado,8,7,365,8,86.064885,54.667770,37.238526,107.697130,69.867640,0.000000
corporativo_pesado,8,1,365,9,118.974850,87.991656,68.975568,135.387268,101.171657,0.000000
corporativo_pesado,8,7,365,9,116.950435,85.701301,66.685213,133.151650,98.642353,0.000000
corporativo_pesado,8,1,365,10,97.658014,67.659538,50.110153,120.859838,84.962968,0.000000
corporativo_pesado,8,7,365,10,95.789130,65.538909,47.989524,118.623489,82.425374,0.000000
corporativo_pesado,8,1,365,11,88.732454,57.730233,40.264722,110.689208,73.413079,0.000000
corporativo_pesado,8,7,365,11,87.916294,56.814669,39.349158,109.707882,72.312232,0.000000
corporativo_pesado,8,1,365,12,87.663399,54.845127,36.735819,105.656639,67.599761,0.000000
corporativo_pesado,8,7,365,12,87.972757,54.976008,36.782091,105.540965,67.455064,0.000000
corporativo_pesado,8,1,365,13,88.686322,57.708903,40.188708,110.300915,73.170861,0.000000
corporativo_pesado,8,7,365,13,88.239007,57.204461,39.684266,109.764756,72.566228,0.000000
corporativo_pesado,8,1,365,14,95.473310,66.810850,49.934305,122.800353,87.134780,0.000000
corporativo_pesado,8,7,365,14,93.021510,64.031396,47.154851,119.749504,83.676220,0.000000
corporativo_pesado,8,1,365,15,91.434008,58.013261,39.426329,107.304524,69.544894,0.000000
corporativo_pesado,8,7,365,15,91.420509,57.863746,39.231223,107.036539,69.216003,0.000000
corporativo_pesado,8,1,365,16,76.288768,48.434833,32.906929,107.173238,69.503464,0.000000
corporativo_pesado,8,7,365,16,76.432668,48.471418,32.892295,107.028009,69.337425,0.000000
corporativo_pesado,8,1,365,17,77.433524,49.185300,33.483999,107.564921,69.783804,0.000000
corporativo_pesado,8,7,365,17,77.468042,49.024676,33.241160,107.071387,69.227430,0.000000
corporativo_pesado,8,1,365,18,94.983091,63.744346,45.819313,115.277057,78.679431,0.000000
corporativo_pesado,8,7,365,18,94.983091,63.744346,45.819313,115.277057,78.679431,0.000000
corporativo_pesado,8,1,365,19,115.909951,82.194961,62.180974,125.620393,90.244394,0.000000
corporativo_pesado,8,7,365,19,115.909951,82.194961,62.180974,125.620393,90.244394,0.000000
corporativo_pesado,8,1,365,20,80.160609,48.894492,31.771218,102.309049,63.964253,0.000000
corporativo_pesado,8,7,365,20,79.905790,48.602070,31.475877,101.979836,63.595467,0.000000
corporativo_pesado,8,1,365,21,96.620020,62.231457,42.933486,109.141645,71.720104,0.000000
corporativo_pesado,8,7,365,21,96.195223,61.753619,42.455648,108.679382,71.200121,0.000000
corporativo_pesado,8,1,365,22,111.489028,82.373568,64.484319,134.875790,100.697460,0.000000
corporativo_pesado,8,7,365,22,111.603435,82.484578,64.594237,135.002094,100.821863,0.000000
corporativo_pesado,8,1,365,23,72.124615,41.444629,24.868195,95.371698,56.504490,0.000000
corporativo_pesado,8,7,365,23,71.551959,40.800923,24.224489,94.646223,55.689005,0.000000
corporativo_pesado,8,1,365,24,105.997643,73.844142,55.021086,122.256595,86.384442,0.000000
corporativo_pesado,8,7,365,24,106.939046,74.675020,55.760131,122.727631,86.906932,0.000000
corporativo_pesado,8,1,365,25,87.337514,55.376414,37.559174,106.938940,69.268509,0.000000
corporativo_pesado,8,7,365,25,86.784220,54.722201,36.891206,106.207904,68.447678,0.000000
corporativo_pesado,8,1,365,26,100.985068,68.345513,49.472603,116.366690,80.048461,0.000000
corporativo_pesado,8,7,365,26,101.285621,68.421266,49.442285,116.071246,79.707257,0.000000
corporativo_pesado,8,1,365,27,98.633722,66.873379,48.617785,117.461559,80.926609,0.000000
corporativo_pesado,8,7,365,27,97.796378,65.935486,47.679892,116.498335,79.847721,0.000000
corporativo_pesado,8,1,365,28,94.364416,66.584087,50.082623,124.089511,88.735865,0.000000
corporativo_pesado,8,7,365,28,94.591559,66.775956,50.253534,124.225881,88.872247,0.000000
corporativo_pesado,8,1,365,29,93.893531,65.068904,48.192275,120.834005,84.966820,0.000000
corporativo_pesado,8,7,365,29,93.893531,65.068904,48.192275,120.834005,84.966820,0.000000
corporativo_pesado,8,1,365,30,93.473151,62.584393,44.885656,114.908263,78.257969,0.000000
corporativo_pesado,8,7,365,30,92.634564,61.641113,43.942376,113.913258,77.138743,0.000000
corporativo_pesado,8,1,365,31,104.432508,75.221438,57.627092,128.647013,93.781694,0.000000
corporativo_pesado,8,7,365,31,104.225119,74.993365,57.399019,128.399480,93.509474,0.000000
corporativo_pesado,8,1,365,32,88.125190,58.197924,41.153988,112.579907,75.706230,0.000000
corporativo_pesado,8,7,365,32,86.327115,56.182198,39.138262,110.364481,73.222635,0.000000
corporativo_pesado,8,1,365,33,95.940858,63.711731,45.323900,113.570184,76.762598,0.000000
corporativo_pesado,8,7,365,33,95.544880,63.097581,44.643705,112.727428,75.803300,0.000000
corporativo_pesado,8,1,365,34,86.913843,55.661573,38.212211,108.599280,70.987723,0.000000
corporativo_pesado,8,7,365,34,84.781688,53.260818,35.811456,106.033269,68.098457,0.000000
corporativo_pesado,8,1,365,35,97.173412,65.116611,46.791948,115.360392,78.623409,0.000000
corporativo_pesado,8,7,365,35,96.412825,64.260739,45.936076,114.488762,77.642584,0.000000
corporativo_pesado,8,1,365,36,85.810603,55.739180,38.783822,110.280426,73.035569,0.000000
corporativo_pesado,8,7,365,36,85.810603,55.739180,38.783822,110.280426,73.035569,0.000000
corporativo_pesado,8,1,365,37,98.684233,64.929158,45.767624,112.152557,75.158829,0.000000
corporativo_pesado,8,7,365,37,98.746443,64.991368,45.829834,112.220736,75.227008,0.000000
corporativo_pesado,8,1,365,38,88.066834,60.976474,45.247600,121.580160,85.411165,0.000000
corporativo_pesado,8,7,365,38,88.339612,61.129315,45.339415,121.488512,85.299794,0.000000
corporativo_pesado,8,1,365,39,108.864648,78.378379,60.028957,128.590170,93.700153,0.000000
corporativo_pesado,8,7,365,39,108.556293,77.783148,59.340192,127.607200,92.567478,0.000000
corporativo_pesado,8,1,365,40,96.819157,66.305303,48.596024,118.809999,82.626090,0.000000
corporativo_pesado,8,7,365,40,96.820207,66.305273,48.595994,118.811244,82.626054,0.000000
corporativo_pesado,8,1,365,41,65.021486,31.267920,13.934268,82.774583,41.881591,0.000000
corporativo_pesado,8,7,365,41,65.086203,30.950033,13.458041,82.139200,41.157043,0.000000
corporativo_pesado,8,1,365,42,102.012661,73.473927,56.327154,128.936971,93.985006,0.000000
corporativo_pesado,8,7,365,42,102.032664,73.473597,56.326824,128.961469,93.984601,0.000000
corporativo_pesado,8,1,365,43,86.777855,59.680713,43.983402,120.092174,83.841380,0.000000
corporativo_pesado,8,7,365,43,86.777855,59.680713,43.983402,120.092174,83.841380,0.000000
corporativo_pesado,8,1,365,44,87.031805,55.017019,37.182853,106.481266,68.783371,0.000000
corporativo_pesado,8,7,365,44,87.031805,55.017019,37.182853,106.481266,68.783371,0.000000
corporativo_pesado,8,1,365,45,97.700437,64.454870,45.491618,112.193952,75.377645,0.000000
corporativo_pesado,8,7,365,45,97.700437,64.454870,45.491618,112.193952,75.377645,0.000000
corporativo_pesado,8,1,365,46,84.325317,54.853197,38.267250,110.766991,73.451394,0.000000
corporativo_pesado,8,7,365,46,83.855293,54.324535,37.738588,110.171879,72.782038,0.000000
corporativo_pesado,8,1,365,47,87.349982,54.380754,36.063714,104.144435,66.346091,0.000000
corporativo_pesado,8,7,365,47,88.152871,54.879476,36.400106,104.177132,66.365167,0.000000
corporativo_pesado,8,1,365,48,106.321431,77.597396,60.103619,131.631103,97.149999,0.000000
corporativo_pesado,8,7,365,48,106.368907,77.643592,60.149815,131.688094,97.205454,0.000000
corporativo_pesado,8,1,365,49,99.991069,65.692284,46.226775,111.873493,74.870890,0.000000
corporativo_pesado,8,7,365,49,98.713779,64.150036,44.638453,110.244038,73.043642,0.000000
corporativo_pesado,8,1,365,50,82.875651,52.652913,35.792433,107.222961,69.580053,0.000000
corporativo_pesado,8,7,365,50,81.377422,50.970815,34.110335,105.356893,67.484973,0.000000
corporativo_pesado,8,1,365,51,95.447577,67.622405,51.069743,125.092252,89.791065,0.000000
corporativo_pesado,8,7,365,51,95.811500,67.734255,51.064308,124.698734,89.328367,0.000000
corporativo_pesado,8,1,365,52,101.662305,70.020685,51.612253,119.974484,83.878307,0.000000
corporativo_pesado,8,7,365,52,99.693696,67.805789,49.397357,117.728731,81.351595,0.000000
corporativo_pesado,8,1,365,53,113.267506,82.332888,63.602673,130.993610,96.310241,0.000000
corporativo_pesado,8,7,365,53,113.281026,82.345368,63.615153,131.008769,96.324233,0.000000
corporativo_pesado,8,1,365,54,72.214769,39.138027,21.527133,90.112048,50.669895,0.000000
corporativo_pesado,8,7,365,54,72.170832,39.087345,21.476451,90.059656,50.609459,0.000000
corporativo_pesado,8,1,365,55,78.503904,45.859831,28.282390,97.789647,58.789344,0.000000
corporativo_pesado,8,7,365,55,78.503904,45.859831,28.282390,97.789647,58.789344,0.000000
corporativo_pesado,8,1,365,56,115.193524,83.491693,64.467751,131.158924,96.164156,0.000000
corporativo_pesado,8,7,365,56,115.042265,83.319453,64.295511,130.991954,95.974025,0.000000
corporativo_pesado,8,1,365,57,115.746328,83.506585,63.973876,128.441156,93.779573,0.000000
corporativo_pesado,8,7,365,57,115.529179,83.226364,63.693655,128.207695,93.478302,0.000000
corporativo_pesado,8,1,365,58,94.850680,65.843769,48.862602,121.298433,85.426627,0.000000
corporativo_pesado,8,7,365,58,94.398958,65.328897,48.347730,120.739805,84.789903,0.000000
corporativo_pesado,8,1,365,59,97.909575,63.986588,44.704409,110.632195,73.687059,0.000000
corporativo_pesado,8,7,365,59,97.550713,63.584018,44.301839,110.241363,73.248625,0.000000
corporativo_pesado,8,1,365,60,106.636934,77.880971,60.398723,132.094260,97.552065,0.000000
corporativo_pesado,8,7,365,60,106.281977,77.142629,59.515901,130.621431,95.905611,0.000000
corporativo_pesado,8,1,365,61,80.601685,54.433453,39.391552,116.528023,79.994551,0.000000
corporativo_pesado,8,7,365,61,79.542038,53.243444,38.201543,115.048650,78.333179,0.000000
corporativo_pesado,8,1,365,62,86.044368,55.793544,38.818908,110.448923,73.024421,0.000000
corporativo_pesado,8,7,365,62,86.074546,55.814500,38.839864,110.486258,73.050347,0.000000
corporativo_pesado,8,1,365,63,103.891400,72.984574,54.798595,123.967113,88.277896,0.000000
corporativo_pesado,8,7,365,63,104.336941,73.430115,55.244136,124.481595,88.792378,0.000000
corporativo_pesado,8,1,365,64,93.458954,59.937465,41.091015,108.138341,70.786411,0.000000
corporativo_pesado,8,7,365,64,93.729914,59.914288,40.929133,107.677225,70.272836,0.000000
corporativo_pesado,8,1,365,65,110.363367,79.352587,60.748855,128.578805,93.573658,0.000000
corporativo_pesado,8,7,365,65,108.388548,77.134697,58.530965,126.349618,91.070090,0.000000
corporativo_pesado,8,1,365,66,94.427554,62.409578,44.183258,112.797532,75.907063,0.000000
corporativo_pesado,8,7,365,66,94.305926,62.271745,44.045425,112.657395,75.748255,0.000000
corporativo_pesado,8,1,365,67,99.697516,68.335332,50.220312,119.575243,83.218348,0.000000
corporativo_pesado,8,7,365,67,99.623886,68.251297,50.136277,119.489887,83.120930,0.000000
corporativo_pesado,8,1,365,68,108.833920,78.932576,60.908234,130.801429,95.963640,0.000000
corporativo_pesado,8,7,365,68,108.792203,78.882331,60.857989,130.752825,95.905100,0.000000
corporativo_pesado,8,1,365,69,101.190142,68.132696,49.100795,115.654268,79.178335,0.000000
corporativo_pesado,8,7,365,69,100.289823,67.118382,48.086481,114.660847,78.059129,0.000000
corporativo_pesado,8,1,365,70,98.097724,64.266445,45.084037,111.392784,74.355887,0.000000
corporativo_pesado,8,7,365,70,98.005292,64.162755,44.980347,111.291594,74.242373,0.000000
corporativo_pesado,8,1,365,71,83.883286,54.592144,38.027764,110.345605,73.210863,0.000000
corporativo_pesado,8,7,365,71,83.924677,54.633535,38.069155,110.398079,73.263338,0.000000
corporativo_pesado,8,1,365,72,102.471260,68.682477,49.204662,114.479356,78.049990,0.000000
corporativo_pesado,8,7,365,72,102.471260,68.682477,49.204662,114.479356,78.049990,0.000000
corporativo_pesado,8,1,365,73,94.411070,63.971234,46.451984,117.168798,80.681131,0.000000
corporativo_pesado,8,7,365,73,91.721601,60.934437,43.415187,113.944982,77.040980,0.000000
corporativo_pesado,8,1,365,74,92.343548,59.925780,41.696520,110.379223,73.034145,0.000000
corporativo_pesado,8,7,365,74,91.230802,58.638647,40.409387,109.097346,71.551375,0.000000
corporativo_pesado,8,1,365,75,91.584951,59.987639,42.105299,111.552142,74.446061,0.000000
corporativo_pesado,8,7,365,75,92.784515,60.884387,42.817541,111.848089,74.768973,0.000000
corporativo_pesado,8,1,365,76,95.708214,65.617135,48.144190,119.027690,82.862483,0.000000
corporativo_pesado,8,7,365,76,96.406068,66.229564,48.684862,119.392523,83.272982,0.000000
corporativo_pesado,8,1,365,77,80.661546,48.139282,30.393253,99.451916,60.966261,0.000000
corporativo_pesado,8,7,365,77,78.378994,45.576168,27.830139,96.750827,57.933166,0.000000
corporativo_pesado,8,1,365,78,92.833203,63.922030,47.076628,119.728747,83.687183,0.000000
corporativo_pesado,8,7,365,78,93.278632,64.034723,47.031548,119.205029,83.086946,0.000000
corporativo_pesado,8,1,365,79,106.975047,76.192231,57.917590,126.928597,91.555036,0.000000
corporativo_pesado,8,7,365,79,104.603449,73.542928,55.268287,124.203315,88.510634,0.000000
corporativo_pesado,8,1,365,80,87.557465,58.574626,41.920450,114.405148,77.859382,0.000000
corporativo_pesado,8,7,365,80,88.078706,58.976275,42.264370,114.678754,78.108953,0.000000
corporativo_pesado,8,1,365,81,94.555099,61.973991,43.476666,111.348337,74.359028,0.000000
corporativo_pesado,8,7,365,81,94.555099,61.973991,43.476666,111.348337,74.359028,0.000000
corporativo_pesado,8,1,365,82,90.261763,63.915610,48.216787,124.741346,89.498627,0.000000
corporativo_pesado,8,7,365,82,89.573049,63.106416,47.407593,123.820067,88.416184,0.000000
corporativo_pesado,8,1,365,83,96.464208,66.778311,49.591365,121.865522,85.593584,0.000000
corporativo_pesado,8,7,365,83,96.918061,67.233484,50.046538,122.420066,86.149741,0.000000
corporativo_pesado,8,1,365,84,107.236117,76.176213,57.784728,126.445711,90.980496,0.000000
corporativo_pesado,8,7,365,84,106.667386,75.538214,57.146729,125.796315,90.252007,0.000000
corporativo_pesado,8,1,365,85,105.619114,77.850176,60.939527,135.160040,100.675987,0.000000
corporativo_pesado,8,7,365,85,105.673409,77.713059,60.709254,134.508530,99.977003,0.000000
corporativo_pesado,8,1,365,86,86.866984,58.236548,41.799827,114.983612,78.404591,0.000000
corporativo_pesado,8,7,365,86,87.105364,58.474928,42.038207,115.288173,78.709152,0.000000
corporativo_pesado,8,1,365,87,119.093573,87.629582,68.367017,133.835514,99.533550,0.000000
corporativo_pesado,8,7,365,87,120.433468,88.798002,69.404649,134.410808,100.154493,0.000000
corporativo_pesado,8,1,365,88,104.647807,73.185692,54.694856,122.848274,87.116822,0.000000
corporativo_pesado,8,7,365,88,104.684250,73.223748,54.732912,122.889662,87.160042,0.000000
corporativo_pesado,8,1,365,89,96.154763,65.075645,47.194880,116.928615,80.427857,0.000000
corporativo_pesado,8,7,365,89,96.443132,65.382458,47.501693,117.267289,80.788192,0.000000
corporativo_pesado,8,1,365,90,92.832139,62.255537,44.716232,115.148926,78.539229,0.000000
corporativo_pesado,8,7,365,90,92.536453,61.923838,44.384533,114.794898,78.142083,0.000000
corporativo_pesado,8,1,365,91,124.682717,93.928677,74.764560,140.627065,106.926852,0.000000
corporativo_pesado,8,7,365,91,125.729800,94.539291,75.135900,140.075483,106.318461,0.000000
corporativo_pesado,8,1,365,92,101.625199,73.380368,56.306297,128.992404,94.253093,0.000000
corporativo_pesado,8,7,365,92,100.570047,72.197869,55.123798,127.694635,92.798696,0.000000
corporativo_pesado,8,1,365,93,92.996738,60.334607,41.824955,109.508818,72.452219,0.000000
corporativo_pesado,8,7,365,93,93.098027,60.324708,41.763060,109.327855,72.249267,0.000000
corporativo_pesado,8,1,365,94,92.822392,61.973949,44.264271,114.068079,77.488232,0.000000
corporativo_pesado,8,7,365,94,92.483385,61.595087,43.885409,113.666087,77.038981,0.000000
corporativo_pesado,8,1,365,95,75.599045,48.642214,33.494452,108.806238,71.434813,0.000000
corporativo_pesado,8,7,365,95,75.452775,48.479341,33.331579,108.603457,71.209015,0.000000
corporativo_pesado,8,1,365,96,105.925537,74.281370,55.702166,123.727211,87.959935,0.000000
corporativo_pesado,8,7,365,96,105.925537,74.281370,55.702166,123.727211,87.959935,0.000000
corporativo_pesado,8,1,365,97,99.384922,70.139201,52.865882,124.827003,89.271581,0.000000
corporativo_pesado,8,7,365,97,98.811456,69.497104,52.223785,124.129813,88.490953,0.000000
corporativo_pesado,8,1,365,98,88.793596,57.520086,39.855369,109.558754,72.380478,0.000000
corporativo_pesado,8,7,365,98,88.886019,57.494889,39.791469,109.437616,72.201098,0.000000
corporativo_pesado,8,1,365,99,73.815652,40.080595,22.206277,90.723795,51.089489,0.000000
corporativo_pesado,8,7,365,99,73.501107,39.727740,21.853422,90.354246,50.674930,0.000000
corporativo_pesado,8,1,365,100,100.622646,70.093389,52.159578,121.826354,86.077433,0.000000
corporativo_pesado,8,7,365,100,101.020272,70.053831,51.912393,120.938123,85.092273,0.000000
corporativo_pesado,8,1,365,101,90.571232,60.170360,42.822953,113.641508,76.839564,0.000000
corporativo_pesado,8,7,365,101,94.018634,63.175007,45.458609,115.444285,78.884022,0.000000
corporativo_pesado,8,1,365,102,122.674785,89.727824,69.757601,133.000587,98.354695,0.000000
corporativo_pesado,8,7,365,102,122.873926,89.778242,69.737501,132.755341,98.075518,0.000000
corporativo_pesado,8,1,365,103,87.696373,56.751484,39.366508,109.931917,72.552362,0.000000
corporativo_pesado,8,7,365,103,87.486073,56.515571,39.130595,109.677887,72.267393,0.000000
corporativo_pesado,8,1,365,104,96.228735,65.121357,47.199768,116.758050,80.307324,0.000000
corporativo_pesado,8,7,365,104,96.425619,65.315601,47.394012,116.988753,80.534934,0.000000
corporativo_pesado,8,1,365,105,83.905568,53.280983,36.177680,107.022026,69.420150,0.000000
corporativo_pesado,8,7,365,105,82.857768,52.086186,34.982883,105.735503,67.953139,0.000000
corporativo_pesado,8,1,365,106,95.952614,62.988877,44.291023,111.766640,74.744290,0.000000
corporativo_pesado,8,7,365,106,95.952614,62.988877,44.291023,111.766640,74.744290,0.000000
corporativo_pesado,8,1,365,107,77.412059,49.299980,33.593240,107.500360,69.914352,0.000000
corporativo_pesado,8,7,365,107,77.587845,49.462433,33.749330,107.693379,70.104772,0.000000
corporativo_pesado,8,1,365,108,92.727091,64.784588,48.357086,122.537128,86.816995,0.000000
corporativo_pesado,8,7,365,108,91.918427,63.877433,47.449931,121.503377,85.657338,0.000000
corporativo_pesado,8,1,365,109,90.529792,59.095638,41.338395,111.061982,73.887448,0.000000
corporativo_pesado,8,7,365,109,90.289242,58.823097,41.065854,110.777504,73.565137,0.000000
corporativo_pesado,8,1,365,110,84.607903,55.731329,39.379301,112.657224,75.572645,0.000000
corporativo_pesado,8,7,365,110,84.523348,55.646774,39.294746,112.548634,75.464056,0.000000
corporativo_pesado,8,1,365,111,111.518851,80.020435,61.157458,128.153036,93.086104,0.000000
corporativo_pesado,8,7,365,111,111.518851,80.020435,61.157458,128.153036,93.086104,0.000000
corporativo_pesado,8,1,365,112,90.114897,59.862318,42.586059,113.538346,76.765098,0.000000
corporativo_pesado,8,7,365,112,90.134556,59.883057,42.606798,113.562242,76.790307,0.000000
corporativo_pesado,8,1,365,113,97.963902,70.324047,53.847279,128.857129,93.629531,0.000000
corporativo_pesado,8,7,365,113,96.718506,68.920887,52.444119,127.269844,91.841173,0.000000
corporativo_pesado,8,1,365,114,96.790910,66.532029,48.943521,119.564612,83.436676,0.000000
corporativo_pesado,8,7,365,114,96.283676,65.961805,48.373297,118.958995,82.755850,0.000000
corporativo_pesado,8,1,365,115,102.989381,72.479959,54.510847,124.360817,88.705306,0.000000
corporativo_pesado,8,7,365,115,103.609952,72.943563,54.883983,124.479490,88.820069,0.000000
corporativo_pesado,8,1,365,116,90.064832,56.328585,37.623759,105.116229,67.240379,0.000000
corporativo_pesado,8,7,365,116,89.294487,55.466600,36.761774,104.251359,66.272624,0.000000
corporativo_pesado,8,1,365,117,82.142866,53.679598,37.637131,111.527115,74.267968,0.000000
corporativo_pesado,8,7,365,117,81.412150,52.873083,36.830616,110.570589,73.212220,0.000000
corporativo_pesado,8,1,365,118,103.471992,73.283916,55.321398,124.969222,89.676309,0.000000
corporativo_pesado,8,7,365,118,103.568091,73.269611,55.258100,124.752218,89.426583,0.000000
corporativo_pesado,8,1,365,119,89.699309,58.964834,41.532104,112.054532,75.030843,0.000000
corporativo_pesado,8,7,365,119,87.945593,56.942036,39.487046,109.806847,72.506642,0.000000
corporativo_pesado,8,1,365,120,87.535399,54.362559,36.006942,104.146096,66.194245,0.000000
corporativo_pesado,8,7,365,120,86.584366,53.294305,34.938688,103.058053,64.972094,0.000000
corporativo_pesado,8,1,365,121,85.096812,55.145636,38.291876,110.031714,72.712167,0.000000
corporativo_pesado,8,7,365,121,85.146758,55.195582,38.341822,110.093947,72.774400,0.000000
corporativo_pesado,8,1,365,122,115.484768,81.883731,62.034258,126.178565,90.629924,0.000000
corporativo_pesado,8,7,365,122,115.578811,81.980134,62.130661,126.278059,90.731915,0.000000
corporativo_pesado,8,1,365,123,74.716603,48.232391,33.284255,108.966175,71.759633,0.000000
corporativo_pesado,8,7,365,123,73.390447,46.743236,31.795100,107.103115,69.667583,0.000000
corporativo_pesado,8,1,365,124,100.905447,70.569187,52.696612,122.562344,86.917706,0.000000
corporativo_pesado,8,7,365,124,103.139966,72.159973,53.927458,122.795420,87.113023,0.000000
corporativo_pesado,8,1,365,125,96.754120,64.746355,46.388596,114.679987,78.065329,0.000000
corporativo_pesado,8,7,365,125,96.186367,64.106802,45.749043,114.030517,77.333724,0.000000
corporativo_pesado,8,1,365,126,76.155482,44.395790,27.122639,96.586762,57.974610,0.000000
corporativo_pesado,8,7,365,126,76.384050,44.478967,27.136978,96.496025,57.861083,0.000000
corporativo_pesado,8,1,365,127,83.739099,56.294423,40.495451,115.306044,78.826569,0.000000
corporativo_pesado,8,7,365,127,83.808358,56.363682,40.564710,115.398103,78.918628,0.000000
corporativo_pesado,8,1,365,128,108.256404,77.388631,58.989334,127.558225,92.327355,0.000000
corporativo_pesado,8,7,365,128,107.315118,76.318985,57.919688,126.483890,91.106517,0.000000
corporativo_pesado,8,1,365,129,77.087351,45.211532,27.871454,97.357964,58.754205,0.000000
corporativo_pesado,8,7,365,129,76.271038,44.295797,26.955719,96.369354,57.645188,0.000000
corporativo_pesado,8,1,365,130,92.614043,61.427067,43.712979,113.793680,76.821610,0.000000
corporativo_pesado,8,7,365,130,92.169916,60.931361,43.217273,113.267168,76.233952,0.000000
corporativo_pesado,8,1,365,131,89.532356,56.404408,38.002066,106.170663,68.366403,0.000000
corporativo_pesado,8,7,365,131,90.689554,56.696454,37.885242,105.241783,67.293398,0.000000
corporativo_pesado,8,1,365,132,88.519971,58.256957,41.116484,112.452047,75.374698,0.000000
corporativo_pesado,8,7,365,132,88.875075,58.346311,41.080741,112.098173,74.966237,0.000000
corporativo_pesado,8,1,365,133,89.997493,60.724491,43.906725,116.378026,79.825429,0.000000
corporativo_pesado,8,7,365,133,88.212649,58.709251,41.891485,114.149328,77.309040,0.000000
corporativo_pesado,8,1,365,134,99.711864,70.246735,52.831120,124.234005,88.704527,0.000000
corporativo_pesado,8,7,365,134,99.711864,70.246735,52.831120,124.234005,88.704527,0.000000
corporativo_pesado,8,1,365,135,96.001222,66.848781,49.652427,121.235646,85.635002,0.000000
corporativo_pesado,8,7,365,135,95.615139,66.415674,49.219320,120.764165,85.106097,0.000000
corporativo_pesado,8,1,365,136,109.919282,80.807790,62.889015,132.820465,98.703103,0.000000
corporativo_pesado,8,7,365,136,109.022690,79.803208,61.884433,131.769699,97.525778,0.000000
corporativo_pesado,8,1,365,137,124.951976,95.109671,76.236929,143.036050,109.830043,0.000000
corporativo_pesado,8,7,365,137,124.261311,94.319606,75.446864,142.267536,108.950925,0.000000
corporativo_pesado,8,1,365,138,85.806184,55.688072,38.741198,110.328156,73.006798,0.000000
corporativo_pesado,8,7,365,138,86.113338,55.762647,38.705880,110.021270,72.654017,0.000000
corporativo_pesado,8,1,365,139,118.498983,87.618544,68.629084,135.045256,100.895300,0.000000
corporativo_pesado,8,7,365,139,118.329832,87.449393,68.459933,134.858196,100.708240,0.000000
corporativo_pesado,8,1,365,140,87.199713,55.866433,38.249533,107.945301,70.594866,0.000000
corporativo_pesado,8,7,365,140,87.199713,55.866433,38.249533,107.945301,70.594866,0.000000
corporativo_pesado,8,1,365,141,85.116897,52.289391,34.282395,103.264466,64.980588,0.000000
corporativo_pesado,8,7,365,141,85.614215,52.637271,34.536489,103.327118,65.068229,0.000000
corporativo_pesado,8,1,365,142,82.517865,53.716645,37.463527,110.618014,73.405116,0.000000
corporativo_pesado,8,7,365,142,82.517865,53.716645,37.463527,110.618014,73.405116,0.000000
corporativo_pesado,8,1,365,143,82.741016,52.482914,35.585978,106.832924,69.227281,0.000000
corporativo_pesado,8,7,365,143,82.025764,51.428529,34.423296,105.294763,67.509809,0.000000
corporativo_pesado,8,1,365,144,97.631931,67.392461,49.851224,120.882894,84.680837,0.000000
corporativo_pesado,8,7,365,144,97.103659,66.799848,49.258611,120.250458,83.971373,0.000000
corporativo_pesado,8,1,365,145,84.541892,54.024564,37.070319,108.715942,70.916329,0.000000
corporativo_pesado,8,7,365,145,84.551049,54.032010,37.077765,108.727284,70.925553,0.000000
corporativo_pesado,8,1,365,146,73.438581,46.748169,31.827711,107.362122,69.796341,0.000000
corporativo_pesado,8,7,365,146,73.829891,47.138519,32.218061,107.912877,70.345745,0.000000
corporativo_pesado,8,1,365,147,89.717452,60.311092,43.448491,115.730479,79.108990,0.000000
corporativo_pesado,8,7,365,147,89.144406,59.653113,42.790512,115.016831,78.289570,0.000000
corporativo_pesado,8,1,365,148,77.882895,47.692386,31.149405,102.866147,64.541695,0.000000
corporativo_pesado,8,7,365,148,77.915917,47.725408,31.182427,102.908066,64.583614,0.000000
corporativo_pesado,8,1,365,149,99.329285,68.274539,50.289971,119.983602,83.721977,0.000000
corporativo_pesado,8,7,365,149,99.300125,68.245379,50.260811,119.949553,83.687928,0.000000
corporativo_pesado,8,1,365,150,101.833775,69.909242,51.273317,118.751979,82.777634,0.000000
corporativo_pesado,8,7,365,150,103.104937,71.042694,52.286271,119.437985,83.540570,0.000000
corporativo_pesado,8,1,365,151,94.660518,65.268718,48.116716,119.897309,83.911551,0.000000
corporativo_pesado,8,7,365,151,93.608377,64.081793,46.929791,118.609124,82.458343,0.000000
corporativo_pesado,8,1,365,152,92.697996,60.748759,42.675004,111.706335,74.584333,0.000000
corporativo_pesado,8,7,365,152,92.983523,60.773408,42.575144,111.298915,74.129853,0.000000
corporativo_pesado,8,1,365,153,106.852948,75.065419,56.254354,123.286808,87.800349,0.000000
corporativo_pesado,8,7,365,153,106.815752,75.018892,56.207827,123.245284,87.748407,0.000000
corporativo_pesado,8,1,365,154,86.751477,55.876361,38.612303,109.524496,71.968005,0.000000
corporativo_pesado,8,7,365,154,87.851979,56.841760,39.473962,110.224840,72.729320,0.000000
corporativo_pesado,8,1,365,155,89.675079,57.670105,39.731317,108.977920,71.511372,0.000000
corporativo_pesado,8,7,365,155,89.419785,57.383717,39.444929,108.679061,71.176114,0.000000
corporativo_pesado,8,1,365,156,91.390264,61.362413,44.157974,115.552347,78.899894,0.000000
corporativo_pesado,8,7,365,156,90.733768,60.422622,43.137354,114.233126,77.407891,0.000000
corporativo_pesado,8,1,365,157,93.673405,61.956282,44.001156,113.558769,76.462979,0.000000
corporativo_pesado,8,7,365,157,93.396527,61.610202,43.655076,113.234938,76.058210,0.000000
corporativo_pesado,8,1,365,158,100.333361,70.071435,52.345881,122.867968,87.015748,0.000000
corporativo_pesado,8,7,365,158,99.971282,69.663910,51.938356,122.439002,86.532941,0.000000
corporativo_pesado,8,1,365,159,111.164757,82.087015,64.321330,135.402752,101.031289,0.000000
corporativo_pesado,8,7,365,159,111.164757,82.087015,64.321330,135.402752,101.031289,0.000000
corporativo_pesado,8,1,365,160,83.503886,51.042712,33.181939,102.180611,64.014029,0.000000
corporativo_pesado,8,7,365,160,83.620475,51.160541,33.299768,102.317692,64.152567,0.000000
corporativo_pesado,8,1,365,161,93.472550,61.022372,42.641912,110.794038,73.719138,0.000000
corporativo_pesado,8,7,365,161,93.552290,61.014624,42.593445,110.648879,73.556194,0.000000
corporativo_pesado,8,1,365,162,101.811409,69.736911,51.086643,118.638545,82.523007,0.000000
corporativo_pesado,8,7,365,162,102.233703,70.042390,51.336367,118.770936,82.631904,0.000000
corporativo_pesado,8,1,365,163,93.836959,62.709106,44.829433,114.213209,77.652982,0.000000
corporativo_pesado,8,7,365,163,93.616989,62.472165,44.583882,113.901927,77.339374,0.000000
corporativo_pesado,8,1,365,164,96.927531,64.749393,46.349949,114.627155,77.900997,0.000000
corporativo_pesado,8,7,365,164,97.718769,65.637000,47.237556,115.530226,78.914057,0.000000
corporativo_pesado,8,1,365,165,75.011594,41.909638,24.191875,92.907582,53.673449,0.000000
corporativo_pesado,8,7,365,165,74.834346,41.299125,23.404794,91.822298,52.466837,0.000000
corporativo_pesado,8,1,365,166,89.292761,59.864741,43.114973,115.950684,79.055341,0.000000
corporativo_pesado,8,7,365,166,89.292761,59.864741,43.114973,115.950684,79.055341,0.000000
corporativo_pesado,8,1,365,167,94.749455,62.464479,44.146662,112.623127,75.610828,0.000000
corporativo_pesado,8,7,365,167,95.153378,62.669578,44.249785,112.482269,75.448204,0.000000
corporativo_pesado,8,1,365,168,115.756880,86.651417,68.584655,138.550645,104.719751,0.000000
corporativo_pesado,8,7,365,168,115.978931,86.647143,68.476977,138.041569,104.141628,0.000000
corporativo_pesado,8,1,365,169,91.893893,61.956694,44.832895,116.695305,79.981420,0.000000
corporativo_pesado,8,7,365,169,91.626159,61.363157,44.122283,115.603933,78.742516,0.000000
corporativo_pesado,8,1,365,170,92.037718,61.746631,44.397859,115.408005,78.741847,0.000000
corporativo_pesado,8,7,365,170,92.032346,61.740605,44.391833,115.401502,78.734552,0.000000
corporativo_pesado,8,1,365,171,95.539902,64.979652,47.357418,117.852644,81.434717,0.000000
corporativo_pesado,8,7,365,171,95.610449,64.939055,47.264342,117.598418,81.156566,0.000000
corporativo_pesado,8,1,365,172,78.154537,44.659454,26.608610,94.923465,55.955938,0.000000
corporativo_pesado,8,7,365,172,78.396790,44.788942,26.685913,94.942383,55.956376,0.000000
corporativo_pesado,8,1,365,173,72.598470,42.949545,26.903697,99.013231,60.210208,0.000000
corporativo_pesado,8,7,365,173,72.849146,43.200221,27.154373,99.341304,60.538280,0.000000
corporativo_pesado,8,1,365,174,101.193830,68.012589,48.980478,115.657106,79.044979,0.000000
corporativo_pesado,8,7,365,174,101.446217,68.263016,49.230905,115.935589,79.321300,0.000000
corporativo_pesado,8,1,365,175,108.342611,76.503972,57.522555,123.864330,88.639804,0.000000
corporativo_pesado,8,7,365,175,109.049702,77.125118,58.072448,124.195424,89.007901,0.000000
corporativo_pesado,8,1,365,176,93.534615,67.051838,51.162965,127.622797,92.621049,0.000000
corporativo_pesado,8,7,365,176,93.534615,67.051838,51.162965,127.622797,92.621049,0.000000
corporativo_pesado,8,1,365,177,117.857631,84.353688,64.306374,127.458447,92.362334,0.000000
corporativo_pesado,8,7,365,177,117.338643,83.581693,63.454558,126.427335,91.206428,0.000000
corporativo_pesado,8,1,365,178,85.534555,56.727053,40.379099,113.874646,76.869554,0.000000
corporativo_pesado,8,7,365,178,84.503832,55.566937,39.218983,112.550616,75.379309,0.000000
corporativo_pesado,8,1,365,179,103.792300,72.052287,53.390364,120.796018,85.079427,0.000000
corporativo_pesado,8,7,365,179,103.894028,72.042240,53.327544,120.580819,84.839520,0.000000
corporativo_pesado,8,1,365,180,82.059416,55.271015,39.874130,115.921842,79.384814,0.000000
corporativo_pesado,8,7,365,180,82.042205,55.252724,39.855839,115.898368,79.359866,0.000000
corporativo_pesado,8,1,365,181,81.673850,50.800800,33.822741,105.021610,66.835027,0.000000
corporativo_pesado,8,7,365,181,81.196377,50.067726,33.002013,103.915188,65.610215,0.000000
corporativo_pesado,8,1,365,182,102.454089,70.659594,52.167855,120.351192,84.244020,0.000000
corporativo_pesado,8,7,365,182,102.568956,70.658861,52.115042,120.154503,84.017826,0.000000
corporativo_pesado,8,1,365,183,93.259634,61.464124,43.462357,112.792227,75.701107,0.000000
corporativo_pesado,8,7,365,183,93.259634,61.464124,43.462357,112.792227,75.701107,0.000000
corporativo_pesado,8,1,365,184,78.661137,45.760500,28.022787,97.128346,58.176686,0.000000
corporativo_pesado,8,7,365,184,78.171768,45.201623,27.463910,96.548973,57.515020,0.000000
corporativo_pesado,8,1,365,185,66.626490,38.990668,23.993350,97.293767,58.596696,0.000000
corporativo_pesado,8,7,365,185,66.919171,39.320206,24.322888,97.703594,59.058133,0.000000
corporativo_pesado,8,1,365,186,102.924606,72.148097,54.086543,123.669477,87.885918,0.000000
corporativo_pesado,8,7,365,186,102.837303,72.040839,53.979285,123.567971,87.761210,0.000000
corporativo_pesado,8,1,365,187,103.504023,72.909185,54.838538,124.282604,88.728172,0.000000
corporativo_pesado,8,7,365,187,103.720320,73.122962,55.052315,124.533964,88.976603,0.000000
corporativo_pesado,8,1,365,188,80.136828,51.190748,35.007728,107.990070,70.428004,0.000000
corporativo_pesado,8,7,365,188,80.298445,51.352365,35.169345,108.199794,70.637727,0.000000
corporativo_pesado,8,1,365,189,85.929682,58.433003,42.496103,117.229256,80.996973,0.000000
corporativo_pesado,8,7,365,189,84.877903,57.251734,41.314834,115.843330,79.440419,0.000000
corporativo_pesado,8,1,365,190,100.656669,68.399011,49.761511,117.415965,81.069309,0.000000
corporativo_pesado,8,7,365,190,100.037437,67.702775,49.065275,116.718239,80.284817,0.000000
corporativo_pesado,8,1,365,191,92.023357,60.046758,41.959416,110.842149,73.716264,0.000000
corporativo_pesado,8,7,365,191,91.249327,59.175653,41.088311,109.943475,72.704883,0.000000
corporativo_pesado,8,1,365,192,96.910089,65.202664,46.906855,115.233773,78.839869,0.000000
corporativo_pesado,8,7,365,192,95.798283,63.947295,45.651486,113.957638,77.398951,0.000000
corporativo_pesado,8,1,365,193,101.358700,69.210089,50.596088,118.351165,82.081648,0.000000
corporativo_pesado,8,7,365,193,103.055260,70.797029,52.054046,119.465103,83.322358,0.000000
corporativo_pesado,8,1,365,194,87.560793,53.275365,34.447017,101.660010,63.420118,0.000000
corporativo_pesado,8,7,365,194,86.455631,52.034340,33.205992,100.427379,62.035954,0.000000
corporativo_pesado,8,1,365,195,89.337304,57.464296,39.647938,109.301172,71.732710,0.000000
corporativo_pesado,8,7,365,195,89.338401,57.464313,39.647955,109.302465,71.732730,0.000000
corporativo_pesado,8,1,365,196,69.810387,39.569680,23.326222,94.252835,55.156796,0.000000
corporativo_pesado,8,7,365,196,70.787366,40.646759,24.395804,95.473682,56.525033,0.000000
corporativo_pesado,8,1,365,197,83.347448,52.599651,35.475138,106.209996,68.503596,0.000000
corporativo_pesado,8,7,365,197,83.347448,52.599651,35.475138,106.209996,68.503596,0.000000
corporativo_pesado,8,1,365,198,100.095853,67.724831,49.120784,116.986863,80.446886,0.000000
corporativo_pesado,8,7,365,198,100.183215,67.716214,49.066912,116.811059,80.251674,0.000000
corporativo_pesado,8,1,365,199,74.451489,38.943560,20.437352,88.484151,48.191374,0.000000
corporativo_pesado,8,7,365,199,74.546823,38.967793,20.427649,88.437493,48.137934,0.000000
corporativo_pesado,8,1,365,200,86.903989,54.487107,36.535677,105.662306,67.740284,0.000000
corporativo_pesado,8,7,365,200,84.673955,51.928452,33.959403,102.956436,64.687546,0.000000
corporativo_pesado,8,1,365,201,98.683708,69.706251,52.515084,124.547829,89.150198,0.000000
corporativo_pesado,8,7,365,201,97.861020,68.779459,51.588292,123.542869,88.018068,0.000000
corporativo_pesado,8,1,365,202,87.504393,56.053777,38.341159,107.744814,70.457105,0.000000
corporativo_pesado,8,7,365,202,87.504393,56.053777,38.341159,107.744814,70.457105,0.000000
corporativo_pesado,8,1,365,203,93.797061,59.314780,40.091674,106.467223,68.797561,0.000000
corporativo_pesado,8,7,365,203,93.850434,59.366913,40.143807,106.525529,68.854513,0.000000
corporativo_pesado,8,1,365,204,93.128448,65.296821,48.902226,123.289156,87.639348,0.000000
corporativo_pesado,8,7,365,204,94.684358,66.749425,50.230909,124.372285,88.858587,0.000000
corporativo_pesado,8,1,365,205,109.613106,78.919036,60.509722,129.038620,94.025068,0.000000
corporativo_pesado,8,7,365,205,109.101810,78.345466,59.936152,128.455371,93.370782,0.000000
corporativo_pesado,8,1,365,206,99.448727,68.433674,50.433587,120.022954,83.838901,0.000000
corporativo_pesado,8,7,365,206,99.551055,68.484439,50.460265,119.987127,83.791353,0.000000
corporativo_pesado,8,1,365,207,113.321687,81.989905,63.150028,130.314807,95.390618,0.000000
corporativo_pesado,8,7,365,207,113.445329,82.010716,63.122308,130.127724,95.178940,0.000000
corporativo_pesado,8,1,365,208,69.237029,39.735735,23.839008,95.463960,56.491965,0.000000
corporativo_pesado,8,7,365,208,69.164618,39.662244,23.765517,95.368304,56.394882,0.000000
corporativo_pesado,8,1,365,209,104.872410,73.297232,54.715844,122.522933,86.837831,0.000000
corporativo_pesado,8,7,365,209,103.801414,71.984309,53.358338,121.031735,85.159285,0.000000
corporativo_pesado,8,1,365,210,79.429757,46.518586,28.693177,97.575687,58.803248,0.000000
corporativo_pesado,8,7,365,210,79.391800,46.474796,28.649387,97.530970,58.751659,0.000000
corporativo_pesado,8,1,365,211,96.778562,66.130901,48.382205,118.506993,82.245124,0.000000
corporativo_pesado,8,7,365,211,98.336141,67.296737,49.304168,118.772880,82.545286,0.000000
corporativo_pesado,8,1,365,212,98.895626,68.969704,51.330040,121.735131,86.108355,0.000000
corporativo_pesado,8,7,365,212,98.911454,68.983252,51.343588,121.753974,86.124484,0.000000
corporativo_pesado,8,1,365,213,100.583739,71.548034,54.264845,126.214628,90.934692,0.000000
corporativo_pesado,8,7,365,213,100.111326,71.010652,53.727463,125.640621,90.281744,0.000000
corporativo_pesado,8,1,365,214,100.010307,67.007626,48.106471,115.115773,78.448368,0.000000
corporativo_pesado,8,7,365,214,100.388886,67.344850,48.423367,115.416563,78.742654,0.000000
corporativo_pesado,8,1,365,215,113.227345,81.891763,62.920720,129.337033,94.650105,0.000000
corporativo_pesado,8,7,365,215,113.385146,81.917977,62.885110,129.104014,94.384571,0.000000
corporativo_pesado,8,1,365,216,103.494038,73.552196,55.869608,126.910447,91.351247,0.000000
corporativo_pesado,8,7,365,216,103.170598,73.187973,55.505385,126.526327,90.918692,0.000000
corporativo_pesado,8,1,365,217,104.142198,71.520109,52.614943,119.681934,83.445073,0.000000
corporativo_pesado,8,7,365,217,103.982583,71.214821,52.257113,119.184507,82.886712,0.000000
corporativo_pesado,8,1,365,218,100.029988,68.437099,50.205592,119.219754,82.829418,0.000000
corporativo_pesado,8,7,365,218,99.368548,67.692361,49.460854,118.457873,81.971590,0.000000
corporativo_pesado,8,1,365,219,91.469524,60.996028,43.600888,114.425096,77.636464,0.000000
corporativo_pesado,8,7,365,219,89.855033,58.967676,41.486793,111.943958,74.838595,0.000000
corporativo_pesado,8,1,365,220,109.173619,77.470630,58.652362,125.830872,90.452336,0.000000
corporativo_pesado,8,7,365,220,109.174680,77.470651,58.652383,125.832056,90.452359,0.000000
corporativo_pesado,8,1,365,221,107.322145,77.106109,58.956019,128.173767,93.213238,0.000000
corporativo_pesado,8,7,365,221,106.624246,76.227189,58.046880,127.161227,92.049712,0.000000
corporativo_pesado,8,1,365,222,99.683428,68.252407,49.933435,118.272350,82.241319,0.000000
corporativo_pesado,8,7,365,222,96.740639,64.846829,46.486592,114.649629,78.170253,0.000000
corporativo_pesado,8,1,365,223,89.836303,61.273091,44.748338,118.165843,81.867120,0.000000
corporativo_pesado,8,7,365,223,89.801664,61.126849,44.559046,117.825288,81.479424,0.000000
corporativo_pesado,8,1,365,224,92.775425,63.515306,46.444910,118.132322,82.136525,0.000000
corporativo_pesado,8,7,365,224,92.011942,62.648811,45.578415,117.193085,81.070563,0.000000
corporativo_pesado,8,1,365,225,91.523782,60.163403,42.354290,111.922243,74.942975,0.000000
corporativo_pesado,8,7,365,225,91.056643,59.638067,41.828954,111.371406,74.323514,0.000000
corporativo_pesado,8,1,365,226,95.466741,63.780458,45.652376,114.590936,77.884795,0.000000
corporativo_pesado,8,7,365,226,96.785901,64.740862,46.391356,114.766138,78.092355,0.000000
corporativo_pesado,8,1,365,227,75.578952,45.156414,28.501503,99.296696,60.937241,0.000000
corporativo_pesado,8,7,365,227,75.578952,45.156414,28.501503,99.296696,60.937241,0.000000
corporativo_pesado,8,1,365,228,98.765970,67.584207,49.516038,118.792228,82.550756,0.000000
corporativo_pesado,8,7,365,228,98.809144,67.502384,49.385663,118.534635,82.245399,0.000000
corporativo_pesado,8,1,365,229,90.286402,55.160510,35.983751,102.870432,64.404926,0.000000
corporativo_pesado,8,7,365,229,89.427221,54.195296,35.018537,101.929564,63.347944,0.000000
corporativo_pesado,8,1,365,230,93.030145,61.161589,43.145374,112.437485,75.290966,0.000000
corporativo_pesado,8,7,365,230,94.609345,62.590309,44.448598,113.515373,76.451627,0.000000
corporativo_pesado,8,1,365,231,100.321906,71.618313,54.485442,126.965966,91.783570,0.000000
corporativo_pesado,8,7,365,231,100.695693,71.624605,54.316972,126.177860,90.904819,0.000000
corporativo_pesado,8,1,365,232,96.708546,63.315007,44.390941,111.317289,74.260543,0.000000
corporativo_pesado,8,7,365,232,96.662289,63.269870,44.345804,111.265958,74.210454,0.000000
corporativo_pesado,8,1,365,233,92.431512,61.786022,44.159630,114.122466,77.611575,0.000000
corporativo_pesado,8,7,365,233,92.431512,61.786022,44.159630,114.122466,77.611575,0.000000
corporativo_pesado,8,1,365,234,77.745177,47.029907,30.115415,100.523662,62.389460,0.000000
corporativo_pesado,8,7,365,234,78.232872,47.577001,30.662509,101.129155,63.068698,0.000000
corporativo_pesado,8,1,365,235,74.230486,43.280183,26.559269,97.226973,58.356110,0.000000
corporativo_pesado,8,7,365,235,73.698897,42.668528,25.947614,96.559344,57.587926,0.000000
corporativo_pesado,8,1,365,236,91.726856,61.246271,43.807409,114.458124,77.753189,0.000000
corporativo_pesado,8,7,365,236,92.883035,62.546990,45.108128,115.850403,79.319525,0.000000
corporativo_pesado,8,1,365,237,85.082264,55.900050,39.391110,112.227878,75.106992,0.000000
corporativo_pesado,8,7,365,237,85.192543,56.009209,39.500269,112.368157,75.245846,0.000000
corporativo_pesado,8,1,365,238,97.182832,66.411744,48.661935,118.978109,82.572486,0.000000
corporativo_pesado,8,7,365,238,96.099157,65.176874,47.427065,117.696001,81.111497,0.000000
corporativo_pesado,8,1,365,239,119.187606,86.936570,67.334477,131.687371,97.136380,0.000000
corporativo_pesado,8,7,365,239,115.158615,82.374133,62.763136,127.315042,92.208508,0.000000
corporativo_pesado,8,1,365,240,94.746413,65.031560,47.808032,119.520738,83.290536,0.000000
corporativo_pesado,8,7,365,240,94.746413,65.031560,47.808032,119.520738,83.290536,0.000000
corporativo_pesado,8,1,365,241,95.819723,64.969209,47.137836,116.846845,80.514208,0.000000
corporativo_pesado,8,7,365,241,95.819723,64.969209,47.137836,116.846845,80.514208,0.000000
corporativo_pesado,8,1,365,242,93.108787,62.551186,45.099115,116.037392,79.267566,0.000000
corporativo_pesado,8,7,365,242,93.108787,62.551186,45.099115,116.037392,79.267566,0.000000
corporativo_pesado,8,1,365,243,96.903237,66.402638,48.823790,119.762306,83.325755,0.000000
corporativo_pesado,8,7,365,243,96.903237,66.402638,48.823790,119.762306,83.325755,0.000000
corporativo_pesado,8,1,365,244,107.162363,77.005618,58.937092,128.548600,93.499164,0.000000
corporativo_pesado,8,7,365,244,105.679555,75.339433,57.270907,126.825219,91.562655,0.000000
corporativo_pesado,8,1,365,245,82.562795,51.654855,34.623645,105.802438,67.692007,0.000000
corporativo_pesado,8,7,365,245,82.228861,51.274529,34.243319,105.390687,67.223053,0.000000
corporativo_pesado,8,1,365,246,111.634205,82.633586,64.768172,135.221046,101.132107,0.000000
corporativo_pesado,8,7,365,246,110.572212,81.440947,63.575533,133.972720,99.730213,0.000000
corporativo_pesado,8,1,365,247,108.005385,76.689356,57.998894,125.351365,90.165685,0.000000
corporativo_pesado,8,7,365,247,108.005385,76.689356,57.998894,125.351365,90.165685,0.000000
corporativo_pesado,8,1,365,248,87.393093,60.106574,44.206004,119.420702,83.383195,0.000000
corporativo_pesado,8,7,365,248,88.670250,61.015009,44.900533,119.552951,83.513301,0.000000
corporativo_pesado,8,1,365,249,92.232188,62.109253,44.913151,116.634593,79.848255,0.000000
corporativo_pesado,8,7,365,249,91.747690,61.561212,44.365110,116.042921,79.178982,0.000000
corporativo_pesado,8,1,365,250,92.067712,63.366048,46.731360,120.228327,83.994708,0.000000
corporativo_pesado,8,7,365,250,92.110946,63.106141,46.347931,119.425804,83.079387,0.000000
corporativo_pesado,8,1,365,251,89.244127,57.197527,39.169384,107.955614,70.626278,0.000000
corporativo_pesado,8,7,365,251,89.103828,56.999771,38.971628,107.792187,70.395923,0.000000
corporativo_pesado,8,1,365,252,92.765709,59.045556,40.182705,107.276005,69.735380,0.000000
corporativo_pesado,8,7,365,252,92.150072,58.350808,39.487957,106.590616,68.961917,0.000000
corporativo_pesado,8,1,365,253,80.470553,48.044857,30.472939,100.169446,61.417864,0.000000
corporativo_pesado,8,7,365,253,80.510041,48.083145,30.511227,100.216637,61.463621,0.000000
corporativo_pesado,8,1,365,254,112.881286,80.276067,60.916965,126.449223,91.080351,0.000000
corporativo_pesado,8,7,365,254,113.431799,80.712011,61.281530,126.594380,91.231614,0.000000
corporativo_pesado,8,1,365,255,96.663841,68.289731,51.515393,125.014651,89.492754,0.000000
corporativo_pesado,8,7,365,255,97.007703,68.634833,51.860495,125.445136,89.924792,0.000000
corporativo_pesado,8,1,365,256,82.631771,48.036832,29.364367,96.931875,58.024654,0.000000
corporativo_pesado,8,7,365,256,80.767220,45.941596,27.269131,94.834907,55.668246,0.000000
corporativo_pesado,8,1,365,257,92.985953,60.016641,41.512176,109.526153,72.110560,0.000000
corporativo_pesado,8,7,365,257,92.704231,59.699394,41.194929,109.206438,71.750528,0.000000
corporativo_pesado,8,1,365,258,74.120179,42.585324,25.536096,95.295850,56.453508,0.000000
corporativo_pesado,8,7,365,258,72.970732,41.295881,24.246653,93.880045,54.865265,0.000000
corporativo_pesado,8,1,365,259,88.192787,56.267597,38.398193,107.643553,70.125291,0.000000
corporativo_pesado,8,7,365,259,88.868722,57.014270,39.144866,108.437907,71.002776,0.000000
corporativo_pesado,8,1,365,260,79.189217,47.303349,29.862261,99.348040,60.955755,0.000000
corporativo_pesado,8,7,365,260,78.616194,46.653600,29.212512,98.658090,60.173422,0.000000
corporativo_pesado,8,1,365,261,81.796344,49.923456,32.374575,101.882208,63.741278,0.000000
corporativo_pesado,8,7,365,261,82.086810,50.148348,32.568660,102.057657,63.905233,0.000000
corporativo_pesado,8,1,365,262,96.567801,65.351112,47.307954,116.392954,80.060596,0.000000
corporativo_pesado,8,7,365,262,95.688435,64.347097,46.303939,115.369481,78.892047,0.000000
corporativo_pesado,8,1,365,263,106.545078,73.882510,54.790381,121.192097,85.265568,0.000000
corporativo_pesado,8,7,365,263,106.516202,73.842441,54.750312,121.160336,85.221495,0.000000
corporativo_pesado,8,1,365,264,91.704004,61.927492,44.896954,117.078288,80.361495,0.000000
corporativo_pesado,8,7,365,264,91.597189,61.808879,44.778341,116.946577,80.215235,0.000000
corporativo_pesado,8,1,365,265,112.709011,78.939812,59.118458,123.411077,87.633845,0.000000
corporativo_pesado,8,7,365,265,112.987997,79.033333,59.124934,123.183262,87.366824,0.000000
corporativo_pesado,8,1,365,266,85.426998,56.388634,39.880954,112.674687,75.733964,0.000000
corporativo_pesado,8,7,365,266,85.543831,56.504307,39.996627,112.823314,75.881115,0.000000
corporativo_pesado,8,1,365,267,75.929271,44.863936,27.921241,98.112223,59.607603,0.000000
corporativo_pesado,8,7,365,267,75.354282,44.218917,27.276222,97.399540,58.808119,0.000000
corporativo_pesado,8,1,365,268,108.713240,77.006565,58.237164,125.632973,90.158203,0.000000
corporativo_pesado,8,7,365,268,109.197732,77.252766,58.368516,125.432007,89.907997,0.000000
corporativo_pesado,8,1,365,269,88.854232,58.322429,41.130128,112.533399,75.239505,0.000000
corporativo_pesado,8,7,365,269,88.977342,58.444379,41.252078,112.683775,75.388464,0.000000
corporativo_pesado,8,1,365,270,93.127924,62.454886,44.813689,114.859054,78.346009,0.000000
corporativo_pesado,8,7,365,270,92.774085,62.056473,44.415276,114.437845,77.871741,0.000000
corporativo_pesado,8,1,365,271,100.351889,70.155644,52.411106,122.762724,87.026592,0.000000
corporativo_pesado,8,7,365,271,100.351889,70.155644,52.411106,122.762724,87.026592,0.000000
corporativo_pesado,8,1,365,272,73.856756,49.247196,35.175726,114.222448,77.495598,0.000000
corporativo_pesado,8,7,365,272,73.872155,49.245763,35.166901,114.187546,77.454874,0.000000
corporativo_pesado,8,1,365,273,93.020181,62.132592,44.496834,114.764947,77.985163,0.000000
corporativo_pesado,8,7,365,273,93.162093,62.273464,44.637706,114.933931,78.152908,0.000000
corporativo_pesado,8,1,365,274,105.268118,74.257106,55.918646,124.546135,89.034361,0.000000
corporativo_pesado,8,7,365,274,105.413388,74.350662,55.987065,124.547252,89.024949,0.000000
corporativo_pesado,8,1,365,275,99.900774,67.699525,49.202914,117.421656,80.862190,0.000000
corporativo_pesado,8,7,365,275,100.534028,68.207849,49.631438,117.650295,81.106650,0.000000
corporativo_pesado,8,1,365,276,95.750250,63.502500,45.167022,113.664730,76.730719,0.000000
corporativo_pesado,8,7,365,276,95.004633,62.663382,44.327904,112.810760,75.769660,0.000000
corporativo_pesado,8,1,365,277,95.441889,65.362340,47.881604,118.656481,82.521244,0.000000
corporativo_pesado,8,7,365,277,93.729527,63.429587,45.948851,116.599382,80.199385,0.000000
corporativo_pesado,8,1,365,278,81.579766,52.703369,36.416777,109.189292,71.955945,0.000000
corporativo_pesado,8,7,365,278,82.357364,53.406767,37.057847,109.787088,72.600379,0.000000
corporativo_pesado,8,1,365,279,93.525280,65.508885,48.975858,122.794391,87.208392,0.000000
corporativo_pesado,8,7,365,279,93.841177,65.863256,49.330229,123.195639,87.658508,0.000000
corporativo_pesado,8,1,365,280,85.383944,55.613138,38.854676,110.994474,73.688728,0.000000
corporativo_pesado,8,7,365,280,84.547807,54.669516,37.911054,109.946712,72.506277,0.000000
corporativo_pesado,8,1,365,281,71.260755,40.522383,24.037299,94.777569,55.620607,0.000000
corporativo_pesado,8,7,365,281,68.723404,37.670837,21.185753,91.545291,51.988083,0.000000
corporativo_pesado,8,1,365,282,105.568420,77.405037,60.243186,133.178188,98.716227,0.000000
corporativo_pesado,8,7,365,282,104.952945,76.714600,59.552749,132.425066,97.871378,0.000000
corporativo_pesado,8,1,365,283,98.567213,70.275589,53.447176,127.000991,91.696170,0.000000
corporativo_pesado,8,7,365,283,97.705925,69.304916,52.476503,125.926199,90.484877,0.000000
corporativo_pesado,8,1,365,284,83.861009,53.129459,36.001355,106.818221,69.139647,0.000000
corporativo_pesado,8,7,365,284,84.360863,53.495076,36.304014,107.052279,69.347713,0.000000
corporativo_pesado,8,1,365,285,88.120780,53.878998,35.112663,102.609365,64.291952,0.000000
corporativo_pesado,8,7,365,285,88.256074,54.004424,35.234645,102.742641,64.421217,0.000000
corporativo_pesado,8,1,365,286,92.373445,61.007923,43.210297,112.994444,75.985241,0.000000
corporativo_pesado,8,7,365,286,92.551043,61.186561,43.388935,113.203997,76.196021,0.000000
corporativo_pesado,8,1,365,287,107.095905,73.698388,54.246634,119.620113,83.564350,0.000000
corporativo_pesado,8,7,365,287,107.363629,73.671618,54.079311,119.077628,82.964871,0.000000
corporativo_pesado,8,1,365,288,101.818582,65.846540,45.661025,109.926959,72.503446,0.000000
corporativo_pesado,8,7,365,288,101.254287,65.209785,45.024270,109.339895,71.840999,0.000000
corporativo_pesado,8,1,365,289,86.455812,55.240322,37.820213,108.222772,70.592394,0.000000
corporativo_pesado,8,7,365,289,86.668338,55.236798,37.716687,107.882624,70.208071,0.000000
corporativo_pesado,8,1,365,290,78.087304,47.454390,30.770625,102.289168,63.731253,0.000000
corporativo_pesado,8,7,365,290,77.551585,46.853423,30.169658,101.614854,62.974811,0.000000
corporativo_pesado,8,1,365,291,107.667019,75.802830,56.991219,124.192120,88.621111,0.000000
corporativo_pesado,8,7,365,291,107.795819,75.790149,56.911968,123.911563,88.308607,0.000000
corporativo_pesado,8,1,365,292,98.406480,67.815683,49.991828,119.942151,83.900187,0.000000
corporativo_pesado,8,7,365,292,97.122749,66.372192,48.548337,118.429663,82.199471,0.000000
corporativo_pesado,8,1,365,293,92.125068,56.128752,36.307755,101.604900,63.467432,0.000000
corporativo_pesado,8,7,365,293,92.146660,56.149264,36.328267,101.627776,63.489164,0.000000
corporativo_pesado,8,1,365,294,93.690925,61.785621,43.604913,112.219626,75.366750,0.000000
corporativo_pesado,8,7,365,294,93.099502,61.057098,42.851211,111.387766,74.427717,0.000000
corporativo_pesado,8,1,365,295,92.019240,61.371178,43.936264,114.835307,77.920338,0.000000
corporativo_pesado,8,7,365,295,92.112547,61.463325,44.028411,114.947693,78.031327,0.000000
corporativo_pesado,8,1,365,296,83.567540,50.585574,32.523537,101.160599,62.813801,0.000000
corporativo_pesado,8,7,365,296,83.567540,50.585574,32.523537,101.160599,62.813801,0.000000
corporativo_pesado,8,1,365,297,106.685815,74.714082,55.980612,123.593546,87.753609,0.000000
corporativo_pesado,8,7,365,297,106.097220,74.055057,55.321587,122.933738,87.014850,0.000000
corporativo_pesado,8,1,365,298,89.729089,58.522235,40.855208,110.656930,73.562747,0.000000
corporativo_pesado,8,7,365,298,89.940806,58.501398,40.724940,110.250465,73.109907,0.000000
corporativo_pesado,8,1,365,299,85.413300,51.336721,32.795716,100.741212,62.145237,0.000000
corporativo_pesado,8,7,365,299,85.851438,51.731459,33.153998,101.046642,62.477347,0.000000
corporativo_pesado,8,1,365,300,79.914615,52.076641,36.294721,110.337310,73.295083,0.000000
corporativo_pesado,8,7,365,300,80.216997,51.992758,36.028180,109.518413,72.391906,0.000000
corporativo_pesado,12,1,365,1,103.886171,72.681407,54.372620,123.156424,87.364864,0.000000
corporativo_pesado,12,7,365,1,103.633273,72.388154,54.079367,122.866353,87.028506,0.000000
corporativo_pesado,12,1,365,2,105.246442,74.733025,56.665423,126.328092,90.862303,0.000000
corporativo_pesado,12,7,365,2,104.696310,74.017033,55.906948,125.403213,89.828293,0.000000
corporativo_pesado,12,1,365,3,118.517486,86.054394,66.526431,131.451450,96.541258,0.000000
corporativo_pesado,12,7,365,3,117.213661,84.522304,64.966075,129.867154,94.762303,0.000000
corporativo_pesado,12,1,365,4,122.226171,91.991540,73.081859,139.737329,106.160493,0.000000
corporativo_pesado,12,7,365,4,122.281756,92.046365,73.136684,139.799058,106.221379,0.000000
corporativo_pesado,12,1,365,5,96.980393,67.223977,49.877326,121.405271,85.381906,0.000000
corporativo_pesado,12,7,365,5,96.998642,67.234103,49.887452,121.427363,85.394165,0.000000
corporativo_pesado,12,1,365,6,113.121268,79.788917,60.200075,125.270396,89.536821,0.000000
corporativo_pesado,12,7,365,6,112.786500,79.360481,59.750303,124.779959,88.984955,0.000000
corporativo_pesado,12,1,365,7,85.296011,55.619657,38.914451,111.225031,73.919090,0.000000
corporativo_pesado,12,7,365,7,85.296011,55.619657,38.914451,111.225031,73.919090,0.000000
corporativo_pesado,12,1,365,8,90.383896,59.306763,41.823507,112.564550,75.236275,0.000000
corporativo_pesado,12,7,365,8,90.417746,59.332969,41.849713,112.605209,75.267752,0.000000
corporativo_pesado,12,1,365,9,112.426574,82.416634,64.213057,133.697479,99.077430,0.000000
corporativo_pesado,12,7,365,9,111.422621,81.271049,63.059849,132.485495,97.716615,0.000000
corporativo_pesado,12,1,365,10,94.185916,64.462531,47.331928,119.460281,83.023088,0.000000
corporativo_pesado,12,7,365,10,93.737234,63.951325,46.820722,118.910252,82.396413,0.000000
corporativo_pesado,12,1,365,11,117.453045,85.773614,66.649523,132.974179,98.187268,0.000000
corporativo_pesado,12,7,365,11,114.792238,82.713288,63.559629,129.857780,94.686539,0.000000
corporativo_pesado,12,1,365,12,106.876731,74.141794,55.137949,122.103013,85.929613,0.000000
corporativo_pesado,12,7,365,12,106.705432,73.923733,54.919888,121.913721,85.688647,0.000000
corporativo_pesado,12,1,365,13,98.833601,67.078772,48.805769,117.583171,81.089366,0.000000
corporativo_pesado,12,7,365,13,98.627927,66.848048,48.575045,117.346803,80.824209,0.000000
corporativo_pesado,12,1,365,14,109.684923,79.974167,61.981199,132.015755,97.339660,0.000000
corporativo_pesado,12,7,365,14,109.061056,79.296104,61.303136,131.287626,96.548277,0.000000
corporativo_pesado,12,1,365,15,97.060740,64.764411,46.365450,114.782100,77.920078,0.000000
corporativo_pesado,12,7,365,15,97.047044,64.748240,46.349279,114.766468,77.901621,0.000000
corporativo_pesado,12,1,365,16,107.163739,75.519005,56.836691,124.458232,88.887723,0.000000
corporativo_pesado,12,7,365,16,107.167605,75.519815,56.836367,124.455266,88.883482,0.000000
corporativo_pesado,12,1,365,17,88.194214,59.317333,42.810388,116.199955,79.463025,0.000000
corporativo_pesado,12,7,365,17,87.703686,58.766250,42.259305,115.575910,78.761941,0.000000
corporativo_pesado,12,1,365,18,115.659931,83.116391,63.628181,128.632203,93.564111,0.000000
corporativo_pesado,12,7,365,18,115.747393,83.203853,63.715643,128.726450,93.658358,0.000000
corporativo_pesado,12,1,365,19,123.147194,90.036647,69.977258,132.921727,98.258583,0.000000
corporativo_pesado,12,7,365,19,123.173885,90.062658,70.003269,132.949670,98.285814,0.000000
corporativo_pesado,12,1,365,20,92.170114,62.572046,45.553268,117.731573,81.209596,0.000000
corporativo_pesado,12,7,365,20,92.274554,62.612964,45.563274,117.654010,81.120009,0.000000
corporativo_pesado,12,1,365,21,114.372328,80.609672,60.707384,124.680541,89.055703,0.000000
corporativo_pesado,12,7,365,21,113.536148,79.669941,59.767653,123.798242,88.064142,0.000000
corporativo_pesado,12,1,365,22,114.553842,84.524148,66.090621,134.503006,100.292322,0.000000
corporativo_pesado,12,7,365,22,113.822722,83.703175,65.269648,133.670093,99.357046,0.000000
corporativo_pesado,12,1,365,23,105.802806,73.029683,53.915315,120.240251,84.234060,0.000000
corporativo_pesado,12,7,365,23,105.703401,72.710512,53.510212,119.611288,83.525880,0.000000
corporativo_pesado,12,1,365,24,119.106131,88.320198,69.438741,136.470113,102.229927,0.000000
corporativo_pesado,12,7,365,24,118.396638,87.522584,68.641127,135.681014,101.342820,0.000000
corporativo_pesado,12,1,365,25,97.320868,66.846992,49.180175,119.682312,83.458955,0.000000
corporativo_pesado,12,7,365,25,97.072194,66.567311,48.900494,119.386720,83.126508,0.000000
corporativo_pesado,12,1,365,26,105.494100,74.212136,55.779428,124.187229,88.548339,0.000000
corporativo_pesado,12,7,365,26,105.494100,74.212136,55.779428,124.187229,88.548339,0.000000
corporativo_pesado,12,1,365,27,104.683485,73.988490,55.971183,126.013417,90.236988,0.000000
corporativo_pesado,12,7,365,27,104.290568,73.546865,55.529558,125.555454,89.722254,0.000000
corporativo_pesado,12,1,365,28,101.829258,71.768729,54.031310,124.559503,88.969707,0.000000
corporativo_pesado,12,7,365,28,101.933558,71.741544,53.943393,124.271185,88.647693,0.000000
corporativo_pesado,12,1,365,29,110.330240,80.850454,62.934220,133.320427,98.766542,0.000000
corporativo_pesado,12,7,365,29,110.064230,80.527690,62.611456,133.008632,98.388223,0.000000
corporativo_pesado,12,1,365,30,110.761764,76.663979,56.846930,121.373532,85.240328,0.000000
corporativo_pesado,12,7,365,30,110.395374,76.251348,56.434299,120.985271,84.803066,0.000000
corporativo_pesado,12,1,365,31,125.603380,95.338447,76.315786,142.659412,109.248544,0.000000
corporativo_pesado,12,7,365,31,122.781512,92.171996,73.149335,139.544220,105.752952,0.000000
corporativo_pesado,12,1,365,32,97.098495,66.807981,49.243350,120.089452,83.874584,0.000000
corporativo_pesado,12,7,365,32,96.258416,65.865839,48.301208,119.085067,82.748174,0.000000
corporativo_pesado,12,1,365,33,113.862266,81.565634,62.289902,128.047563,92.861908,0.000000
corporativo_pesado,12,7,365,33,115.467693,82.797854,63.293117,128.319623,93.145265,0.000000
corporativo_pesado,12,1,365,34,108.161179,76.968357,58.465908,126.761304,91.357922,0.000000
corporativo_pesado,12,7,365,34,108.500956,77.344122,58.841673,127.146945,91.784409,0.000000
corporativo_pesado,12,1,365,35,100.931853,69.621188,51.501128,120.973614,84.686540,0.000000
corporativo_pesado,12,7,365,35,101.000375,69.616895,51.463172,120.835972,84.531955,0.000000
corporativo_pesado,12,1,365,36,103.716244,73.079426,54.992378,124.419934,88.849001,0.000000
corporativo_pesado,12,7,365,36,103.716244,73.079426,54.992378,124.419934,88.849001,0.000000
corporativo_pesado,12,1,365,37,105.606570,73.350995,54.530942,121.839093,85.847320,0.000000
corporativo_pesado,12,7,365,37,105.126950,72.812065,53.992012,121.303918,85.245965,0.000000
corporativo_pesado,12,1,365,38,115.550000,85.203963,66.709410,135.203495,100.746497,0.000000
corporativo_pesado,12,7,365,38,115.605231,85.221177,66.709215,135.142763,100.675043,0.000000
corporativo_pesado,12,1,365,39,118.674772,86.388109,66.828142,131.411780,96.748127,0.000000
corporativo_pesado,12,7,365,39,118.539692,86.184127,66.603958,131.135447,96.433659,0.000000
corporativo_pesado,12,1,365,40,113.862637,82.159233,63.184284,130.014324,94.927459,0.000000
corporativo_pesado,12,7,365,40,113.862637,82.159233,63.184284,130.014324,94.927459,0.000000
corporativo_pesado,12,1,365,41,89.024577,54.860825,36.205517,104.213629,65.756006,0.000000
corporativo_pesado,12,7,365,41,90.462021,56.072298,37.253211,104.945516,66.570425,0.000000
corporativo_pesado,12,1,365,42,108.367475,79.415379,61.781091,133.050687,98.572741,0.000000
corporativo_pesado,12,7,365,42,107.228281,78.136588,60.502300,131.694064,97.049879,0.000000
corporativo_pesado,12,1,365,43,96.518067,68.655565,52.172413,126.966736,91.469123,0.000000
corporativo_pesado,12,7,365,43,95.073231,67.005198,50.510244,125.039310,89.305430,0.000000
corporativo_pesado,12,1,365,44,119.251496,86.996564,67.456232,132.159614,97.495230,0.000000
corporativo_pesado,12,7,365,44,119.123763,86.853273,67.312941,132.022340,97.341236,0.000000
corporativo_pesado,12,1,365,45,100.967611,69.827199,51.641388,120.591987,84.632707,0.000000
corporativo_pesado,12,7,365,45,101.277049,70.169547,51.981153,120.932701,85.016525,0.000000
corporativo_pesado,12,1,365,46,93.102432,64.131990,47.308932,120.218530,84.055112,0.000000
corporativo_pesado,12,7,365,46,93.102432,64.131990,47.308932,120.218530,84.055112,0.000000
corporativo_pesado,12,1,365,47,109.161475,75.358072,55.642600,120.273705,84.267899,0.000000
corporativo_pesado,12,7,365,47,108.147396,74.217207,54.501735,119.193555,83.052703,0.000000
corporativo_pesado,12,1,365,48,106.009375,77.126293,59.594632,130.981515,96.384410,0.000000
corporativo_pesado,12,7,365,48,105.029126,76.025759,58.494098,129.807341,95.066154,0.000000
corporativo_pesado,12,1,365,49,108.544787,76.080577,57.001657,123.474296,87.741225,0.000000
corporativo_pesado,12,7,365,49,107.898203,75.355243,56.276323,122.762606,86.942855,0.000000
corporativo_pesado,12,1,365,50,107.766948,76.045834,57.333742,124.943500,89.343879,0.000000
corporativo_pesado,12,7,365,50,106.695523,74.776383,56.046525,123.627494,87.839613,0.000000
corporativo_pesado,12,1,365,51,133.397480,101.204376,80.971674,142.456400,109.042416,0.000000
corporativo_pesado,12,7,365,51,133.397480,101.204376,80.971674,142.456400,109.042416,0.000000
corporativo_pesado,12,1,365,52,109.527230,78.564386,60.067565,128.349575,93.196522,0.000000
corporativo_pesado,12,7,365,52,109.814904,78.784793,60.247610,128.404716,93.252000,0.000000
corporativo_pesado,12,1,365,53,115.015806,81.550461,61.746054,125.959316,90.473666,0.000000
corporativo_pesado,12,7,365,53,114.667398,81.127629,61.311714,125.519262,89.975349,0.000000
corporativo_pesado,12,1,365,54,91.715559,58.875268,40.476118,108.680202,71.197704,0.000000
corporativo_pesado,12,7,365,54,91.793954,58.531893,39.956469,107.775453,70.171828,0.000000
corporativo_pesado,12,1,365,55,108.972646,75.547442,56.099594,121.669861,85.576958,0.000000
corporativo_pesado,12,7,365,55,108.972646,75.547442,56.099594,121.669861,85.576958,0.000000
corporativo_pesado,12,1,365,56,123.363232,94.527112,76.320259,146.288614,113.028692,0.000000
corporativo_pesado,12,7,365,56,122.468789,93.522927,75.316074,145.256952,111.870453,0.000000
corporativo_pesado,12,1,365,57,122.205969,88.113403,67.570804,128.927004,94.075334,0.000000
corporativo_pesado,12,7,365,57,122.349543,88.253440,67.708825,129.061502,94.209636,0.000000
corporativo_pesado,12,1,365,58,112.178580,81.644023,63.249955,132.071190,97.210728,0.000000
corporativo_pesado,12,7,365,58,112.118984,81.566504,63.172436,132.003151,97.122227,0.000000
corporativo_pesado,12,1,365,59,112.193759,78.982663,59.346340,123.985241,88.467745,0.000000
corporativo_pesado,12,7,365,59,112.193759,78.982663,59.346340,123.985241,88.467745,0.000000
corporativo_pesado,12,1,365,60,114.678874,84.124536,65.535672,133.553713,99.036214,0.000000
corporativo_pesado,12,7,365,60,114.448066,83.865617,65.276753,133.292967,98.743711,0.000000
corporativo_pesado,12,1,365,61,102.314406,74.286040,57.395782,131.209574,96.361338,0.000000
corporativo_pesado,12,7,365,61,101.899716,73.819992,56.929734,130.693982,95.781891,0.000000
corporativo_pesado,12,1,365,62,93.260371,62.974118,45.668459,117.169212,80.417574,0.000000
corporativo_pesado,12,7,365,62,93.226956,62.939823,45.634164,117.128664,80.375957,0.000000
corporativo_pesado,12,1,365,63,124.386506,93.334678,74.090299,139.734005,105.849389,0.000000
corporativo_pesado,12,7,365,63,124.430924,93.379856,74.135477,139.782475,105.898689,0.000000
corporativo_pesado,12,1,365,64,111.690392,78.046405,58.280260,122.662401,86.918268,0.000000
corporativo_pesado,12,7,365,64,111.670016,78.023165,58.257020,122.640753,86.893577,0.000000
corporativo_pesado,12,1,365,65,113.714614,82.606468,63.770077,130.776244,96.094915,0.000000
corporativo_pesado,12,7,365,65,112.923800,81.717910,62.881519,129.894594,95.104294,0.000000
corporativo_pesado,12,1,365,66,101.779418,73.143598,56.012470,128.765151,93.662255,0.000000
corporativo_pesado,12,7,365,66,101.339678,72.647745,55.516617,128.226101,93.054419,0.000000
corporativo_pesado,12,1,365,67,109.152567,78.555047,60.311927,129.647581,94.426198,0.000000
corporativo_pesado,12,7,365,67,109.184970,78.563289,60.308640,129.605503,94.378570,0.000000
corporativo_pesado,12,1,365,68,119.657751,88.640435,69.667943,136.445056,102.113054,0.000000
corporativo_pesado,12,7,365,68,118.925963,87.830843,68.858351,135.635065,101.216944,0.000000
corporativo_pesado,12,1,365,69,108.047050,75.249522,56.065728,122.276294,86.373693,0.000000
corporativo_pesado,12,7,365,69,108.047050,75.249522,56.065728,122.276294,86.373693,0.000000
corporativo_pesado,12,1,365,70,103.785991,72.122595,53.603787,121.691474,85.785744,0.000000
corporativo_pesado,12,7,365,70,102.918357,71.148433,52.629625,120.707592,84.681061,0.000000
corporativo_pesado,12,1,365,71,91.980761,59.689624,41.545624,110.459214,73.085213,0.000000
corporativo_pesado,12,7,365,71,92.363943,60.119476,41.975476,110.902712,73.582727,0.000000
corporativo_pesado,12,1,365,72,112.892134,80.583296,61.257542,126.672306,91.564460,0.000000
corporativo_pesado,12,7,365,72,113.334457,81.078727,61.752973,127.152949,92.102811,0.000000
corporativo_pesado,12,1,365,73,110.630196,79.830036,61.448694,130.390887,95.202848,0.000000
corporativo_pesado,12,7,365,73,110.693318,79.840365,61.434852,130.296924,95.094862,0.000000
corporativo_pesado,12,1,365,74,109.643325,76.002997,56.394961,121.426846,85.398409,0.000000
corporativo_pesado,12,7,365,74,108.333569,74.533118,54.925082,120.024111,83.824184,0.000000
corporativo_pesado,12,1,365,75,100.149152,67.201362,48.386391,115.779720,79.005622,0.000000
corporativo_pesado,12,7,365,75,99.452792,66.346861,47.502385,114.828692,77.935942,0.000000
corporativo_pesado,12,1,365,76,100.498966,70.110944,52.332785,122.711858,86.816777,0.000000
corporativo_pesado,12,7,365,76,101.026563,70.536575,52.694051,122.904580,87.018976,0.000000
corporativo_pesado,12,1,365,77,90.745543,59.250083,41.443826,111.021729,73.877220,0.000000
corporativo_pesado,12,7,365,77,90.585100,59.070099,41.263842,110.832508,73.664954,0.000000
corporativo_pesado,12,1,365,78,109.118167,78.787425,60.601110,130.000320,94.976975,0.000000
corporativo_pesado,12,7,365,78,108.699406,78.315467,60.129152,129.516770,94.431998,0.000000
corporativo_pesado,12,1,365,79,112.020835,79.544977,60.312400,126.315254,90.854950,0.000000
corporativo_pesado,12,7,365,79,112.416579,79.892879,60.639029,126.611746,91.138440,0.000000
corporativo_pesado,12,1,365,80,123.262782,92.697895,73.624540,139.713849,106.061530,0.000000
corporativo_pesado,12,7,365,80,123.256401,92.686152,73.612797,139.706824,106.048601,0.000000
corporativo_pesado,12,1,365,81,95.866084,64.503102,46.556145,116.174324,79.476035,0.000000
corporativo_pesado,12,7,365,81,95.866084,64.503102,46.556145,116.174324,79.476035,0.000000
corporativo_pesado,12,1,365,82,100.755990,71.025739,53.416399,124.156450,88.701671,0.000000
corporativo_pesado,12,7,365,82,100.216463,70.418163,52.808823,123.513038,87.977107,0.000000
corporativo_pesado,12,1,365,83,100.619738,71.187887,53.883803,126.110740,90.392648,0.000000
corporativo_pesado,12,7,365,83,100.628517,71.195826,53.891742,126.121394,90.402283,0.000000
corporativo_pesado,12,1,365,84,118.387037,86.397455,67.123214,132.987065,98.133229,0.000000
corporativo_pesado,12,7,365,84,118.168940,86.144081,66.869840,132.749440,97.857169,0.000000
corporativo_pesado,12,1,365,85,126.313653,96.312831,77.388240,144.166132,110.875201,0.000000
corporativo_pesado,12,7,365,85,125.606081,95.410971,76.443015,143.062306,109.632382,0.000000
corporativo_pesado,12,1,365,86,100.802809,71.607310,54.333340,126.546177,91.053150,0.000000
corporativo_pesado,12,7,365,86,100.695021,71.486654,54.212684,126.415139,90.906469,0.000000
corporativo_pesado,12,1,365,87,125.059650,92.912998,73.100170,136.553144,102.480286,0.000000
corporativo_pesado,12,7,365,87,125.140627,92.963594,73.135919,136.539653,102.460130,0.000000
corporativo_pesado,12,1,365,88,112.726133,80.599583,61.476311,127.788899,92.509500,0.000000
corporativo_pesado,12,7,365,88,112.731560,80.605010,61.481738,127.794859,92.515459,0.000000
corporativo_pesado,12,1,365,89,103.839601,72.093171,53.587026,121.832840,85.808318,0.000000
corporativo_pesado,12,7,365,89,103.586472,71.804027,53.297882,121.545600,85.480209,0.000000
corporativo_pesado,12,1,365,90,100.980239,71.382982,53.823286,124.764335,89.368370,0.000000
corporativo_pesado,12,7,365,90,100.450813,70.788133,53.228437,124.131184,88.656978,0.000000
corporativo_pesado,12,1,365,91,128.407334,94.527120,73.944222,135.009444,100.442664,0.000000
corporativo_pesado,12,7,365,91,127.481173,93.477479,72.890339,134.037714,99.352101,0.000000
corporativo_pesado,12,1,365,92,111.998248,82.025835,63.748737,132.683624,98.245953,0.000000
corporativo_pesado,12,7,365,92,111.998248,82.025835,63.748737,132.683624,98.245953,0.000000
corporativo_pesado,12,1,365,93,107.077822,73.529569,53.984470,119.048497,83.002974,0.000000
corporativo_pesado,12,7,365,93,106.803264,73.211024,53.665925,118.753501,82.660718,0.000000
corporativo_pesado,12,1,365,94,99.670735,68.653327,50.638078,120.184097,84.027751,0.000000
corporativo_pesado,12,7,365,94,98.966621,67.852657,49.837408,119.363326,83.094427,0.000000
corporativo_pesado,12,1,365,95,93.156339,64.582033,47.885731,121.168647,85.228926,0.000000
corporativo_pesado,12,7,365,95,92.943717,64.297877,47.583095,120.771972,84.782113,0.000000
corporativo_pesado,12,1,365,96,112.467544,79.756881,60.436755,126.246533,90.691696,0.000000
corporativo_pesado,12,7,365,96,112.172455,79.425000,60.104874,125.925786,90.330959,0.000000
corporativo_pesado,12,1,365,97,105.170126,78.655831,62.279527,138.863926,104.863568,0.000000
corporativo_pesado,12,7,365,97,104.878988,78.329234,61.952930,138.490588,104.444760,0.000000
corporativo_pesado,12,1,365,98,110.316291,77.969443,58.866940,125.274270,89.714333,0.000000
corporativo_pesado,12,7,365,98,110.227330,77.843019,58.740516,125.176473,89.575350,0.000000
corporativo_pesado,12,1,365,99,91.876987,59.580192,41.405784,110.161187,72.843179,0.000000
corporativo_pesado,12,7,365,99,91.383004,59.022542,40.848134,109.590404,72.198831,0.000000
corporativo_pesado,12,1,365,100,117.263997,86.506892,67.695239,134.905239,100.570181,0.000000
corporativo_pesado,12,7,365,100,116.812248,86.000122,67.188469,134.400939,100.004459,0.000000
corporativo_pesado,12,1,365,101,108.145475,75.518441,56.368520,122.593438,86.814298,0.000000
corporativo_pesado,12,7,365,101,108.130591,75.503557,56.353636,122.577116,86.797976,0.000000
corporativo_pesado,12,1,365,102,128.736153,96.007241,75.859715,138.183185,104.069461,0.000000
corporativo_pesado,12,7,365,102,128.541672,95.789074,75.641548,137.980475,103.842062,0.000000
corporativo_pesado,12,1,365,103,107.023658,74.229297,55.086012,121.403926,85.428826,0.000000
corporativo_pesado,12,7,365,103,106.845191,73.917600,54.727464,120.921996,84.888932,0.000000
corporativo_pesado,12,1,365,104,97.848654,65.226431,46.596239,114.295253,77.523400,0.000000
corporativo_pesado,12,7,365,104,97.970641,65.348418,46.718226,114.432757,77.660904,0.000000
corporativo_pesado,12,1,365,105,100.100648,66.825027,47.837604,114.710843,77.908164,0.000000
corporativo_pesado,12,7,365,105,99.964288,66.665608,47.678185,114.560030,77.731847,0.000000
corporativo_pesado,12,1,365,106,113.382108,79.657607,59.813867,123.988685,88.299116,0.000000
corporativo_pesado,12,7,365,106,113.384590,79.657609,59.813869,123.991312,88.299118,0.000000
corporativo_pesado,12,1,365,107,101.702235,70.815496,52.822171,122.696624,86.648727,0.000000
corporativo_pesado,12,7,365,107,99.886003,68.765083,50.771758,120.576901,84.255691,0.000000
corporativo_pesado,12,1,365,108,111.804138,81.739546,63.564697,133.183296,98.445377,0.000000
corporativo_pesado,12,7,365,108,110.739838,80.543153,62.368304,131.953558,97.063014,0.000000
corporativo_pesado,12,1,365,109,116.011455,84.829397,65.930447,132.908778,98.260122,0.000000
corporativo_pesado,12,7,365,109,116.088995,84.828498,65.892441,132.742161,98.074414,0.000000
corporativo_pesado,12,1,365,110,103.401902,71.565752,53.016494,121.063440,85.021074,0.000000
corporativo_pesado,12,7,365,110,103.402608,71.565738,53.016480,121.064239,85.021058,0.000000
corporativo_pesado,12,1,365,111,115.365661,83.100626,63.725837,129.042852,94.071337,0.000000
corporativo_pesado,12,7,365,111,115.014649,82.706053,63.331264,128.662397,93.643666,0.000000
corporativo_pesado,12,1,365,112,111.615020,81.552659,63.292760,132.364096,97.790543,0.000000
corporativo_pesado,12,7,365,112,110.811057,80.649343,62.389444,131.439489,96.751675,0.000000
corporativo_pesado,12,1,365,113,114.757187,85.754944,67.878820,138.811155,104.740732,0.000000
corporativo_pesado,12,7,365,113,113.530297,84.377817,66.501693,137.369865,103.122950,0.000000
corporativo_pesado,12,1,365,114,108.774924,77.474169,58.928019,127.166986,91.724813,0.000000
corporativo_pesado,12,7,365,114,108.425367,76.950870,58.351548,126.420199,90.883182,0.000000
corporativo_pesado,12,1,365,115,108.207434,76.731280,58.135822,126.199524,90.653250,0.000000
corporativo_pesado,12,7,365,115,108.280179,76.804025,58.208567,126.281675,90.735402,0.000000
corporativo_pesado,12,1,365,116,106.984803,73.560193,54.189835,119.985511,83.748864,0.000000
corporativo_pesado,12,7,365,116,107.104098,73.679488,54.309130,120.114842,83.878196,0.000000
corporativo_pesado,12,1,365,117,78.024498,48.642213,32.417256,104.987291,66.957730,0.000000
corporativo_pesado,12,7,365,117,77.793698,48.381599,32.156642,104.688566,66.620417,0.000000
corporativo_pesado,12,1,365,118,120.033511,88.485560,69.188114,134.623697,100.292368,0.000000
corporativo_pesado,12,7,365,118,119.185500,87.534266,68.236820,133.700868,99.257144,0.000000
corporativo_pesado,12,1,365,119,95.151592,65.747153,48.623459,120.691143,84.630395,0.000000
corporativo_pesado,12,7,365,119,95.151592,65.747153,48.623459,120.691143,84.630395,0.000000
corporativo_pesado,12,1,365,120,101.163943,67.263081,47.998500,114.277135,77.322368,0.000000
corporativo_pesado,12,7,365,120,101.245440,67.334418,48.061941,114.320756,77.370059,0.000000
corporativo_pesado,12,1,365,121,92.669959,62.838162,45.715644,117.655546,81.068186,0.000000
corporativo_pesado,12,7,365,121,92.669959,62.838162,45.715644,117.655546,81.068186,0.000000
corporativo_pesado,12,1,365,122,137.034010,103.956462,83.283117,143.199254,109.599055,0.000000
corporativo_pesado,12,7,365,122,137.034010,103.956462,83.283117,143.199254,109.599055,0.000000
corporativo_pesado,12,1,365,123,120.763064,90.068907,71.067645,137.466101,103.543233,0.000000
corporativo_pesado,12,7,365,123,120.633312,89.919899,70.918637,137.322700,103.378551,0.000000
corporativo_pesado,12,1,365,124,112.894868,83.505819,65.508945,135.733557,101.440378,0.000000
corporativo_pesado,12,7,365,124,111.312106,81.409266,63.282129,132.953305,98.311340,0.000000
corporativo_pesado,12,1,365,125,108.542994,76.568637,57.705975,124.842057,89.244669,0.000000
corporativo_pesado,12,7,365,125,108.573231,76.545711,57.659004,124.721831,89.110651,0.000000
corporativo_pesado,12,1,365,126,88.498392,56.574939,38.700306,107.972274,70.467028,0.000000
corporativo_pesado,12,7,365,126,88.498392,56.574939,38.700306,107.972274,70.467028,0.000000
corporativo_pesado,12,1,365,127,101.043565,70.809503,53.040059,123.413689,87.682954,0.000000
corporativo_pesado,12,7,365,127,101.043565,70.809503,53.040059,123.413689,87.682954,0.000000
corporativo_pesado,12,1,365,128,111.255646,80.171336,61.601225,129.813387,94.661712,0.000000
corporativo_pesado,12,7,365,128,111.257133,80.171343,61.601232,129.815069,94.661720,0.000000
corporativo_pesado,12,1,365,129,101.079864,68.310147,49.421130,116.376263,79.944295,0.000000
corporativo_pesado,12,7,365,129,101.116461,68.346744,49.457727,116.416950,79.984982,0.000000
corporativo_pesado,12,1,365,130,113.333805,81.213863,62.078915,128.380265,93.129645,0.000000
corporativo_pesado,12,7,365,130,113.151728,80.935305,61.770810,127.988985,92.686992,0.000000
corporativo_pesado,12,1,365,131,96.965806,64.406214,45.875226,113.885233,76.987501,0.000000
corporativo_pesado,12,7,365,131,96.580763,63.971128,45.440140,113.448888,76.494445,0.000000
corporativo_pesado,12,1,365,132,97.957965,65.985937,47.702329,116.511560,79.789455,0.000000
corporativo_pesado,12,7,365,132,97.957965,65.985937,47.702329,116.511560,79.789455,0.000000
corporativo_pesado,12,1,365,133,99.819288,68.510975,50.403557,119.764989,83.455308,0.000000
corporativo_pesado,12,7,365,133,99.286747,67.873197,49.749546,119.044242,82.645143,0.000000
corporativo_pesado,12,1,365,134,115.353329,85.213981,66.812710,135.644162,101.248369,0.000000
corporativo_pesado,12,7,365,134,114.027390,83.556761,65.086715,133.646412,99.002036,0.000000
corporativo_pesado,12,1,365,135,124.119771,93.024705,73.737801,139.144303,105.287320,0.000000
corporativo_pesado,12,7,365,135,124.419916,93.293500,73.980262,139.286389,105.441483,0.000000
corporativo_pesado,12,1,365,136,119.517993,90.131388,71.691351,140.110240,106.643999,0.000000
corporativo_pesado,12,7,365,136,117.769853,88.168806,69.728769,138.119412,104.408960,0.000000
corporativo_pesado,12,1,365,137,123.185640,92.649907,73.677709,140.352068,106.552591,0.000000
corporativo_pesado,12,7,365,137,123.374547,92.747005,73.729615,140.236649,106.416110,0.000000
corporativo_pesado,12,1,365,138,106.317732,74.708349,56.182569,124.517051,88.686061,0.000000
corporativo_pesado,12,7,365,138,106.459658,74.865004,56.339224,124.677932,88.863637,0.000000
corporativo_pesado,12,1,365,139,121.301712,90.306698,71.154446,137.004513,103.019200,0.000000
corporativo_pesado,12,7,365,139,120.698778,89.607742,70.441105,136.244083,102.179069,0.000000
corporativo_pesado,12,1,365,140,121.913368,88.307526,68.045340,130.352642,95.523099,0.000000
corporativo_pesado,12,7,365,140,121.913368,88.307526,68.045340,130.352642,95.523099,0.000000
corporativo_pesado,12,1,365,141,99.336181,67.717142,49.572008,118.965246,82.371424,0.000000
corporativo_pesado,12,7,365,141,98.893061,67.247175,49.102041,118.452408,81.827514,0.000000
corporativo_pesado,12,1,365,142,104.226742,75.295148,57.937829,130.100211,95.096909,0.000000
corporativo_pesado,12,7,365,142,105.411458,76.035583,58.440187,129.807945,94.748014,0.000000
corporativo_pesado,12,1,365,143,98.426587,66.210721,47.748046,115.953351,79.310059,0.000000
corporativo_pesado,12,7,365,143,98.862018,66.473380,47.919145,115.893720,79.235706,0.000000
corporativo_pesado,12,1,365,144,120.830366,89.275147,70.040617,135.920961,101.469400,0.000000
corporativo_pesado,12,7,365,144,120.829706,89.275167,70.040637,135.920241,101.469422,0.000000
corporativo_pesado,12,1,365,145,92.504312,61.502287,43.943998,114.636666,77.557739,0.000000
corporativo_pesado,12,7,365,145,92.601781,61.608886,44.050597,114.753240,77.685232,0.000000
corporativo_pesado,12,1,365,146,92.833042,63.986649,47.214810,120.236143,84.117609,0.000000
corporativo_pesado,12,7,365,146,92.955813,64.110780,47.338941,120.389865,84.273033,0.000000
corporativo_pesado,12,1,365,147,108.034930,76.548602,57.952220,125.998652,90.442655,0.000000
corporativo_pesado,12,7,365,147,108.034930,76.548602,57.952220,125.998652,90.442655,0.000000
corporativo_pesado,12,1,365,148,90.196916,58.948763,41.391125,111.880982,74.506296,0.000000
corporativo_pesado,12,7,365,148,90.196916,58.948763,41.391125,111.880982,74.506296,0.000000
corporativo_pesado,12,1,365,149,114.194086,83.459869,64.866112,132.972096,98.260522,0.000000
corporativo_pesado,12,7,365,149,114.173322,83.375820,64.752180,132.741737,98.014501,0.000000
corporativo_pesado,12,1,365,150,104.816972,71.494826,52.192886,118.038092,81.784479,0.000000
corporativo_pesado,12,7,365,150,106.012455,72.349073,52.847843,118.160058,81.909472,0.000000
corporativo_pesado,12,1,365,151,100.300717,70.665939,53.164203,124.348922,88.790716,0.000000
corporativo_pesado,12,7,365,151,99.483514,69.749205,52.247469,123.368375,87.690744,0.000000
corporativo_pesado,12,1,365,152,109.521367,76.744551,57.477513,123.372200,87.647292,0.000000
corporativo_pesado,12,7,365,152,108.175736,75.226086,55.959048,121.905537,85.992250,0.000000
corporativo_pesado,12,1,365,153,116.857414,83.927322,64.240242,128.650567,93.524387,0.000000
corporativo_pesado,12,7,365,153,116.943630,83.918881,64.187617,128.463199,93.314932,0.000000
corporativo_pesado,12,1,365,154,105.205669,74.575248,56.519868,126.363476,90.737593,0.000000
corporativo_pesado,12,7,365,154,105.242825,74.541379,56.457838,126.216071,90.563189,0.000000
corporativo_pesado,12,1,365,155,115.594521,84.182868,65.337027,132.807462,97.805324,0.000000
corporativo_pesado,12,7,365,155,116.009550,84.615022,65.761768,133.219102,98.249802,0.000000
corporativo_pesado,12,1,365,156,106.754405,76.020979,57.782164,126.916018,91.529840,0.000000
corporativo_pesado,12,7,365,156,106.754405,76.020979,57.782164,126.916018,91.529840,0.000000
corporativo_pesado,12,1,365,157,112.022961,81.062728,62.509858,130.798828,95.754930,0.000000
corporativo_pesado,12,7,365,157,111.118838,79.962526,61.375069,129.541412,94.341194,0.000000
corporativo_pesado,12,1,365,158,109.130753,77.227688,58.384766,125.623696,90.068469,0.000000
corporativo_pesado,12,7,365,158,109.308858,77.166402,58.218060,125.144426,89.521702,0.000000
corporativo_pesado,12,1,365,159,104.962326,74.927098,57.119371,127.778225,92.358782,0.000000
corporativo_pesado,12,7,365,159,104.991663,74.934405,57.116514,127.742194,92.316990,0.000000
corporativo_pesado,12,1,365,160,94.342834,62.270380,44.027092,112.598818,75.679951,0.000000
corporativo_pesado,12,7,365,160,94.342056,62.270402,44.027114,112.597922,75.679976,0.000000
corporativo_pesado,12,1,365,161,119.546374,86.178088,66.126385,129.200032,94.253673,0.000000
corporativo_pesado,12,7,365,161,118.809028,85.347392,65.295689,128.427815,93.383692,0.000000
corporativo_pesado,12,1,365,162,121.599160,88.841220,68.945001,132.345107,97.769858,0.000000
corporativo_pesado,12,7,365,162,121.171105,88.328457,68.432238,131.893305,97.228648,0.000000
corporativo_pesado,12,1,365,163,112.651373,79.723711,60.186592,125.086371,89.693184,0.000000
corporativo_pesado,12,7,365,163,112.651373,79.723711,60.186592,125.086371,89.693184,0.000000
corporativo_pesado,12,1,365,164,127.595598,94.628919,74.418897,136.583109,102.327815,0.000000
corporativo_pesado,12,7,365,164,128.265930,95.380325,75.170303,137.279644,103.108592,0.000000
corporativo_pesado,12,1,365,165,99.052092,65.899610,46.975691,113.918772,77.129240,0.000000
corporativo_pesado,12,7,365,165,98.514015,65.293483,46.369564,113.321664,76.456617,0.000000
corporativo_pesado,12,1,365,166,119.026111,86.931549,67.503840,132.658934,97.966948,0.000000
corporativo_pesado,12,7,365,166,118.216282,85.994585,66.555998,131.712057,96.902137,0.000000
corporativo_pesado,12,1,365,167,108.525148,74.702450,55.085636,120.177281,83.969736,0.000000
corporativo_pesado,12,7,365,167,109.538949,75.344154,55.525425,120.067884,83.834950,0.000000
corporativo_pesado,12,1,365,168,128.135873,96.528641,76.883666,140.974129,107.186767,0.000000
corporativo_pesado,12,7,365,168,126.204250,94.360861,74.715886,138.909271,104.869463,0.000000
corporativo_pesado,12,1,365,169,101.257530,70.972467,53.246934,123.963001,88.083328,0.000000
corporativo_pesado,12,7,365,169,101.258313,70.972490,53.246957,123.963928,88.083356,0.000000
corporativo_pesado,12,1,365,170,113.765773,81.741763,62.650810,129.142062,93.915732,0.000000
corporativo_pesado,12,7,365,170,113.826417,81.802407,62.711454,129.208771,93.982440,0.000000
corporativo_pesado,12,1,365,171,106.244127,76.127465,58.190693,128.388417,93.128454,0.000000
corporativo_pesado,12,7,365,171,106.449879,76.149431,58.127840,128.042736,92.734565,0.000000
corporativo_pesado,12,1,365,172,109.808347,75.847836,56.042652,120.432914,84.423619,0.000000
corporativo_pesado,12,7,365,172,108.885368,74.797442,54.992258,119.454253,83.309855,0.000000
corporativo_pesado,12,1,365,173,108.695877,76.506214,57.592711,124.686973,88.946215,0.000000
corporativo_pesado,12,7,365,173,108.874952,76.684489,57.770986,124.885803,89.144157,0.000000
corporativo_pesado,12,1,365,174,104.227693,71.976389,53.197076,120.552802,84.487725,0.000000
corporativo_pesado,12,7,365,174,103.602937,71.260449,52.481136,119.854168,83.687123,0.000000
corporativo_pesado,12,1,365,175,103.715198,72.924953,54.686138,123.416703,87.965105,0.000000
corporativo_pesado,12,7,365,175,103.222878,72.371866,54.133051,122.849851,87.328286,0.000000
corporativo_pesado,12,1,365,176,124.564828,93.886936,74.754025,140.720512,107.048911,0.000000
corporativo_pesado,12,7,365,176,123.355200,92.530830,73.397919,139.392842,105.560470,0.000000
corporativo_pesado,12,1,365,177,115.076491,85.094998,66.718171,135.502915,101.241758,0.000000
corporativo_pesado,12,7,365,177,115.185329,85.203836,66.827009,135.627288,101.366132,0.000000
corporativo_pesado,12,1,365,178,111.069404,79.839485,61.212317,129.218041,94.009881,0.000000
corporativo_pesado,12,7,365,178,111.069404,79.839485,61.212317,129.218041,94.009881,0.000000
corporativo_pesado,12,1,365,179,122.853704,90.208985,70.367030,134.023870,99.473892,0.000000
corporativo_pesado,12,7,365,179,122.807732,90.113632,70.253176,133.854137,99.284130,0.000000
corporativo_pesado,12,1,365,180,115.697995,84.231251,65.247188,131.984083,97.175853,0.000000
corporativo_pesado,12,7,365,180,115.718671,84.251927,65.267864,132.006955,97.198725,0.000000
corporativo_pesado,12,1,365,181,101.901030,70.938801,52.923489,122.783490,86.691591,0.000000
corporativo_pesado,12,7,365,181,100.591569,69.469854,51.454542,121.257084,84.979277,0.000000
corporativo_pesado,12,1,365,182,119.799652,87.627697,68.130667,133.034663,98.382665,0.000000
corporativo_pesado,12,7,365,182,119.811210,87.639255,68.142225,133.047112,98.395114,0.000000
corporativo_pesado,12,1,365,183,115.340234,82.994957,63.712022,129.610801,94.385312,0.000000
corporativo_pesado,12,7,365,183,115.386814,83.041537,63.758602,129.661529,94.436039,0.000000
corporativo_pesado,12,1,365,184,104.853666,72.439816,53.616235,120.977051,84.815448,0.000000
corporativo_pesado,12,7,365,184,104.557110,72.107904,53.284323,120.646206,84.445159,0.000000
corporativo_pesado,12,1,365,185,95.967070,65.893035,48.440187,119.471611,83.285268,0.000000
corporativo_pesado,12,7,365,185,96.329235,66.294088,48.841240,119.907383,83.767832,0.000000
corporativo_pesado,12,1,365,186,117.414205,84.328041,64.590834,128.926404,93.723376,0.000000
corporativo_pesado,12,7,365,186,117.518999,84.348618,64.571217,128.783786,93.562879,0.000000
corporativo_pesado,12,1,365,187,115.344199,85.273273,66.831262,135.342953,101.101055,0.000000
corporativo_pesado,12,7,365,187,114.753034,84.609299,66.167288,134.669791,100.344985,0.000000
corporativo_pesado,12,1,365,188,93.709848,64.749465,47.878107,120.641874,84.594506,0.000000
corporativo_pesado,12,7,365,188,93.748036,64.786893,47.915535,120.689407,84.641093,0.000000
corporativo_pesado,12,1,365,189,118.544715,87.629471,68.599607,134.817489,100.701632,0.000000
corporativo_pesado,12,7,365,189,118.154251,87.190356,68.160492,134.386600,100.217055,0.000000
corporativo_pesado,12,1,365,190,103.947342,70.470702,51.172878,117.116079,80.686612,0.000000
corporativo_pesado,12,7,365,190,103.857608,70.370906,51.073082,117.018430,80.578013,0.000000
corporativo_pesado,12,1,365,191,108.596312,76.923316,58.197721,125.786387,90.266398,0.000000
corporativo_pesado,12,7,365,191,108.437049,76.742099,58.016504,125.607780,90.063171,0.000000
corporativo_pesado,12,1,365,192,108.194644,73.737565,53.784436,117.871239,81.606318,0.000000
corporativo_pesado,12,7,365,192,108.255021,73.797102,53.843973,117.934784,81.668978,0.000000
corporativo_pesado,12,1,365,193,105.668034,74.442719,56.002262,124.334800,88.775399,0.000000
corporativo_pesado,12,7,365,193,105.523534,74.298219,55.857762,124.170244,88.610842,0.000000
corporativo_pesado,12,1,365,194,98.845074,64.932402,45.728658,112.090722,75.005968,0.000000
corporativo_pesado,12,7,365,194,98.845818,64.932426,45.728682,112.091536,75.005995,0.000000
corporativo_pesado,12,1,365,195,112.639334,79.643084,60.140111,125.285407,89.756400,0.000000
corporativo_pesado,12,7,365,195,110.855159,77.638465,58.135492,123.364280,87.597910,0.000000
corporativo_pesado,12,1,365,196,92.093248,60.338644,42.416677,111.909930,74.701587,0.000000
corporativo_pesado,12,7,365,196,91.438777,59.560400,41.620268,111.034570,73.719019,0.000000
corporativo_pesado,12,1,365,197,107.681308,73.784124,54.197340,119.450677,83.107759,0.000000
corporativo_pesado,12,7,365,197,107.713609,73.787622,54.187440,119.406367,83.057432,0.000000
corporativo_pesado,12,1,365,198,106.794731,76.931880,59.090952,129.704748,94.554116,0.000000
corporativo_pesado,12,7,365,198,106.818641,76.955150,59.114222,129.732891,94.581507,0.000000
corporativo_pesado,12,1,365,199,100.261459,66.102304,46.875733,113.509420,76.199477,0.000000
corporativo_pesado,12,7,365,199,99.078934,64.776517,45.549946,112.217821,74.751402,0.000000
corporativo_pesado,12,1,365,200,102.579891,71.238750,52.941471,121.732134,85.761542,0.000000
corporativo_pesado,12,7,365,200,102.339217,70.822312,52.463881,121.064664,85.012836,0.000000
corporativo_pesado,12,1,365,201,103.616087,73.550177,55.727057,126.085125,90.660120,0.000000
corporativo_pesado,12,7,365,201,102.550171,72.350756,54.527636,124.829215,89.246908,0.000000
corporativo_pesado,12,1,365,202,102.886044,70.949594,52.323266,119.997470,83.991154,0.000000
corporativo_pesado,12,7,365,202,102.685899,70.721849,52.095521,119.771819,83.734386,0.000000
corporativo_pesado,12,1,365,203,108.344638,76.931153,58.272422,125.939557,90.584356,0.000000
corporativo_pesado,12,7,365,203,106.546099,74.907277,56.248546,123.915340,88.306527,0.000000
corporativo_pesado,12,1,365,204,104.886926,74.408159,56.335307,125.874812,90.459588,0.000000
corporativo_pesado,12,7,365,204,104.047834,73.462691,55.389839,124.899818,89.360989,0.000000
corporativo_pesado,12,1,365,205,109.490362,81.928179,64.864377,138.747086,104.826988,0.000000
corporativo_pesado,12,7,365,205,108.181859,80.459498,63.395696,137.136744,103.019519,0.000000
corporativo_pesado,12,1,365,206,109.699643,76.750178,57.429653,123.235502,87.421839,0.000000
corporativo_pesado,12,7,365,206,109.889972,76.858927,57.499468,123.202164,87.372034,0.000000
corporativo_pesado,12,1,365,207,118.771072,87.675609,68.741316,135.728843,101.240906,0.000000
corporativo_pesado,12,7,365,207,119.535480,88.367307,69.373080,136.158317,101.698814,0.000000
corporativo_pesado,12,1,365,208,97.599059,64.451504,45.604004,112.745470,75.812261,0.000000
corporativo_pesado,12,7,365,208,97.386429,64.212977,45.365477,112.508556,75.546492,0.000000
corporativo_pesado,12,1,365,209,110.350915,82.490503,65.245114,138.376164,104.450072,0.000000
corporativo_pesado,12,7,365,209,110.349331,82.487874,65.242485,138.374235,104.446870,0.000000
corporativo_pesado,12,1,365,210,101.161275,66.829873,47.381248,113.230692,76.160749,0.000000
corporativo_pesado,12,7,365,210,101.268901,66.914512,47.454589,113.283419,76.210191,0.000000
corporativo_pesado,12,1,365,211,114.222841,82.134761,62.971967,129.173796,94.009316,0.000000
corporativo_pesado,12,7,365,211,113.268713,81.065365,61.902571,128.128192,92.837393,0.000000
corporativo_pesado,12,1,365,212,119.152424,87.729107,68.541659,134.408218,100.016482,0.000000
corporativo_pesado,12,7,365,212,118.361257,86.840864,67.653416,133.542313,99.044330,0.000000
corporativo_pesado,12,1,365,213,110.138569,78.823683,60.198153,128.179551,92.872496,0.000000
corporativo_pesado,12,7,365,213,109.847195,78.495082,59.869552,127.851031,92.502004,0.000000
corporativo_pesado,12,1,365,214,107.425687,75.782972,57.124808,124.908972,89.294695,0.000000
corporativo_pesado,12,7,365,214,106.773583,75.049697,56.391533,124.175021,88.469385,0.000000
corporativo_pesado,12,1,365,215,123.333460,91.084171,71.352949,135.264179,100.941162,0.000000
corporativo_pesado,12,7,365,215,122.772033,90.454365,70.723143,134.666651,100.270857,0.000000
corporativo_pesado,12,1,365,216,108.094745,79.248584,61.752728,133.744417,99.120825,0.000000
corporativo_pesado,12,7,365,216,106.714183,77.689872,60.194016,132.087351,97.249927,0.000000
corporativo_pesado,12,1,365,217,112.092512,80.580010,61.759075,129.070447,93.909466,0.000000
corporativo_pesado,12,7,365,217,111.742900,80.186964,61.366029,128.680357,93.470914,0.000000
corporativo_pesado,12,1,365,218,108.546401,76.468908,57.621681,124.944817,89.203360,0.000000
corporativo_pesado,12,7,365,218,107.373978,75.106061,56.244974,123.550561,87.623350,0.000000
corporativo_pesado,12,1,365,219,115.324228,83.200230,63.973638,129.961418,94.874391,0.000000
corporativo_pesado,12,7,365,219,113.974789,81.619741,62.367634,128.322526,93.029972,0.000000
corporativo_pesado,12,1,365,220,110.456284,77.662940,58.382672,124.308596,88.590201,0.000000
corporativo_pesado,12,7,365,220,110.220095,77.398750,58.118482,124.051339,88.302446,0.000000
corporativo_pesado,12,1,365,221,126.557683,95.378446,75.927469,140.636393,106.974127,0.000000
corporativo_pesado,12,7,365,221,126.593707,95.387594,75.923786,140.585187,106.916114,0.000000
corporativo_pesado,12,1,365,222,113.326671,81.142927,61.904617,127.704218,92.573344,0.000000
corporativo_pesado,12,7,365,222,112.841637,80.598818,61.360508,127.174768,91.979411,0.000000
corporativo_pesado,12,1,365,223,97.549334,67.611924,50.152377,121.330422,85.322294,0.000000
corporativo_pesado,12,7,365,223,97.304183,67.335348,49.875801,121.035559,84.989633,0.000000
corporativo_pesado,12,1,365,224,100.490687,68.176772,49.533623,117.194634,80.795622,0.000000
corporativo_pesado,12,7,365,224,100.296462,67.957053,49.313904,116.975855,80.548126,0.000000
corporativo_pesado,12,1,365,225,111.491404,79.722278,60.711902,127.160083,92.066003,0.000000
corporativo_pesado,12,7,365,225,110.785914,78.930054,59.919678,126.380756,91.190866,0.000000
corporativo_pesado,12,1,365,226,100.599755,68.305274,49.756604,117.894681,81.332270,0.000000
corporativo_pesado,12,7,365,226,100.600572,68.305291,49.756621,117.895606,81.332289,0.000000
corporativo_pesado,12,1,365,227,98.133763,65.497919,46.814513,114.301570,77.619141,0.000000
corporativo_pesado,12,7,365,227,98.263553,65.577779,46.870580,114.306979,77.615156,0.000000
corporativo_pesado,12,1,365,228,108.187887,75.848130,56.835171,123.494584,87.775004,0.000000
corporativo_pesado,12,7,365,228,107.951410,75.582851,56.569892,123.233393,87.482001,0.000000
corporativo_pesado,12,1,365,229,105.586649,69.640904,49.357088,113.314718,76.099795,0.000000
corporativo_pesado,12,7,365,229,105.587471,69.640926,49.357110,113.315569,76.099818,0.000000
corporativo_pesado,12,1,365,230,94.234830,63.816634,46.441948,117.897392,81.132290,0.000000
corporativo_pesado,12,7,365,230,94.119653,63.686666,46.311980,117.758183,80.975203,0.000000
corporativo_pesado,12,1,365,231,109.226475,78.933689,60.677927,129.645589,94.799138,0.000000
corporativo_pesado,12,7,365,231,111.438084,81.377381,63.121619,132.189651,97.610171,0.000000
corporativo_pesado,12,1,365,232,116.562188,82.649827,62.591404,126.033818,90.529553,0.000000
corporativo_pesado,12,7,365,232,116.562188,82.649827,62.591404,126.033818,90.529553,0.000000
corporativo_pesado,12,1,365,233,112.510320,81.037897,62.142370,129.041060,94.063422,0.000000
corporativo_pesado,12,7,365,233,112.510320,81.037897,62.142370,129.041060,94.063422,0.000000
corporativo_pesado,12,1,365,234,85.296729,57.232989,41.119920,115.166365,78.591176,0.000000
corporativo_pesado,12,7,365,234,84.924028,56.721056,40.574975,114.454332,77.772836,0.000000
corporativo_pesado,12,1,365,235,103.305072,70.658711,51.750542,118.733823,82.475759,0.000000
corporativo_pesado,12,7,365,235,103.338202,70.666477,51.746884,118.701317,82.436995,0.000000
corporativo_pesado,12,1,365,236,89.932510,61.507796,45.043586,118.708371,82.452821,0.000000
corporativo_pesado,12,7,365,236,88.283339,59.656957,43.192747,116.604863,80.092086,0.000000
corporativo_pesado,12,1,365,237,104.080107,72.627098,54.239183,122.865148,86.944100,0.000000
corporativo_pesado,12,7,365,237,104.161179,72.708890,54.320975,122.957737,87.037511,0.000000
corporativo_pesado,12,1,365,238,114.552048,82.124434,62.808844,128.541524,93.286070,0.000000
corporativo_pesado,12,7,365,238,114.611158,82.189729,62.874139,128.605788,93.357059,0.000000
corporativo_pesado,12,1,365,239,111.250556,80.276989,61.668448,129.547816,94.593710,0.000000
corporativo_pesado,12,7,365,239,109.119645,77.884080,59.275539,127.143053,91.893278,0.000000
corporativo_pesado,12,1,365,240,106.864060,75.482795,56.982530,125.303412,89.681945,0.000000
corporativo_pesado,12,7,365,240,106.864836,75.482811,56.982546,125.304292,89.681963,0.000000
corporativo_pesado,12,1,365,241,114.830666,81.090326,61.134551,124.839405,89.333536,0.000000
corporativo_pesado,12,7,365,241,114.909514,81.169174,61.213399,124.922379,89.416510,0.000000
corporativo_pesado,12,1,365,242,106.857143,75.256858,56.686033,124.834697,89.100905,0.000000
corporativo_pesado,12,7,365,242,106.857143,75.256858,56.686033,124.834697,89.100905,0.000000
corporativo_pesado,12,1,365,243,123.649880,91.102310,71.316005,135.234583,100.690540,0.000000
corporativo_pesado,12,7,365,243,123.448002,90.875171,71.088866,135.020321,100.449468,0.000000
corporativo_pesado,12,1,365,244,117.006957,87.920948,69.838415,139.885061,106.106265,0.000000
corporativo_pesado,12,7,365,244,115.120882,85.802693,67.720160,137.694683,103.646247,0.000000
corporativo_pesado,12,1,365,245,104.974523,70.967524,51.535594,117.445498,80.694286,0.000000
corporativo_pesado,12,7,365,245,103.594502,69.314929,49.841230,115.713986,78.747664,0.000000
corporativo_pesado,12,1,365,246,119.375553,87.642911,68.252162,133.282609,98.916454,0.000000
corporativo_pesado,12,7,365,246,118.919116,87.130029,67.739280,132.788292,98.361007,0.000000
corporativo_pesado,12,1,365,247,106.495142,75.961124,57.740117,126.737343,91.546402,0.000000
corporativo_pesado,12,7,365,247,106.320309,75.764998,57.543991,126.535845,91.320363,0.000000
corporativo_pesado,12,1,365,248,98.466589,72.503388,56.692635,134.784307,100.299724,0.000000
corporativo_pesado,12,7,365,248,98.466589,72.503388,56.692635,134.784307,100.299724,0.000000
corporativo_pesado,12,1,365,249,105.609605,73.956275,55.470794,123.975331,88.016303,0.000000
corporativo_pesado,12,7,365,249,105.559197,73.887350,55.401869,123.918066,87.938002,0.000000
corporativo_pesado,12,1,365,250,115.703747,85.782991,67.522945,137.065310,102.654889,0.000000
corporativo_pesado,12,7,365,250,115.999225,85.688011,67.250935,136.124190,101.599436,0.000000
corporativo_pesado,12,1,365,251,105.228669,72.062582,52.852412,119.032925,82.776722,0.000000
corporativo_pesado,12,7,365,251,104.850094,71.353872,52.031961,117.956222,81.550886,0.000000
corporativo_pesado,12,1,365,252,92.947247,62.843532,45.513534,116.630837,80.152009,0.000000
corporativo_pesado,12,7,365,252,91.620181,61.353981,44.023983,115.022736,78.347014,0.000000
corporativo_pesado,12,1,365,253,100.264042,67.843093,49.276237,117.403415,80.733775,0.000000
corporativo_pesado,12,7,365,253,100.264042,67.843093,49.276237,117.403415,80.733775,0.000000
corporativo_pesado,12,1,365,254,118.817700,84.528301,64.215967,126.840226,91.389973,0.000000
corporativo_pesado,12,7,365,254,118.818496,84.528297,64.215963,126.841049,91.389969,0.000000
corporativo_pesado,12,1,365,255,97.544037,68.002110,50.791644,123.022040,86.975343,0.000000
corporativo_pesado,12,7,365,255,97.561366,68.020959,50.810493,123.043185,86.998342,0.000000
corporativo_pesado,12,1,365,256,108.352282,75.955824,56.944083,123.683827,87.899329,0.000000
corporativo_pesado,12,7,365,256,107.918066,75.467915,56.456174,123.204200,87.360394,0.000000
corporativo_pesado,12,1,365,257,104.625622,72.471433,53.730025,121.234418,85.205217,0.000000
corporativo_pesado,12,7,365,257,104.625622,72.471433,53.730025,121.234418,85.205217,0.000000
corporativo_pesado,12,1,365,258,106.542810,75.481574,57.028496,125.248011,89.899656,0.000000
corporativo_pesado,12,7,365,258,104.141007,72.783016,54.329938,122.514708,86.828639,0.000000
corporativo_pesado,12,1,365,259,115.369698,81.331004,61.309163,125.006038,89.304397,0.000000
corporativo_pesado,12,7,365,259,115.152007,80.898599,60.799541,124.313706,88.524886,0.000000
corporativo_pesado,12,1,365,260,107.359780,74.295703,55.035553,121.058038,85.007145,0.000000
corporativo_pesado,12,7,365,260,107.388232,74.292946,55.018264,121.000782,84.943066,0.000000
corporativo_pesado,12,1,365,261,108.487078,76.548858,57.651546,124.558344,89.066385,0.000000
corporativo_pesado,12,7,365,261,107.405827,75.338591,56.441279,123.356783,87.721453,0.000000
corporativo_pesado,12,1,365,262,104.922699,74.318328,56.235711,125.850542,90.308574,0.000000
corporativo_pesado,12,7,365,262,104.401652,73.719145,55.636528,125.245431,89.612721,0.000000
corporativo_pesado,12,1,365,263,115.935639,82.213773,62.240904,125.897781,90.441724,0.000000
corporativo_pesado,12,7,365,263,115.436743,81.653175,61.680306,125.373229,89.852297,0.000000
corporativo_pesado,12,1,365,264,109.431340,77.347207,58.493491,125.888870,90.152318,0.000000
corporativo_pesado,12,7,365,264,109.387347,77.282664,58.428948,125.839869,90.080428,0.000000
corporativo_pesado,12,1,365,265,125.369255,93.593054,74.032352,138.594063,104.479734,0.000000
corporativo_pesado,12,7,365,265,126.549881,94.919135,75.358433,139.861561,105.903389,0.000000
corporativo_pesado,12,1,365,266,118.398767,88.027513,69.349168,137.115333,102.969035,0.000000
corporativo_pesado,12,7,365,266,117.253218,86.741636,68.063291,135.827396,101.523327,0.000000
corporativo_pesado,12,1,365,267,89.722580,60.040940,43.119854,115.350665,78.514114,0.000000
corporativo_pesado,12,7,365,267,89.554491,59.830627,42.909541,115.142057,78.253104,0.000000
corporativo_pesado,12,1,365,268,114.096624,82.916815,64.135381,131.574343,96.711404,0.000000
corporativo_pesado,12,7,365,268,114.515554,83.073210,64.166826,131.196540,96.272399,0.000000
corporativo_pesado,12,1,365,269,98.599503,67.847663,50.074943,120.503808,84.167860,0.000000
corporativo_pesado,12,7,365,269,97.753843,66.899006,49.126286,119.504588,83.046940,0.000000
corporativo_pesado,12,1,365,270,113.030972,82.424546,63.878480,131.986734,97.330600,0.000000
corporativo_pesado,12,7,365,270,112.854817,82.214616,63.668550,131.787271,97.092893,0.000000
corporativo_pesado,12,1,365,271,114.327306,82.272181,63.089920,129.161128,94.068412,0.000000
corporativo_pesado,12,7,365,271,114.327306,82.272181,63.089920,129.161128,94.068412,0.000000
corporativo_pesado,12,1,365,272,101.579798,72.402416,55.050053,126.932868,91.622114,0.000000
corporativo_pesado,12,7,365,272,102.622422,73.571129,56.218766,128.194662,93.036502,0.000000
corporativo_pesado,12,1,365,273,92.525876,62.450709,45.227832,116.817585,80.146679,0.000000
corporativo_pesado,12,7,365,273,92.643253,62.568806,45.345929,116.960704,80.290675,0.000000
corporativo_pesado,12,1,365,274,107.289511,78.450875,60.980513,132.965830,98.300757,0.000000
corporativo_pesado,12,7,365,274,107.545471,78.736574,61.266212,133.273503,98.644179,0.000000
corporativo_pesado,12,1,365,275,115.257397,82.768331,63.416390,129.073001,93.817087,0.000000
corporativo_pesado,12,7,365,275,114.791388,82.138881,62.747649,128.314904,92.953425,0.000000
corporativo_pesado,12,1,365,276,106.553867,74.258039,55.452098,122.985336,86.921605,0.000000
corporativo_pesado,12,7,365,276,106.759139,74.347256,55.486568,122.868512,86.780245,0.000000
corporativo_pesado,12,1,365,277,112.867725,80.978051,61.879748,128.106431,93.041370,0.000000
corporativo_pesado,12,7,365,277,113.102986,81.181952,62.058617,128.202327,93.148728,0.000000
corporativo_pesado,12,1,365,278,105.346950,74.730675,56.562882,125.769659,90.380562,0.000000
corporativo_pesado,12,7,365,278,105.390272,74.773317,56.605524,125.819734,90.429852,0.000000
corporativo_pesado,12,1,365,279,121.036209,89.164752,69.724107,134.744653,100.316752,0.000000
corporativo_pesado,12,7,365,279,121.578210,89.772766,70.332121,135.330129,100.973536,0.000000
corporativo_pesado,12,1,365,280,87.448134,57.079587,39.963768,111.293190,74.032952,0.000000
corporativo_pesado,12,7,365,280,86.199902,55.677442,38.561623,109.761690,72.312610,0.000000
corporativo_pesado,12,1,365,281,82.923239,50.668470,32.985861,102.480265,64.174257,0.000000
corporativo_pesado,12,7,365,281,82.345081,50.017204,32.334595,101.793640,63.400809,0.000000
corporativo_pesado,12,1,365,282,114.077921,83.908254,65.536992,134.401294,99.914659,0.000000
corporativo_pesado,12,7,365,282,114.150711,83.926560,65.529657,134.302635,99.801872,0.000000
corporativo_pesado,12,1,365,283,120.781216,91.079117,72.562115,140.977116,107.292178,0.000000
corporativo_pesado,12,7,365,283,120.576250,90.831073,72.307015,140.692578,106.971635,0.000000
corporativo_pesado,12,1,365,284,105.336106,74.516871,56.295192,125.397058,89.878710,0.000000
corporativo_pesado,12,7,365,284,105.358991,74.539756,56.318077,125.423433,89.905085,0.000000
corporativo_pesado,12,1,365,285,95.625830,63.116020,44.740726,113.284914,76.131440,0.000000
corporativo_pesado,12,7,365,285,95.625830,63.116020,44.740726,113.284914,76.131440,0.000000
corporativo_pesado,12,1,365,286,110.727156,79.519976,60.887117,128.794068,93.622290,0.000000
corporativo_pesado,12,7,365,286,110.490782,79.254094,60.621235,128.527665,93.322630,0.000000
corporativo_pesado,12,1,365,287,115.113492,82.028162,62.355194,126.878425,91.561339,0.000000
corporativo_pesado,12,7,365,287,115.113492,82.028162,62.355194,126.878425,91.561339,0.000000
corporativo_pesado,12,1,365,288,121.966384,88.125524,67.851599,130.334396,95.281585,0.000000
corporativo_pesado,12,7,365,288,121.357546,87.440018,67.166093,129.703753,94.571528,0.000000
corporativo_pesado,12,1,365,289,99.875137,70.269283,52.909024,124.814896,89.001897,0.000000
corporativo_pesado,12,7,365,289,97.850474,67.691381,50.200649,121.482788,85.272699,0.000000
corporativo_pesado,12,1,365,290,94.435154,65.907248,49.297088,123.393084,87.325639,0.000000
corporativo_pesado,12,7,365,290,93.424030,64.771358,48.161198,122.114734,85.889550,0.000000
corporativo_pesado,12,1,365,291,108.474103,75.818027,56.690009,123.090026,87.238032,0.000000
corporativo_pesado,12,7,365,291,108.346031,75.673637,56.545619,122.949420,87.079510,0.000000
corporativo_pesado,12,1,365,292,110.599205,77.432856,57.969069,123.328438,87.544378,0.000000
corporativo_pesado,12,7,365,292,110.437722,77.223404,57.751931,123.107176,87.285506,0.000000
corporativo_pesado,12,1,365,293,97.057304,66.913438,49.389505,120.309700,84.186463,0.000000
corporativo_pesado,12,7,365,293,97.057304,66.913438,49.389505,120.309700,84.186463,0.000000
corporativo_pesado,12,1,365,294,109.906248,78.231773,59.437550,126.805354,91.413415,0.000000
corporativo_pesado,12,7,365,294,109.463312,77.488981,58.593454,125.654694,90.119249,0.000000
corporativo_pesado,12,1,365,295,102.565880,71.030464,52.650865,121.188818,85.157361,0.000000
corporativo_pesado,12,7,365,295,102.323909,70.759918,52.380319,120.912349,84.848243,0.000000
corporativo_pesado,12,1,365,296,96.028231,62.292540,43.330128,110.346854,72.986126,0.000000
corporativo_pesado,12,7,365,296,94.683564,60.781676,41.819264,108.857697,71.312914,0.000000
corporativo_pesado,12,1,365,297,97.895295,69.682314,52.963227,126.961331,91.524433,0.000000
corporativo_pesado,12,7,365,297,97.895295,69.682314,52.963227,126.961331,91.524433,0.000000
corporativo_pesado,12,1,365,298,108.312700,77.557848,59.225037,128.070809,92.841521,0.000000
corporativo_pesado,12,7,365,298,108.245925,77.491073,59.158262,127.994320,92.765031,0.000000
corporativo_pesado,12,1,365,299,107.235679,74.789291,55.861949,122.978632,86.979169,0.000000
corporativo_pesado,12,7,365,299,107.258461,74.808981,55.881639,123.003909,87.001015,0.000000
corporativo_pesado,12,1,365,300,89.644731,60.456182,43.642217,115.962845,79.507462,0.000000
corporativo_pesado,12,7,365,300,89.762621,60.444481,43.569049,115.701735,79.217873,0.000000
psp_dominante,8,1,365,1,174.173409,88.741702,71.866963,220.752484,114.435825,0.000000
psp_dominante,8,7,365,1,174.176703,88.741676,71.866937,220.756583,114.435793,0.000000
psp_dominante,8,1,365,2,189.702407,102.596373,84.201696,220.570834,121.127570,0.000000
psp_dominante,8,7,365,2,191.195769,102.695517,84.156297,220.573898,120.326676,0.000000
psp_dominante,8,1,365,3,186.243800,113.506568,95.470319,220.847738,136.158185,0.000000
psp_dominante,8,7,365,3,186.257721,113.458266,95.422017,220.863947,136.101945,0.000000
psp_dominante,8,1,365,4,163.287826,80.128161,64.356594,221.419382,110.691451,0.000000
psp_dominante,8,7,365,4,164.973356,80.126626,64.191490,221.408905,109.594275,0.000000
psp_dominante,8,1,365,5,170.248818,90.190041,73.706742,220.899856,118.903628,0.000000
psp_dominante,8,7,365,5,172.384006,90.205457,73.514846,220.892247,117.495820,0.000000
psp_dominante,8,1,365,6,169.072445,91.898552,75.514814,220.710091,121.791776,0.000000
psp_dominante,8,7,365,6,170.865862,92.023213,75.464923,220.700100,120.708155,0.000000
psp_dominante,8,1,365,7,186.304899,97.874933,79.831523,220.832787,117.912702,0.000000
psp_dominante,8,7,365,7,187.476898,97.900277,79.743278,220.831805,117.229384,0.000000
psp_dominante,8,1,365,8,149.600758,83.055953,68.591006,221.188208,124.579426,0.000000
psp_dominante,8,7,365,8,150.313384,83.260431,68.726247,221.183233,124.300461,0.000000
psp_dominante,8,1,365,9,171.470520,86.378774,69.777707,220.906595,113.267329,0.000000
psp_dominante,8,7,365,9,171.472361,86.378775,69.777708,220.908924,113.267331,0.000000
psp_dominante,8,1,365,10,163.802807,91.207649,75.364703,221.122431,124.896747,0.000000
psp_dominante,8,7,365,10,165.114120,91.232851,75.262939,221.120578,123.968717,0.000000
psp_dominante,8,1,365,11,170.522168,97.374145,80.847796,220.682192,127.733139,0.000000
psp_dominante,8,7,365,11,170.883450,96.318777,79.757946,220.689153,126.137248,0.000000
psp_dominante,8,1,365,12,171.902034,95.046461,78.411668,221.011580,123.988008,0.000000
psp_dominante,8,7,365,12,172.638671,94.079767,77.374183,221.017980,122.264354,0.000000
psp_dominante,8,1,365,13,175.991247,85.268501,68.221604,220.802870,109.041904,0.000000
psp_dominante,8,7,365,13,176.102559,85.059865,68.002279,220.804051,108.719224,0.000000
psp_dominante,8,1,365,14,155.266114,84.894774,69.876792,221.112285,122.710374,0.000000
psp_dominante,8,7,365,14,156.921258,85.011268,69.832636,221.104309,121.615120,0.000000
psp_dominante,8,1,365,15,171.274102,91.668530,75.087875,220.924853,120.101512,0.000000
psp_dominante,8,7,365,15,172.708925,91.767680,75.048194,220.925773,119.261992,0.000000
psp_dominante,8,1,365,16,175.479835,83.491393,66.495463,220.821117,107.161125,0.000000
psp_dominante,8,7,365,16,176.208606,83.489165,66.422402,220.817959,106.730228,0.000000
psp_dominante,8,1,365,17,193.796462,120.606671,101.829626,220.739413,138.884914,0.000000
psp_dominante,8,7,365,17,194.834413,117.747545,98.870897,220.750488,134.992454,0.000000
psp_dominante,8,1,365,18,179.468277,88.782686,71.401448,220.833451,111.267181,0.000000
psp_dominante,8,7,365,18,182.684601,89.005653,71.312292,220.825770,109.639551,0.000000
psp_dominante,8,1,365,19,183.597974,95.722841,77.943506,220.856112,117.062702,0.000000
psp_dominante,8,7,365,19,183.605182,95.722849,77.943514,220.864625,117.062712,0.000000
psp_dominante,8,1,365,20,179.671178,93.741081,76.327671,220.677534,117.048661,0.000000
psp_dominante,8,7,365,20,180.195027,93.789953,76.326752,220.689687,116.785108,0.000000
psp_dominante,8,1,365,21,173.054224,83.445242,66.693269,220.937951,108.605594,0.000000
psp_dominante,8,7,365,21,173.772980,83.494873,66.673432,220.939356,108.235560,0.000000
psp_dominante,8,1,365,22,185.734216,118.744007,100.740035,220.642113,142.504111,0.000000
psp_dominante,8,7,365,22,185.786093,116.921704,98.913175,220.647787,140.344050,0.000000
psp_dominante,8,1,365,23,172.846114,99.176714,82.447883,220.976811,128.498298,0.000000
psp_dominante,8,7,365,23,173.897571,99.249239,82.418831,220.979231,127.837402,0.000000
psp_dominante,8,1,365,24,176.773617,104.075284,86.952388,220.800123,131.640848,0.000000
psp_dominante,8,7,365,24,176.940898,104.086717,86.947819,220.802671,131.535682,0.000000
psp_dominante,8,1,365,25,171.681387,88.084718,71.448644,220.716343,115.190842,0.000000
psp_dominante,8,7,365,25,174.062594,88.250124,71.382483,220.705731,113.870289,0.000000
psp_dominante,8,1,365,26,150.804767,74.339484,59.756097,221.158065,111.048463,0.000000
psp_dominante,8,7,365,26,150.804767,74.339484,59.756097,221.158065,111.048463,0.000000
psp_dominante,8,1,365,27,163.610545,92.136811,76.307158,221.049701,126.230919,0.000000
psp_dominante,8,7,365,27,163.623702,92.136808,76.307155,221.067155,126.230915,0.000000
psp_dominante,8,1,365,28,168.770177,83.730703,67.397218,220.988213,111.652761,0.000000
psp_dominante,8,7,365,28,168.775863,83.730709,67.397224,220.995523,111.652769,0.000000
psp_dominante,8,1,365,29,180.109676,101.837732,84.393956,220.828237,126.599164,0.000000
psp_dominante,8,7,365,29,181.296201,101.879366,84.320405,220.824915,125.844720,0.000000
psp_dominante,8,1,365,30,167.772237,92.980278,76.751646,221.098827,124.317340,0.000000
psp_dominante,8,7,365,30,167.842134,92.984732,76.749863,221.105836,124.276878,0.000000
psp_dominante,8,1,365,31,180.282337,88.042510,70.586218,220.880485,109.915547,0.000000
psp_dominante,8,7,365,31,180.837564,88.026421,70.516495,220.882061,109.571825,0.000000
psp_dominante,8,1,365,32,191.611352,107.808751,89.258590,220.916629,126.046583,0.000000
psp_dominante,8,7,365,32,194.072439,107.571903,88.783665,220.918756,124.235328,0.000000
psp_dominante,8,1,365,33,184.049913,110.004229,92.164561,220.654714,133.491693,0.000000
psp_dominante,8,7,365,33,185.936690,110.092439,92.069105,220.645294,132.274892,0.000000
psp_dominante,8,1,365,34,203.806677,107.792218,88.029055,220.561500,118.538172,0.000000
psp_dominante,8,7,365,34,204.644369,107.730211,87.885400,220.556950,118.001309,0.000000
psp_dominante,8,1,365,35,176.638207,97.227733,80.125459,220.895271,123.386603,0.000000
psp_dominante,8,7,365,35,178.868183,96.771997,79.451722,220.869065,121.331389,0.000000
psp_dominante,8,1,365,36,158.062892,75.008075,59.721566,221.140534,107.043119,0.000000
psp_dominante,8,7,365,36,158.865388,75.011394,59.646513,221.129775,106.522061,0.000000
psp_dominante,8,1,365,37,145.346459,71.170152,57.109434,221.078220,110.294229,0.000000
psp_dominante,8,7,365,37,146.025366,71.217025,57.090682,221.079019,109.870112,0.000000
psp_dominante,8,1,365,38,183.800991,98.752838,80.943746,220.733161,120.446677,0.000000
psp_dominante,8,7,365,38,184.464783,98.798660,80.925434,220.735381,120.082674,0.000000
psp_dominante,8,1,365,39,182.661267,98.754487,81.071626,220.926809,121.279903,0.000000
psp_dominante,8,7,365,39,185.472743,98.726745,80.771367,220.922618,119.467446,0.000000
psp_dominante,8,1,365,40,158.894799,84.842378,69.472100,221.093717,119.917873,0.000000
psp_dominante,8,7,365,40,159.379717,84.875826,69.458739,221.095101,119.611487,0.000000
psp_dominante,8,1,365,41,164.339397,76.619790,60.705297,220.854369,105.103791,0.000000
psp_dominante,8,7,365,41,164.598088,76.637417,60.698249,220.859490,104.970500,0.000000
psp_dominante,8,1,365,42,187.148738,97.377364,79.246342,220.762381,116.785955,0.000000
psp_dominante,8,7,365,42,187.458828,97.398521,79.237910,220.767783,116.626659,0.000000
psp_dominante,8,1,365,43,169.966087,99.613812,83.144688,220.726028,131.018902,0.000000
psp_dominante,8,7,365,43,171.632855,99.560300,82.929707,220.726484,129.718085,0.000000
psp_dominante,8,1,365,44,189.240249,118.333662,100.000956,220.773521,139.550469,0.000000
psp_dominante,8,7,365,44,192.360741,118.549518,99.914622,220.774784,137.595587,0.000000
psp_dominante,8,1,365,45,184.238380,99.132095,81.281486,220.743641,120.622015,0.000000
psp_dominante,8,7,365,45,184.880702,99.176156,81.263870,220.750377,120.272109,0.000000
psp_dominante,8,1,365,46,176.483575,84.451861,67.351855,220.734139,107.712775,0.000000
psp_dominante,8,7,365,46,176.647754,84.462949,67.347424,220.739062,107.632341,0.000000
psp_dominante,8,1,365,47,160.567739,82.133600,66.588392,220.910737,114.954166,0.000000
psp_dominante,8,7,365,47,160.572939,82.133600,66.588392,220.917761,114.954166,0.000000
psp_dominante,8,1,365,48,189.341051,103.857758,85.514363,220.762604,122.899086,0.000000
psp_dominante,8,7,365,48,189.810341,104.064519,85.676163,220.768544,122.844495,0.000000
psp_dominante,8,1,365,49,183.829099,94.617904,76.801693,220.679690,115.526293,0.000000
psp_dominante,8,7,365,49,184.603989,94.809089,76.917698,220.678724,115.282061,0.000000
psp_dominante,8,1,365,50,163.947022,83.749850,67.885694,221.023046,114.862931,0.000000
psp_dominante,8,7,365,50,164.927822,83.651611,67.692556,221.023142,114.074427,0.000000
psp_dominante,8,1,365,51,169.060412,89.415152,73.051742,220.963863,118.751032,0.000000
psp_dominante,8,7,365,51,169.402243,89.438089,73.042570,220.976791,118.555682,0.000000
psp_dominante,8,1,365,52,192.755138,101.798080,83.122801,220.749527,118.470026,0.000000
psp_dominante,8,7,365,52,193.620784,101.839137,83.080530,220.755779,118.007499,0.000000
psp_dominante,8,1,365,53,185.758312,114.413310,96.409590,220.673252,137.454614,0.000000
psp_dominante,8,7,365,53,187.475504,114.000134,95.829485,220.667307,135.751090,0.000000
psp_dominante,8,1,365,54,163.526742,87.467198,71.635025,220.903996,120.017627,0.000000
psp_dominante,8,7,365,54,165.012297,87.589283,71.613176,220.902543,119.132863,0.000000
psp_dominante,8,1,365,55,189.282169,109.879699,91.523578,220.544963,129.705953,0.000000
psp_dominante,8,7,365,55,192.474509,110.137467,91.471806,220.545489,127.911326,0.000000
psp_dominante,8,1,365,56,177.661493,99.012661,81.789847,220.624958,124.727418,0.000000
psp_dominante,8,7,365,56,180.036954,99.262266,81.808977,220.622554,123.433511,0.000000
psp_dominante,8,1,365,57,169.768216,90.827329,74.397265,220.988354,120.090473,0.000000
psp_dominante,8,7,365,57,169.839332,90.831219,74.395695,221.007135,120.056878,0.000000
psp_dominante,8,1,365,58,173.246663,92.927080,76.153162,220.895058,120.339467,0.000000
psp_dominante,8,7,365,58,173.253871,92.927088,76.153170,220.904082,120.339477,0.000000
psp_dominante,8,1,365,59,187.177068,106.266297,88.128681,220.716377,127.036689,0.000000
psp_dominante,8,7,365,59,190.555702,106.533709,88.068808,220.717639,125.160026,0.000000
psp_dominante,8,1,365,60,182.218410,101.977828,84.312166,220.611560,125.225821,0.000000
psp_dominante,8,7,365,60,182.784745,100.971120,83.251866,220.627610,123.666071,0.000000
psp_dominante,8,1,365,61,178.425166,92.513174,75.232715,220.830380,116.426218,0.000000
psp_dominante,8,7,365,61,181.015848,92.693555,75.160571,220.810373,115.023010,0.000000
psp_dominante,8,1,365,62,163.851100,85.669951,69.797836,220.787309,117.347778,0.000000
psp_dominante,8,7,365,62,164.129624,85.689141,69.790146,220.788678,117.181491,0.000000
psp_dominante,8,1,365,63,191.534467,103.115392,84.548893,220.638786,120.630670,0.000000
psp_dominante,8,7,365,63,192.584868,103.147387,84.479437,220.643082,120.032833,0.000000
psp_dominante,8,1,365,64,185.063981,113.283472,95.352055,220.733770,136.669543,0.000000
psp_dominante,8,7,365,64,187.444174,113.463680,95.301284,220.729536,135.190691,0.000000
psp_dominante,8,1,365,65,174.758548,78.059677,61.128154,220.751293,100.816642,0.000000
psp_dominante,8,7,365,65,175.305526,78.097230,61.113144,220.756795,100.563444,0.000000
psp_dominante,8,1,365,66,180.891539,89.931624,72.418443,220.906473,111.836726,0.000000
psp_dominante,8,7,365,66,183.609135,90.119593,72.343261,220.905931,110.462427,0.000000
psp_dominante,8,1,365,67,165.067625,87.131980,71.159758,221.028046,118.559614,0.000000
psp_dominante,8,7,365,67,165.071420,87.131975,71.159753,221.033035,118.559607,0.000000
psp_dominante,8,1,365,68,168.237931,87.434994,71.150229,220.951031,116.751695,0.000000
psp_dominante,8,7,365,68,169.313880,87.509143,71.120533,220.955036,116.132267,0.000000
psp_dominante,8,1,365,69,191.781284,106.733800,88.149241,220.707158,124.606026,0.000000
psp_dominante,8,7,365,69,192.439360,106.971626,88.323500,220.709527,124.462728,0.000000
psp_dominante,8,1,365,70,173.777537,90.453224,73.632182,220.950191,116.925091,0.000000
psp_dominante,8,7,365,70,176.469592,90.602982,73.520322,220.937025,115.379762,0.000000
psp_dominante,8,1,365,71,181.493846,95.137319,77.557169,220.799673,117.644292,0.000000
psp_dominante,8,7,365,71,183.979333,95.299932,77.478135,220.788800,116.294993,0.000000
psp_dominante,8,1,365,72,183.476131,111.831269,94.048385,220.668947,136.062754,0.000000
psp_dominante,8,7,365,72,184.760754,110.780888,92.873516,220.669193,133.912901,0.000000
psp_dominante,8,1,365,73,178.247464,101.281523,84.025634,220.922857,127.257166,0.000000
psp_dominante,8,7,365,73,178.782870,101.214385,83.907151,220.928960,126.810039,0.000000
psp_dominante,8,1,365,74,163.555514,85.253884,69.426625,221.009515,117.116969,0.000000
psp_dominante,8,7,365,74,164.483043,85.318596,69.400743,220.998103,116.558553,0.000000
psp_dominante,8,1,365,75,180.022915,105.946130,88.506701,220.777809,131.576925,0.000000
psp_dominante,8,7,365,75,180.410084,106.020577,88.544041,220.782763,131.395504,0.000000
psp_dominante,8,1,365,76,158.765687,78.503659,63.136132,220.956146,111.276651,0.000000
psp_dominante,8,7,365,76,159.204773,78.637849,63.228427,220.964675,111.167863,0.000000
psp_dominante,8,1,365,77,173.694049,80.319518,63.500576,220.873037,104.286325,0.000000
psp_dominante,8,7,365,77,174.686318,80.387962,63.473155,220.875822,103.802924,0.000000
psp_dominante,8,1,365,78,180.747483,102.702596,85.202015,220.889779,127.239023,0.000000
psp_dominante,8,7,365,78,183.533828,102.682785,84.911808,220.882301,125.340457,0.000000
psp_dominante,8,1,365,79,177.232309,94.488769,77.327842,220.880970,119.626862,0.000000
psp_dominante,8,7,365,79,177.929719,94.545926,77.318975,220.899909,119.253387,0.000000
psp_dominante,8,1,365,80,178.919920,110.370279,93.032910,220.717907,137.686712,0.000000
psp_dominante,8,7,365,80,181.517955,110.550380,92.960864,220.713016,135.985325,0.000000
psp_dominante,8,1,365,81,185.613046,106.568886,88.585725,220.751325,128.446786,0.000000
psp_dominante,8,7,365,81,187.028806,106.477831,88.357750,220.754270,127.400908,0.000000
psp_dominante,8,1,365,82,179.908641,113.296901,95.861231,220.686910,140.457900,0.000000
psp_dominante,8,7,365,82,184.193107,113.435878,95.584198,220.677380,137.441414,0.000000
psp_dominante,8,1,365,83,177.067003,102.423178,85.269412,220.769138,129.388602,0.000000
psp_dominante,8,7,365,83,177.082826,102.423161,85.269395,220.788508,129.388581,0.000000
psp_dominante,8,1,365,84,196.516348,118.344017,99.286286,220.544315,134.405050,0.000000
psp_dominante,8,7,365,84,199.639455,118.651142,99.291305,220.552885,132.703252,0.000000
psp_dominante,8,1,365,85,180.315437,95.241835,77.783149,220.890560,118.560657,0.000000
psp_dominante,8,7,365,85,182.479915,95.454729,77.785980,220.884524,117.451683,0.000000
psp_dominante,8,1,365,86,190.151868,115.782501,97.360587,220.762994,135.985879,0.000000
psp_dominante,8,7,365,86,192.294999,115.984056,97.354032,220.757369,134.738703,0.000000
psp_dominante,8,1,365,87,184.712332,117.704902,99.802570,220.673390,142.071562,0.000000
psp_dominante,8,7,365,87,188.636721,113.921305,95.637004,220.654229,134.841611,0.000000
psp_dominante,8,1,365,88,164.997416,84.745848,68.777091,220.982808,115.446546,0.000000
psp_dominante,8,7,365,88,167.714500,84.935184,68.701428,220.955614,113.872223,0.000000
psp_dominante,8,1,365,89,172.912111,100.125058,83.392993,221.017704,129.664478,0.000000
psp_dominante,8,7,365,89,173.488083,97.674370,80.885458,221.003326,126.173597,0.000000
psp_dominante,8,1,365,90,186.909120,110.111182,92.001853,220.744172,131.687493,0.000000
psp_dominante,8,7,365,90,190.478866,110.200632,91.743459,220.720956,129.382867,0.000000
psp_dominante,8,1,365,91,194.236952,107.044335,88.197213,220.424343,123.271846,0.000000
psp_dominante,8,7,365,91,195.312234,107.103778,88.152349,220.424678,122.681253,0.000000
psp_dominante,8,1,365,92,183.845816,94.247999,76.435022,220.738737,115.110454,0.000000
psp_dominante,8,7,365,92,185.342390,94.063812,76.105389,220.733406,113.995185,0.000000
psp_dominante,8,1,365,93,169.513279,87.334559,70.928225,220.975886,115.787663,0.000000
psp_dominante,8,7,365,93,170.805117,86.656640,70.125062,220.973084,114.079597,0.000000
psp_dominante,8,1,365,94,177.340476,93.097739,75.916421,220.755781,117.789438,0.000000
psp_dominante,8,7,365,94,178.374728,89.526184,72.244192,220.749857,112.786641,0.000000
psp_dominante,8,1,365,95,172.102059,88.631450,71.966102,220.865753,115.684463,0.000000
psp_dominante,8,7,365,95,174.013549,88.960227,72.109365,220.860391,114.864640,0.000000
psp_dominante,8,1,365,96,185.715529,100.833203,82.837295,220.717384,121.665486,0.000000
psp_dominante,8,7,365,96,187.529923,100.839746,82.667123,220.706657,120.528839,0.000000
psp_dominante,8,1,365,97,179.942308,103.464037,86.027317,220.714409,128.607424,0.000000
psp_dominante,8,7,365,97,182.769004,103.931710,86.220625,220.708863,127.231632,0.000000
psp_dominante,8,1,365,98,186.140106,101.292834,83.265657,220.836071,121.996817,0.000000
psp_dominante,8,7,365,98,188.484953,101.319441,83.063952,220.821582,120.551699,0.000000
psp_dominante,8,1,365,99,183.708952,90.066221,72.281006,220.915454,110.346234,0.000000
psp_dominante,8,7,365,99,184.670378,90.161694,72.283701,220.919088,109.906495,0.000000
psp_dominante,8,1,365,100,170.309459,93.771148,77.284468,220.932617,123.441519,0.000000
psp_dominante,8,7,365,100,170.888227,93.810751,77.268631,220.940318,123.091493,0.000000
psp_dominante,8,1,365,101,197.045611,105.931807,86.861077,220.979519,120.648285,0.000000
psp_dominante,8,7,365,101,198.015659,105.913050,86.748345,220.978495,120.055741,0.000000
psp_dominante,8,1,365,102,179.944756,111.209920,93.789265,220.917210,138.059730,0.000000
psp_dominante,8,7,365,102,180.276119,111.209355,93.757662,220.930157,137.820624,0.000000
psp_dominante,8,1,365,103,171.571734,95.585136,78.964476,220.778781,124.770646,0.000000
psp_dominante,8,7,365,103,171.571734,95.585136,78.964476,220.778781,124.770646,0.000000
psp_dominante,8,1,365,104,170.729026,95.679893,79.167047,221.122448,125.679675,0.000000
psp_dominante,8,7,365,104,172.290134,96.360656,79.695938,221.110953,125.428623,0.000000
psp_dominante,8,1,365,105,183.627952,103.778068,85.974226,220.592969,126.408378,0.000000
psp_dominante,8,7,365,105,184.875903,103.264608,85.339701,220.592140,124.980085,0.000000
psp_dominante,8,1,365,106,193.488977,102.545158,83.794615,220.701379,118.847250,0.000000
psp_dominante,8,7,365,106,196.321775,103.018096,83.992495,220.695245,117.708892,0.000000
psp_dominante,8,1,365,107,193.294138,96.607689,77.882598,220.777419,112.344545,0.000000
psp_dominante,8,7,365,107,193.963402,96.688667,77.898959,220.779922,112.062457,0.000000
psp_dominante,8,1,365,108,184.827271,100.114316,82.198586,220.646081,121.349426,0.000000
psp_dominante,8,7,365,108,185.056795,100.129464,82.192503,220.658368,121.228261,0.000000
psp_dominante,8,1,365,109,167.047214,96.225864,80.056116,220.947815,128.970602,0.000000
psp_dominante,8,7,365,109,168.452115,96.423683,80.117624,220.943555,128.180670,0.000000
psp_dominante,8,1,365,110,173.446350,82.841515,66.038134,220.764314,107.531057,0.000000
psp_dominante,8,7,365,110,174.106539,82.887563,66.019691,220.757474,107.192556,0.000000
psp_dominante,8,1,365,111,187.736505,91.485855,73.303194,220.825612,109.661264,0.000000
psp_dominante,8,7,365,111,187.740356,91.485866,73.303205,220.830060,109.661277,0.000000
psp_dominante,8,1,365,112,167.768031,94.600171,78.391804,221.364812,126.566548,0.000000
psp_dominante,8,7,365,112,168.392999,94.631813,78.364499,221.383950,126.163257,0.000000
psp_dominante,8,1,365,113,169.285754,103.099702,86.715649,220.979329,136.146407,0.000000
psp_dominante,8,7,365,113,169.465863,103.172224,86.770762,220.979628,136.098998,0.000000
psp_dominante,8,1,365,114,177.146463,102.358112,85.205732,220.883938,129.319072,0.000000
psp_dominante,8,7,365,114,178.477569,102.449655,85.169175,220.893799,128.501331,0.000000
psp_dominante,8,1,365,115,148.841242,80.001189,65.596722,220.992832,120.632220,0.000000
psp_dominante,8,7,365,115,148.847976,80.001203,65.596736,221.002649,120.632241,0.000000
psp_dominante,8,1,365,116,173.581555,88.831286,72.027632,220.929762,115.014961,0.000000
psp_dominante,8,7,365,116,173.868931,88.850716,72.019846,220.937541,114.859690,0.000000
psp_dominante,8,1,365,117,188.776209,105.118427,86.826209,220.720596,124.679021,0.000000
psp_dominante,8,7,365,117,188.948690,104.906504,86.598788,220.734982,124.333775,0.000000
psp_dominante,8,1,365,118,153.713733,84.595701,69.736479,221.238049,123.556039,0.000000
psp_dominante,8,7,365,118,154.074898,84.509514,69.615411,221.238518,123.154526,0.000000
psp_dominante,8,1,365,119,166.235777,90.437211,74.346297,220.951711,122.028189,0.000000
psp_dominante,8,7,365,119,166.260153,90.385773,74.292654,220.953793,121.944894,0.000000
psp_dominante,8,1,365,120,162.632932,86.644463,70.894001,220.837549,119.522561,0.000000
psp_dominante,8,7,365,120,163.144883,86.584010,70.784345,220.842733,119.082453,0.000000
psp_dominante,8,1,365,121,191.373946,106.546518,88.006059,220.761239,124.680771,0.000000
psp_dominante,8,7,365,121,193.115226,106.679198,87.970088,220.761767,123.741834,0.000000
psp_dominante,8,1,365,122,159.190821,87.487090,72.089407,221.111058,123.318529,0.000000
psp_dominante,8,7,365,122,159.286465,87.493843,72.086626,221.107072,123.253899,0.000000
psp_dominante,8,1,365,123,188.138984,106.700069,88.469402,220.718273,126.908363,0.000000
psp_dominante,8,7,365,123,189.173791,104.556154,86.225863,220.725943,123.784199,0.000000
psp_dominante,8,1,365,124,192.424814,111.936483,93.282729,220.627768,130.015714,0.000000
psp_dominante,8,7,365,124,193.761975,112.028941,93.245743,220.629856,129.250650,0.000000
psp_dominante,8,1,365,125,159.047107,81.367810,65.983714,221.106631,115.070810,0.000000
psp_dominante,8,7,365,125,159.678721,81.378991,65.934142,221.111423,114.649110,0.000000
psp_dominante,8,1,365,126,170.085559,76.756985,60.297647,221.007315,101.932048,0.000000
psp_dominante,8,7,365,126,170.148452,76.807763,60.342818,221.013631,101.963463,0.000000
psp_dominante,8,1,365,127,166.964896,86.411513,70.256444,221.037935,116.326463,0.000000
psp_dominante,8,7,365,127,167.097717,86.420014,70.253017,221.050331,116.254632,0.000000
psp_dominante,8,1,365,128,185.175257,106.954620,89.012619,220.736160,129.183752,0.000000
psp_dominante,8,7,365,128,185.631375,106.985863,89.000140,220.741850,128.915919,0.000000
psp_dominante,8,1,365,129,155.870842,76.331299,61.249435,221.034690,110.283764,0.000000
psp_dominante,8,7,365,129,156.626295,76.361415,61.207374,221.047862,109.819280,0.000000
psp_dominante,8,1,365,130,187.417525,102.033891,83.871810,220.702482,121.977213,0.000000
psp_dominante,8,7,365,130,193.090240,102.632420,83.919656,220.691401,119.177043,0.000000
psp_dominante,8,1,365,131,183.256658,105.692053,87.940312,220.789430,129.031855,0.000000
psp_dominante,8,7,365,131,183.432533,105.703845,87.935682,220.796930,128.930233,0.000000
psp_dominante,8,1,365,132,187.037245,108.739550,90.614072,220.699507,129.984569,0.000000
psp_dominante,8,7,365,132,187.757234,109.121142,90.926742,220.709642,129.947763,0.000000
psp_dominante,8,1,365,133,170.989881,100.747184,84.186647,220.827963,131.754967,0.000000
psp_dominante,8,7,365,133,172.169132,100.335026,83.660312,220.828413,130.361121,0.000000
psp_dominante,8,1,365,134,172.943647,97.045697,80.296958,220.841195,125.678392,0.000000
psp_dominante,8,7,365,134,173.578121,97.077874,80.268067,220.846067,125.276547,0.000000
psp_dominante,8,1,365,135,159.202646,91.226415,75.825225,221.077743,128.390045,0.000000
psp_dominante,8,7,365,135,159.509262,91.295255,75.864665,221.081427,128.246730,0.000000
psp_dominante,8,1,365,136,183.659379,93.560839,75.770101,220.789599,114.438230,0.000000
psp_dominante,8,7,365,136,183.729308,93.565196,75.768347,220.797674,114.405449,0.000000
psp_dominante,8,1,365,137,161.000839,89.157783,73.562532,220.797897,124.056640,0.000000
psp_dominante,8,7,365,137,162.254168,89.244635,73.527794,220.795317,123.243895,0.000000
psp_dominante,8,1,365,138,184.367987,98.515294,80.650363,220.722232,119.803480,0.000000
psp_dominante,8,7,365,138,185.225962,97.774543,79.826893,220.727271,118.403022,0.000000
psp_dominante,8,1,365,139,163.531599,87.680793,71.848557,220.909575,120.300480,0.000000
psp_dominante,8,7,365,139,165.819854,85.380764,69.326600,220.904283,115.684173,0.000000
psp_dominante,8,1,365,140,191.242384,107.988723,89.459688,220.745776,126.389708,0.000000
psp_dominante,8,7,365,140,193.708606,108.176800,89.408512,220.742237,125.039958,0.000000
psp_dominante,8,1,365,141,192.029323,97.267359,78.663123,220.757935,113.792982,0.000000
psp_dominante,8,7,365,141,194.898107,97.453110,78.569952,220.746598,112.377809,0.000000
psp_dominante,8,1,365,142,181.254942,95.531414,77.982365,220.898009,118.317288,0.000000
psp_dominante,8,7,365,142,182.784040,95.612328,77.914662,220.891021,117.453316,0.000000
psp_dominante,8,1,365,143,178.807847,88.259286,70.931997,220.708152,110.966820,0.000000
psp_dominante,8,7,365,143,181.006935,84.786067,67.245502,220.705997,105.507984,0.000000
psp_dominante,8,1,365,144,166.485233,94.223877,78.104781,220.897393,126.755110,0.000000
psp_dominante,8,7,365,144,166.561899,93.058931,76.931981,220.891593,125.178372,0.000000
psp_dominante,8,1,365,145,157.926065,87.373892,72.079949,220.847112,123.972444,0.000000
psp_dominante,8,7,365,145,157.924362,87.373909,72.079966,220.844773,123.972467,0.000000
psp_dominante,8,1,365,146,179.490490,83.449516,66.077581,220.976421,104.877641,0.000000
psp_dominante,8,7,365,146,180.800270,83.588507,66.089774,220.976033,104.313470,0.000000
psp_dominante,8,1,365,147,177.355605,109.301988,92.130099,220.893302,137.668564,0.000000
psp_dominante,8,7,365,147,180.151620,109.495798,92.052568,220.885521,135.822590,0.000000
psp_dominante,8,1,365,148,184.651848,94.432269,76.533822,220.649456,114.796073,0.000000
psp_dominante,8,7,365,148,185.915921,94.519876,76.498789,220.648105,114.144154,0.000000
psp_dominante,8,1,365,149,162.909684,94.443623,78.653093,220.655385,129.601616,0.000000
psp_dominante,8,7,365,149,162.909684,94.443623,78.653093,220.655385,129.601616,0.000000
psp_dominante,8,1,365,150,199.437150,111.119256,91.787475,220.647403,124.708194,0.000000
psp_dominante,8,7,365,150,200.464208,110.847279,91.416042,220.648501,123.796432,0.000000
psp_dominante,8,1,365,151,173.847262,92.988627,76.171218,221.084124,120.115459,0.000000
psp_dominante,8,7,365,151,174.708964,93.047999,76.147430,221.086670,119.617881,0.000000
psp_dominante,8,1,365,152,192.390523,118.597147,99.953704,220.708951,137.587991,0.000000
psp_dominante,8,7,365,152,194.089050,117.995207,99.188132,220.720040,135.753574,0.000000
psp_dominante,8,1,365,153,179.982588,102.826408,85.391956,220.791118,127.855603,0.000000
psp_dominante,8,7,365,153,183.222993,103.051723,85.301788,220.771659,125.920794,0.000000
psp_dominante,8,1,365,154,179.970337,105.038733,87.606927,220.809267,130.539578,0.000000
psp_dominante,8,7,365,154,182.556533,105.218678,87.534956,220.791872,128.950631,0.000000
psp_dominante,8,1,365,155,163.974223,86.781331,70.911526,220.981789,118.834930,0.000000
psp_dominante,8,7,365,155,165.255333,86.870302,70.875946,220.974162,118.057505,0.000000
psp_dominante,8,1,365,156,183.027220,119.706554,101.956514,220.538758,145.624336,0.000000
psp_dominante,8,7,365,156,184.011921,119.776764,101.931321,220.539894,144.949823,0.000000
psp_dominante,8,1,365,157,182.428803,101.773882,84.101353,220.777399,124.936371,0.000000
psp_dominante,8,7,365,157,184.846072,101.443136,83.535743,220.768991,122.962367,0.000000
psp_dominante,8,1,365,158,162.659162,90.754138,75.021337,221.115973,125.137799,0.000000
psp_dominante,8,7,365,158,162.663211,90.754147,75.021346,221.121378,125.137811,0.000000
psp_dominante,8,1,365,159,175.648747,90.187888,73.180408,220.882436,115.359569,0.000000
psp_dominante,8,7,365,159,175.836537,90.200467,73.175347,220.889354,115.259703,0.000000
psp_dominante,8,1,365,160,196.789880,112.829991,93.774360,220.869621,128.342763,0.000000
psp_dominante,8,7,365,160,197.306118,112.865584,93.760120,220.871387,128.057561,0.000000
psp_dominante,8,1,365,161,192.508261,94.953889,76.307254,220.804452,110.937883,0.000000
psp_dominante,8,7,365,161,193.689601,95.035943,76.274417,220.799082,110.374865,0.000000
psp_dominante,8,1,365,162,184.997323,95.324063,77.388278,220.602941,115.609574,0.000000
psp_dominante,8,7,365,162,187.586442,95.375790,77.188446,220.596512,114.125568,0.000000
psp_dominante,8,1,365,163,165.592251,79.867176,63.821538,220.721658,108.527517,0.000000
psp_dominante,8,7,365,163,167.514444,80.000196,63.768309,220.721773,107.500234,0.000000
psp_dominante,8,1,365,164,184.828434,93.360455,75.446132,220.664460,113.441454,0.000000
psp_dominante,8,7,365,164,185.800360,92.865781,74.857987,220.673267,112.296519,0.000000
psp_dominante,8,1,365,165,187.607552,104.950696,86.773558,220.742514,125.249264,0.000000
psp_dominante,8,7,365,165,187.753912,104.960640,86.769558,220.745334,125.167803,0.000000
psp_dominante,8,1,365,166,153.308008,82.632116,67.785473,220.848224,120.879919,0.000000
psp_dominante,8,7,365,166,153.973155,82.677624,67.767288,220.858712,120.444734,0.000000
psp_dominante,8,1,365,167,173.462027,84.512695,67.717126,220.884737,109.668739,0.000000
psp_dominante,8,7,365,167,174.713674,84.634719,67.717812,220.882859,109.062296,0.000000
psp_dominante,8,1,365,168,184.007581,97.001012,79.177010,220.795263,118.285290,0.000000
psp_dominante,8,7,365,168,185.028911,97.071514,79.148812,220.798066,117.738531,0.000000
psp_dominante,8,1,365,169,159.350194,83.618082,68.187975,220.871735,117.802173,0.000000
psp_dominante,8,7,365,169,160.441052,83.693479,68.157826,220.872898,117.130942,0.000000
psp_dominante,8,1,365,170,172.247268,102.465777,85.778421,220.762477,132.946810,0.000000
psp_dominante,8,7,365,170,174.490349,102.594263,85.688780,220.752005,131.442648,0.000000
psp_dominante,8,1,365,171,182.416011,95.813025,78.131361,220.650211,117.794353,0.000000
psp_dominante,8,7,365,171,184.251738,95.940513,78.080328,220.643137,116.806825,0.000000
psp_dominante,8,1,365,172,181.172869,89.929981,72.381184,220.802910,111.615901,0.000000
psp_dominante,8,7,365,172,182.985772,89.293045,71.568436,220.800337,109.793812,0.000000
psp_dominante,8,1,365,173,171.544121,83.934509,67.326281,220.906135,110.129606,0.000000
psp_dominante,8,7,365,173,172.271621,83.941718,67.263875,220.916782,109.695687,0.000000
psp_dominante,8,1,365,174,168.045875,90.340991,74.081342,221.038103,120.679075,0.000000
psp_dominante,8,7,365,174,168.047754,90.340990,74.081341,221.040530,120.679074,0.000000
psp_dominante,8,1,365,175,179.739201,116.127243,98.728281,220.939563,144.161931,0.000000
psp_dominante,8,7,365,175,180.329653,113.654096,96.200051,220.965335,140.744004,0.000000
psp_dominante,8,1,365,176,168.453431,85.409814,69.095880,220.840527,113.943198,0.000000
psp_dominante,8,7,365,176,169.774632,85.501394,69.059297,220.837747,113.203179,0.000000
psp_dominante,8,1,365,177,179.683936,109.960725,92.567265,220.941463,136.761119,0.000000
psp_dominante,8,7,365,177,180.360086,110.007037,92.548687,220.948440,136.323373,0.000000
psp_dominante,8,1,365,178,166.872563,100.407385,84.255844,220.965293,134.548230,0.000000
psp_dominante,8,7,365,178,168.065227,100.489681,84.222913,220.968101,133.729722,0.000000
psp_dominante,8,1,365,179,181.577089,91.839657,74.275173,221.092564,113.802986,0.000000
psp_dominante,8,7,365,179,184.691509,92.134713,74.267283,221.072164,112.288039,0.000000
psp_dominante,8,1,365,180,169.472216,93.850234,77.434450,220.798451,124.058530,0.000000
psp_dominante,8,7,365,180,171.520026,93.827504,77.211863,220.778910,122.585709,0.000000
psp_dominante,8,1,365,181,168.619309,87.075763,70.736965,220.723745,115.917108,0.000000
psp_dominante,8,7,365,181,169.401784,86.939120,70.524533,220.724153,115.225553,0.000000
psp_dominante,8,1,365,182,183.024373,103.138728,85.411683,220.816273,126.181293,0.000000
psp_dominante,8,7,365,182,187.064190,103.445488,85.325239,220.793268,123.885508,0.000000
psp_dominante,8,1,365,183,161.904150,85.801412,70.129994,220.954659,118.975534,0.000000
psp_dominante,8,7,365,183,161.956485,85.824495,70.148331,220.959084,118.971647,0.000000
psp_dominante,8,1,365,184,176.577437,87.922718,70.829663,220.937591,112.019138,0.000000
psp_dominante,8,7,365,184,176.581097,87.922738,70.829683,220.942088,112.019163,0.000000
psp_dominante,8,1,365,185,182.665216,94.205620,76.537585,221.113535,115.971592,0.000000
psp_dominante,8,7,365,185,184.703642,94.155089,76.290137,221.116535,114.677984,0.000000
psp_dominante,8,1,365,186,190.137523,101.568234,83.139579,220.667358,119.740020,0.000000
psp_dominante,8,7,365,186,190.331703,101.184986,82.737704,220.669630,119.186871,0.000000
psp_dominante,8,1,365,187,189.704734,105.590702,87.220679,220.864149,124.707782,0.000000
psp_dominante,8,7,365,187,191.915453,105.743834,87.159443,220.860725,123.488474,0.000000
psp_dominante,8,1,365,188,177.220427,97.541905,80.379655,220.849712,123.353815,0.000000
psp_dominante,8,7,365,188,180.665477,96.762917,79.265675,220.832745,120.133802,0.000000
psp_dominante,8,1,365,189,173.453825,111.678889,94.879960,220.831104,143.607511,0.000000
psp_dominante,8,7,365,189,176.190829,110.199286,93.133867,220.813159,139.606691,0.000000
psp_dominante,8,1,365,190,164.253358,85.138744,69.234814,220.884790,116.419610,0.000000
psp_dominante,8,7,365,190,164.364283,85.131136,69.218155,220.907815,116.345628,0.000000
psp_dominante,8,1,365,191,184.836229,109.170243,91.263963,220.770921,132.031902,0.000000
psp_dominante,8,7,365,191,186.785361,106.352229,88.256676,220.765555,127.422413,0.000000
psp_dominante,8,1,365,192,176.275187,96.440472,79.366317,220.805981,122.614942,0.000000
psp_dominante,8,7,365,192,177.770158,94.368141,77.148855,220.801865,119.087870,0.000000
psp_dominante,8,1,365,193,177.058839,104.635909,87.494764,220.918743,132.191791,0.000000
psp_dominante,8,7,365,193,177.206716,103.835272,86.679868,220.919464,131.105179,0.000000
psp_dominante,8,1,365,194,184.097387,107.628611,89.805743,220.914872,130.814654,0.000000
psp_dominante,8,7,365,194,185.721040,107.860618,89.879725,220.904791,129.971105,0.000000
psp_dominante,8,1,365,195,190.317915,102.667980,84.234096,220.811401,120.960028,0.000000
psp_dominante,8,7,365,195,191.689614,102.575404,84.007540,220.798329,120.011377,0.000000
psp_dominante,8,1,365,196,168.840805,84.166969,67.827079,220.993927,112.171251,0.000000
psp_dominante,8,7,365,196,168.842688,84.166972,67.827082,220.996347,112.171255,0.000000
psp_dominante,8,1,365,197,177.371952,100.911997,83.732044,220.811477,127.350275,0.000000
psp_dominante,8,7,365,197,180.723664,101.284027,83.777944,220.793040,125.498599,0.000000
psp_dominante,8,1,365,198,165.906945,83.844330,67.798020,221.124426,113.728089,0.000000
psp_dominante,8,7,365,198,165.914323,83.844348,67.798038,221.134081,113.728112,0.000000
psp_dominante,8,1,365,199,186.605395,109.446826,91.359925,220.660294,131.074469,0.000000
psp_dominante,8,7,365,199,188.618641,108.141377,89.858336,220.648394,128.211771,0.000000
psp_dominante,8,1,365,200,179.670201,100.799611,83.396407,220.803424,125.632305,0.000000
psp_dominante,8,7,365,200,181.240037,100.887254,83.331947,220.802861,124.683297,0.000000
psp_dominante,8,1,365,201,173.748704,97.400995,80.581045,220.928278,125.606836,0.000000
psp_dominante,8,7,365,201,173.941783,97.413664,80.575948,220.940198,125.494325,0.000000
psp_dominante,8,1,365,202,188.681638,114.166534,95.891200,220.812147,135.187600,0.000000
psp_dominante,8,7,365,202,191.965064,112.225342,93.630703,220.797236,130.742561,0.000000
psp_dominante,8,1,365,203,186.745602,110.591219,92.489618,220.647005,132.298905,0.000000
psp_dominante,8,7,365,203,193.252015,110.955400,92.220208,220.613329,128.368269,0.000000
psp_dominante,8,1,365,204,165.388000,96.901979,80.882612,220.809316,131.030085,0.000000
psp_dominante,8,7,365,204,166.826641,96.953302,80.794705,220.810869,130.002235,0.000000
psp_dominante,8,1,365,205,175.600488,99.728693,82.726190,220.886317,127.176132,0.000000
psp_dominante,8,7,365,205,176.876135,97.274538,80.147778,220.876913,123.273307,0.000000
psp_dominante,8,1,365,206,142.464973,75.811654,62.030740,221.094776,119.525336,0.000000
psp_dominante,8,7,365,206,142.476896,75.811657,62.030743,221.112944,119.525341,0.000000
psp_dominante,8,1,365,207,180.676279,105.048448,87.535393,220.649914,129.964168,0.000000
psp_dominante,8,7,365,207,181.786523,105.143046,87.521715,220.641807,129.302905,0.000000
psp_dominante,8,1,365,208,163.418367,86.022200,70.189964,220.759383,118.100509,0.000000
psp_dominante,8,7,365,208,163.522429,86.059616,70.217510,220.762280,118.079021,0.000000
psp_dominante,8,1,365,209,167.922531,91.926048,75.669108,220.914939,122.746025,0.000000
psp_dominante,8,7,365,209,168.879538,92.011223,75.661358,220.911289,122.180528,0.000000
psp_dominante,8,1,365,210,184.584022,97.916528,80.042168,220.861720,119.038921,0.000000
psp_dominante,8,7,365,210,186.182565,98.027233,79.997872,220.859259,118.178860,0.000000
psp_dominante,8,1,365,211,183.378421,96.878352,79.126233,220.928855,118.602960,0.000000
psp_dominante,8,7,365,211,183.609646,96.917724,79.143408,220.931136,118.506359,0.000000
psp_dominante,8,1,365,212,181.785079,97.604134,79.995781,220.799757,120.404232,0.000000
psp_dominante,8,7,365,212,183.876072,97.797402,79.986147,220.795364,119.306049,0.000000
psp_dominante,8,1,365,213,162.366971,76.829026,61.103386,220.824650,106.597385,0.000000
psp_dominante,8,7,365,213,163.417827,76.901780,61.074269,220.823376,106.033565,0.000000
psp_dominante,8,1,365,214,177.058282,98.008101,80.858955,220.816856,124.015896,0.000000
psp_dominante,8,7,365,214,178.754468,97.874272,80.560927,220.817942,122.715344,0.000000
psp_dominante,8,1,365,215,196.959499,121.872593,102.781703,220.655666,138.059986,0.000000
psp_dominante,8,7,365,215,198.205061,121.445220,102.233496,220.654491,136.749649,0.000000
psp_dominante,8,1,365,216,179.914582,90.727241,73.305536,220.867765,113.361975,0.000000
psp_dominante,8,7,365,216,180.563874,90.773732,73.289846,220.876349,113.028872,0.000000
psp_dominante,8,1,365,217,183.993568,110.699235,92.865552,220.661075,134.353553,0.000000
psp_dominante,8,7,365,217,185.714268,110.917288,92.917516,220.669390,133.405142,0.000000
psp_dominante,8,1,365,218,181.132539,94.922143,77.376790,220.797195,117.612134,0.000000
psp_dominante,8,7,365,218,181.144470,94.922154,77.376801,220.811475,117.612148,0.000000
psp_dominante,8,1,365,219,188.296180,102.881675,84.647837,220.861627,122.489326,0.000000
psp_dominante,8,7,365,219,190.395641,103.147692,84.710637,220.862642,121.486309,0.000000
psp_dominante,8,1,365,220,181.594919,96.661512,79.078254,220.882065,119.444575,0.000000
psp_dominante,8,7,365,220,182.409373,96.606608,78.943991,220.875950,118.860598,0.000000
psp_dominante,8,1,365,221,187.569035,95.320514,77.149424,220.770141,114.160194,0.000000
psp_dominante,8,7,365,221,187.841772,95.339044,77.142040,220.776191,114.024701,0.000000
psp_dominante,8,1,365,222,182.346573,92.730568,75.068329,220.805923,114.254534,0.000000
psp_dominante,8,7,365,222,183.703267,92.155137,74.362551,220.818882,112.767656,0.000000
psp_dominante,8,1,365,223,183.959203,114.467997,96.654873,220.870621,138.947016,0.000000
psp_dominante,8,7,365,223,188.102565,114.790544,96.573653,220.840177,136.327817,0.000000
psp_dominante,8,1,365,224,186.191160,111.157446,93.142533,221.043200,133.576333,0.000000
psp_dominante,8,7,365,224,187.440107,111.168672,93.032148,221.033994,132.720481,0.000000
psp_dominante,8,1,365,225,189.273930,97.764567,79.455843,221.096097,116.135389,0.000000
psp_dominante,8,7,365,225,194.568452,97.945744,79.121575,221.058054,113.267007,0.000000
psp_dominante,8,1,365,226,173.655491,98.483983,81.670753,220.898556,127.008109,0.000000
psp_dominante,8,7,365,226,174.158452,98.678666,81.817619,220.909869,126.901738,0.000000
psp_dominante,8,1,365,227,177.238535,100.520301,83.356203,220.848519,126.984984,0.000000
psp_dominante,8,7,365,227,177.466763,100.543531,83.358433,220.862425,126.863084,0.000000
psp_dominante,8,1,365,228,187.512335,104.143259,85.986890,220.880315,124.454064,0.000000
psp_dominante,8,7,365,228,189.553048,104.550482,86.197154,220.887859,123.627357,0.000000
psp_dominante,8,1,365,229,179.660918,86.774492,69.367424,220.744099,108.685311,0.000000
psp_dominante,8,7,365,229,181.942599,86.932789,69.304045,220.736631,107.557495,0.000000
psp_dominante,8,1,365,230,185.459113,103.594883,85.615796,220.620642,125.001280,0.000000
psp_dominante,8,7,365,230,186.578056,103.483670,85.395614,220.614719,124.143207,0.000000
psp_dominante,8,1,365,231,194.649026,108.831556,89.961502,220.619918,125.115852,0.000000
psp_dominante,8,7,365,231,195.074212,108.860758,89.949859,220.624204,124.886686,0.000000
psp_dominante,8,1,365,232,187.384688,108.045826,89.875051,220.560848,128.868771,0.000000
psp_dominante,8,7,365,232,188.089520,107.625141,89.386788,220.569990,127.921713,0.000000
psp_dominante,8,1,365,233,186.296573,109.165795,91.118668,220.778440,131.027514,0.000000
psp_dominante,8,7,365,233,188.048823,108.689722,90.472327,220.772227,129.291467,0.000000
psp_dominante,8,1,365,234,170.259651,86.981983,70.492783,220.836030,114.776850,0.000000
psp_dominante,8,7,365,234,171.757686,86.852919,70.218630,220.835923,113.647685,0.000000
psp_dominante,8,1,365,235,180.494659,89.301761,71.822810,220.854423,111.291163,0.000000
psp_dominante,8,7,365,235,183.186206,89.482192,71.741434,220.840246,109.921405,0.000000
psp_dominante,8,1,365,236,159.204541,73.413305,58.000376,220.914991,104.025076,0.000000
psp_dominante,8,7,365,236,159.207876,73.413320,58.000391,220.919535,104.025096,0.000000
psp_dominante,8,1,365,237,190.582093,97.591650,79.145145,220.963807,115.100972,0.000000
psp_dominante,8,7,365,237,192.162344,97.757261,79.157771,220.963434,114.374128,0.000000
psp_dominante,8,1,365,238,175.110627,90.460699,73.502296,220.843719,116.019668,0.000000
psp_dominante,8,7,365,238,175.859980,90.134483,73.103399,220.842309,115.139381,0.000000
psp_dominante,8,1,365,239,175.803958,108.943431,91.907769,220.714978,138.295459,0.000000
psp_dominante,8,7,365,239,177.038713,108.942659,91.786919,220.709566,137.354541,0.000000
psp_dominante,8,1,365,240,180.702756,106.684955,89.186768,220.865774,132.035210,0.000000
psp_dominante,8,7,365,240,181.555763,105.670043,88.088717,220.859128,130.217494,0.000000
psp_dominante,8,1,365,241,198.268197,115.762753,96.545149,220.657193,130.499527,0.000000
psp_dominante,8,7,365,241,200.692718,115.203622,95.750986,220.656862,128.367518,0.000000
psp_dominante,8,1,365,242,172.387932,88.118419,71.427493,220.893093,114.867833,0.000000
psp_dominante,8,7,365,242,172.395063,88.118430,71.427504,220.902065,114.867846,0.000000
psp_dominante,8,1,365,243,168.169598,86.132241,69.837690,220.732671,115.005026,0.000000
psp_dominante,8,7,365,243,168.171212,86.132255,69.837704,220.734751,115.005044,0.000000
psp_dominante,8,1,365,244,185.347652,114.334761,96.391416,220.921688,137.811727,0.000000
psp_dominante,8,7,365,244,186.161188,114.464953,96.443320,220.927342,137.382141,0.000000
psp_dominante,8,1,365,245,178.959100,93.459025,76.132807,220.904872,117.275703,0.000000
psp_dominante,8,7,365,245,181.480039,93.912797,76.342979,220.910660,116.247534,0.000000
psp_dominante,8,1,365,246,206.875527,105.543064,85.489114,220.634931,114.522083,0.000000
psp_dominante,8,7,365,246,207.991935,105.723292,85.562242,220.646982,114.122694,0.000000
psp_dominante,8,1,365,247,187.552275,94.357744,76.177141,220.637357,112.990479,0.000000
psp_dominante,8,7,365,247,189.238156,94.474676,76.130378,220.634143,112.151764,0.000000
psp_dominante,8,1,365,248,176.092827,93.953349,76.901769,220.868429,119.708944,0.000000
psp_dominante,8,7,365,248,177.992709,94.026983,76.790876,220.861434,118.559896,0.000000
psp_dominante,8,1,365,249,177.505681,96.365118,79.170885,220.794742,121.694548,0.000000
psp_dominante,8,7,365,249,179.686262,96.516275,79.110404,220.789582,120.445868,0.000000
psp_dominante,8,1,365,250,190.724630,94.199824,75.703906,220.546009,110.953129,0.000000
psp_dominante,8,7,365,250,190.747910,94.211594,75.714374,220.557197,110.958963,0.000000
psp_dominante,8,1,365,251,175.839127,100.442631,83.433891,221.101424,128.012434,0.000000
psp_dominante,8,7,365,251,180.194569,100.539810,83.108277,221.082798,125.121648,0.000000
psp_dominante,8,1,365,252,174.969555,96.746460,79.809939,220.948962,123.958264,0.000000
psp_dominante,8,7,365,252,176.833581,96.954336,79.837824,220.954552,122.951866,0.000000
psp_dominante,8,1,365,253,192.190589,115.547370,96.914028,220.601100,134.223272,0.000000
psp_dominante,8,7,365,253,195.509102,115.699928,96.744194,220.593625,132.177494,0.000000
psp_dominante,8,1,365,254,164.826240,98.366966,82.392350,220.678200,133.311795,0.000000
psp_dominante,8,7,365,254,167.187908,95.625823,79.421635,220.669053,127.927362,0.000000
psp_dominante,8,1,365,255,177.442083,84.843881,67.656662,220.805508,107.665491,0.000000
psp_dominante,8,7,365,255,179.187257,84.859712,67.502687,220.795931,106.670472,0.000000
psp_dominante,8,1,365,256,180.871362,95.988521,78.479792,220.937426,119.128799,0.000000
psp_dominante,8,7,365,256,180.883083,95.988522,78.479793,220.951484,119.128800,0.000000
psp_dominante,8,1,365,257,165.609305,87.003263,70.969805,220.908630,117.953491,0.000000
psp_dominante,8,7,365,257,165.708931,87.010358,70.966988,220.905024,117.892375,0.000000
psp_dominante,8,1,365,258,187.395479,104.409526,86.266030,220.898940,124.847715,0.000000
psp_dominante,8,7,365,258,189.958585,104.587381,86.194888,220.889047,123.414752,0.000000
psp_dominante,8,1,365,259,175.312613,91.879895,74.902949,220.856723,117.652820,0.000000
psp_dominante,8,7,365,259,175.413320,91.886816,74.900210,220.857901,117.596744,0.000000
psp_dominante,8,1,365,260,136.928578,66.519718,53.286316,221.291074,109.559710,0.000000
psp_dominante,8,7,365,260,136.932402,66.519742,53.286340,221.297143,109.559748,0.000000
psp_dominante,8,1,365,261,181.142116,107.859942,90.311733,220.773372,133.076351,0.000000
psp_dominante,8,7,365,261,181.423602,107.022762,89.447925,220.781279,131.880446,0.000000
psp_dominante,8,1,365,262,176.066779,110.552632,93.510523,220.956854,140.227580,0.000000
psp_dominante,8,7,365,262,178.259772,110.907912,93.653010,220.950245,138.979969,0.000000
psp_dominante,8,1,365,263,186.995918,92.315272,74.199265,220.764891,111.011479,0.000000
psp_dominante,8,7,365,263,187.359610,92.340249,74.189235,220.767604,110.833989,0.000000
psp_dominante,8,1,365,264,172.592347,99.515229,82.795617,220.777715,128.992124,0.000000
psp_dominante,8,7,365,264,174.352677,99.644369,82.754006,220.774868,127.889093,0.000000
psp_dominante,8,1,365,265,178.421282,78.130705,60.852010,220.847796,98.957680,0.000000
psp_dominante,8,7,365,265,178.443201,78.131946,60.851466,220.852033,98.949380,0.000000
psp_dominante,8,1,365,266,181.213982,91.642120,74.100421,220.939854,113.709128,0.000000
psp_dominante,8,7,365,266,181.594878,91.668404,74.089871,220.940312,113.510644,0.000000
psp_dominante,8,1,365,267,166.212226,86.701452,70.617573,221.015855,117.202200,0.000000
psp_dominante,8,7,365,267,170.066392,86.969903,70.510145,220.977323,114.959588,0.000000
psp_dominante,8,1,365,268,179.424569,85.673153,68.297438,220.849548,107.543147,0.000000
psp_dominante,8,7,365,268,183.957462,86.036100,68.218524,220.814380,105.403137,0.000000
psp_dominante,8,1,365,269,186.336978,88.281213,70.231965,220.799976,106.713723,0.000000
psp_dominante,8,7,365,269,186.352219,88.281174,70.231926,220.817709,106.713678,0.000000
psp_dominante,8,1,365,270,175.109766,83.429527,66.474757,220.889117,107.334935,0.000000
psp_dominante,8,7,365,270,175.771682,83.491063,66.472537,220.893362,107.023747,0.000000
psp_dominante,8,1,365,271,168.977954,97.684627,81.322960,220.881143,129.377026,0.000000
psp_dominante,8,7,365,271,170.924224,97.841828,81.291203,220.874511,128.145063,0.000000
psp_dominante,8,1,365,272,185.372108,104.677505,86.727503,220.869851,126.463920,0.000000
psp_dominante,8,7,365,272,187.923682,103.947724,85.750447,220.867464,123.957629,0.000000
psp_dominante,8,1,365,273,191.576358,110.620596,92.057541,220.726370,129.142791,0.000000
psp_dominante,8,7,365,273,194.013031,110.314956,91.514958,220.716707,127.224166,0.000000
psp_dominante,8,1,365,274,162.561293,88.756743,73.013379,220.839752,122.392207,0.000000
psp_dominante,8,7,365,274,162.846748,88.776181,73.005622,220.845941,122.213932,0.000000
psp_dominante,8,1,365,275,186.655551,104.677162,86.604142,220.884979,125.629943,0.000000
psp_dominante,8,7,365,275,189.817036,104.914039,86.535070,220.886908,123.875865,0.000000
psp_dominante,8,1,365,276,190.843751,121.213244,102.712622,220.626164,141.588786,0.000000
psp_dominante,8,7,365,276,192.659243,121.322387,102.645722,220.625618,140.414618,0.000000
psp_dominante,8,1,365,277,191.264400,99.708070,81.179014,220.770482,117.004648,0.000000
psp_dominante,8,7,365,277,192.105911,99.766355,81.155651,220.769023,116.574648,0.000000
psp_dominante,8,1,365,278,182.531609,104.888033,87.200384,220.714148,128.530325,0.000000
psp_dominante,8,7,365,278,185.265105,104.986826,87.034178,220.712721,126.807696,0.000000
psp_dominante,8,1,365,279,175.624743,104.239893,87.237600,220.918953,132.749561,0.000000
psp_dominante,8,7,365,279,175.633861,104.239891,87.237598,220.930215,132.749558,0.000000
psp_dominante,8,1,365,280,178.605027,102.387299,85.096466,220.918732,128.351052,0.000000
psp_dominante,8,7,365,280,180.030354,102.417739,84.989125,220.921290,127.404679,0.000000
psp_dominante,8,1,365,281,175.751823,91.134284,74.112566,220.828189,116.434007,0.000000
psp_dominante,8,7,365,281,176.126162,91.098512,74.040422,220.826702,116.150231,0.000000
psp_dominante,8,1,365,282,159.070603,87.030977,71.648414,221.160343,122.813134,0.000000
psp_dominante,8,7,365,282,159.843839,86.794354,71.334952,221.131337,121.901160,0.000000
psp_dominante,8,1,365,283,175.498849,75.217173,58.222524,220.860956,96.944586,0.000000
psp_dominante,8,7,365,283,175.963953,75.202782,58.162878,220.858206,96.680006,0.000000
psp_dominante,8,1,365,284,157.302402,89.180747,73.961102,221.045170,127.051206,0.000000
psp_dominante,8,7,365,284,157.403147,88.551526,73.322410,221.049111,126.107025,0.000000
psp_dominante,8,1,365,285,166.679224,101.501417,85.362749,220.886778,136.075940,0.000000
psp_dominante,8,7,365,285,168.562139,101.632296,85.310361,220.874097,134.761347,0.000000
psp_dominante,8,1,365,286,191.519525,106.292190,87.735792,220.739802,124.289292,0.000000
psp_dominante,8,7,365,286,192.475822,106.357469,87.709679,220.754493,123.773273,0.000000
psp_dominante,8,1,365,287,197.373501,94.158669,75.044595,220.847728,107.449011,0.000000
psp_dominante,8,7,365,287,197.379314,94.158682,75.044608,220.854115,107.449025,0.000000
psp_dominante,8,1,365,288,174.459310,107.491874,90.580973,220.644016,137.483683,0.000000
psp_dominante,8,7,365,288,174.776400,106.623982,89.683681,220.661109,136.176141,0.000000
psp_dominante,8,1,365,289,170.640249,88.349233,71.844682,221.118613,116.413472,0.000000
psp_dominante,8,7,365,289,170.976454,88.310701,71.774104,221.124813,116.146696,0.000000
psp_dominante,8,1,365,290,157.101154,79.040818,63.836692,220.988746,113.171496,0.000000
psp_dominante,8,7,365,290,158.168977,79.122687,63.814611,220.980143,112.542472,0.000000
psp_dominante,8,1,365,291,189.326807,97.573099,79.222606,220.662460,115.661036,0.000000
psp_dominante,8,7,365,291,190.405203,97.543673,79.088348,220.658838,114.993284,0.000000
psp_dominante,8,1,365,292,178.221556,100.812843,83.562162,220.956807,126.723834,0.000000
psp_dominante,8,7,365,292,181.466394,101.038429,83.471215,220.926501,124.782214,0.000000
psp_dominante,8,1,365,293,180.576742,103.728009,86.252124,220.991104,128.645372,0.000000
psp_dominante,8,7,365,293,182.101520,103.813656,86.189574,220.983325,127.699309,0.000000
psp_dominante,8,1,365,294,159.254797,81.359222,65.945642,220.974300,114.846646,0.000000
psp_dominante,8,7,365,294,159.265413,81.359198,65.945618,220.988764,114.846614,0.000000
psp_dominante,8,1,365,295,174.608785,93.411178,76.502356,220.856295,120.012502,0.000000
psp_dominante,8,7,365,295,176.297461,93.570162,76.498086,220.859782,119.098679,0.000000
psp_dominante,8,1,365,296,188.820887,102.739303,84.455149,220.867492,121.999737,0.000000
psp_dominante,8,7,365,296,189.535897,102.721077,84.367686,220.867490,121.533736,0.000000
psp_dominante,8,1,365,297,160.393494,79.534865,64.004231,220.878678,111.544365,0.000000
psp_dominante,8,7,365,297,160.920524,79.480016,63.898604,220.882206,111.119967,0.000000
psp_dominante,8,1,365,298,173.479378,95.340913,78.542992,220.876061,123.190891,0.000000
psp_dominante,8,7,365,298,173.484822,95.340917,78.542996,220.882867,123.190896,0.000000
psp_dominante,8,1,365,299,198.708519,114.894027,95.627031,220.581708,129.228373,0.000000
psp_dominante,8,7,365,299,198.713841,114.886641,95.619645,220.587509,129.220322,0.000000
psp_dominante,8,1,365,300,181.943538,97.770456,80.131149,220.607960,120.397972,0.000000
psp_dominante,8,7,365,300,183.320246,97.855848,80.083023,220.607386,119.624433,0.000000
psp_dominante,12,1,365,1,185.644951,81.512240,63.555329,221.105491,99.325807,0.000000
psp_dominante,12,7,365,1,185.723274,81.517477,63.553258,221.108729,99.293150,0.000000
psp_dominante,12,1,365,2,194.816315,98.150882,79.293302,220.949503,113.301857,0.000000
psp_dominante,12,7,365,2,198.291910,98.405261,79.209602,220.930823,111.655094,0.000000
psp_dominante,12,1,365,3,193.388191,99.325939,80.621113,221.117872,115.513719,0.000000
psp_dominante,12,7,365,3,195.238678,99.443750,80.559479,221.112550,114.585086,0.000000
psp_dominante,12,1,365,4,179.124946,75.290104,57.981862,221.331365,95.349091,0.000000
psp_dominante,12,7,365,4,180.386288,75.359957,57.929012,221.321095,94.790207,0.000000
psp_dominante,12,1,365,5,187.839210,88.469105,70.307717,221.198345,106.296763,0.000000
psp_dominante,12,7,365,5,189.047055,88.594123,70.315219,221.189617,105.782720,0.000000
psp_dominante,12,1,365,6,193.192945,93.560281,74.862259,220.977595,109.078809,0.000000
psp_dominante,12,7,365,6,195.317572,93.707979,74.803191,220.964560,108.093606,0.000000
psp_dominante,12,1,365,7,196.480207,93.059425,74.043883,220.984840,106.771087,0.000000
psp_dominante,12,7,365,7,199.315466,93.118914,73.827558,220.968926,105.366497,0.000000
psp_dominante,12,1,365,8,183.234419,80.751393,63.047238,221.345747,99.784253,0.000000
psp_dominante,12,7,365,8,183.678053,80.950842,63.203595,221.342955,99.787684,0.000000
psp_dominante,12,1,365,9,182.824971,75.354296,57.670826,221.113745,93.486974,0.000000
psp_dominante,12,7,365,9,182.826103,75.354308,57.670838,221.115089,93.486988,0.000000
psp_dominante,12,1,365,10,190.361255,92.842124,74.440349,221.239171,109.950899,0.000000
psp_dominante,12,7,365,10,191.776726,92.939611,74.401378,221.243534,109.281438,0.000000
psp_dominante,12,1,365,11,194.690464,92.283505,73.430713,220.864417,106.793984,0.000000
psp_dominante,12,7,365,11,195.539765,90.966913,72.031801,220.863521,104.886922,0.000000
psp_dominante,12,1,365,12,189.280597,101.677078,83.374129,221.172246,120.659815,0.000000
psp_dominante,12,7,365,12,191.728849,101.471025,82.930503,221.162485,118.931582,0.000000
psp_dominante,12,1,365,13,187.214783,80.281135,62.174095,221.126070,97.107643,0.000000
psp_dominante,12,7,365,13,188.476639,80.357765,62.128505,221.123976,96.571671,0.000000
psp_dominante,12,1,365,14,177.498705,84.609667,67.458547,221.331160,107.596908,0.000000
psp_dominante,12,7,365,14,179.381631,84.126052,66.792295,221.322433,105.919456,0.000000
psp_dominante,12,1,365,15,193.539473,86.460569,67.741715,221.124880,100.996961,0.000000
psp_dominante,12,7,365,15,193.628370,86.466240,67.739427,221.132289,100.962096,0.000000
psp_dominante,12,1,365,16,191.726859,83.337266,64.789289,221.072948,98.354365,0.000000
psp_dominante,12,7,365,16,191.812948,83.343148,64.787002,221.074812,98.319483,0.000000
psp_dominante,12,1,365,17,196.528124,108.288279,89.276349,221.078992,123.611941,0.000000
psp_dominante,12,7,365,17,197.191210,107.454381,88.378254,221.078415,122.291412,0.000000
psp_dominante,12,1,365,18,192.298591,81.352890,62.755332,221.139821,95.862098,0.000000
psp_dominante,12,7,365,18,193.681651,81.442227,62.710290,221.132626,95.303252,0.000000
psp_dominante,12,1,365,19,191.596248,88.734765,70.205730,221.146830,104.568111,0.000000
psp_dominante,12,7,365,19,195.371907,89.028240,70.131600,221.118496,102.937855,0.000000
psp_dominante,12,1,365,20,192.906524,86.788273,68.120323,221.004920,101.630095,0.000000
psp_dominante,12,7,365,20,196.068971,87.048890,68.073080,220.984065,100.334580,0.000000
psp_dominante,12,1,365,21,190.753561,83.237993,64.796045,221.212671,98.783796,0.000000
psp_dominante,12,7,365,21,192.534649,83.351209,64.736284,221.203541,98.030751,0.000000
psp_dominante,12,1,365,22,188.659118,105.963766,87.701473,220.941075,125.848833,0.000000
psp_dominante,12,7,365,22,191.133766,104.421210,85.918593,220.931966,122.515419,0.000000
psp_dominante,12,1,365,23,179.905725,89.435792,72.046889,221.266163,112.008632,0.000000
psp_dominante,12,7,365,23,182.534359,89.806212,72.161886,221.249530,110.885944,0.000000
psp_dominante,12,1,365,24,184.323755,96.789754,78.957730,221.070079,117.985088,0.000000
psp_dominante,12,7,365,24,185.417025,96.865507,78.927475,221.067152,117.400157,0.000000
psp_dominante,12,1,365,25,185.100711,84.442754,66.528977,220.990249,102.990728,0.000000
psp_dominante,12,7,365,25,186.515134,84.537893,66.487532,220.993877,102.352368,0.000000
psp_dominante,12,1,365,26,180.768745,75.392658,57.919251,221.252631,94.608878,0.000000
psp_dominante,12,7,365,26,180.774891,75.392644,57.919237,221.260018,94.608861,0.000000
psp_dominante,12,1,365,27,188.142430,90.650664,72.462018,221.222933,108.662213,0.000000
psp_dominante,12,7,365,27,188.144897,90.650651,72.462005,221.225781,108.662198,0.000000
psp_dominante,12,1,365,28,182.693132,79.022586,61.367697,221.308405,97.995170,0.000000
psp_dominante,12,7,365,28,183.820462,78.557365,60.792730,221.298565,96.864540,0.000000
psp_dominante,12,1,365,29,192.962406,90.326749,71.660311,221.085366,105.618837,0.000000
psp_dominante,12,7,365,29,194.105875,90.405872,71.628659,221.083514,105.107833,0.000000
psp_dominante,12,1,365,30,186.170276,88.217334,70.226193,221.305606,106.970902,0.000000
psp_dominante,12,7,365,30,186.305923,88.191904,70.188394,221.314534,106.870494,0.000000
psp_dominante,12,1,365,31,187.790174,86.876963,68.715827,221.144657,104.457164,0.000000
psp_dominante,12,7,365,31,190.397867,86.446981,68.031997,221.125098,102.582035,0.000000
psp_dominante,12,1,365,32,194.909476,95.270217,76.433532,221.294019,110.211605,0.000000
psp_dominante,12,7,365,32,195.990451,95.345886,76.404495,221.291300,109.708372,0.000000
psp_dominante,12,1,365,33,193.589397,108.666432,89.920887,220.871653,125.735328,0.000000
psp_dominante,12,7,365,33,195.425336,108.816503,89.892584,220.864808,124.754404,0.000000
psp_dominante,12,1,365,34,187.168892,95.652820,77.550316,221.127240,114.963059,0.000000
psp_dominante,12,7,365,34,192.080234,95.858611,77.276866,221.077832,112.333788,0.000000
psp_dominante,12,1,365,35,189.909228,88.864868,70.504568,221.212888,105.641162,0.000000
psp_dominante,12,7,365,35,192.375735,89.816617,71.216644,221.198726,105.406005,0.000000
psp_dominante,12,1,365,36,173.922947,73.240909,56.447734,221.492040,95.588343,0.000000
psp_dominante,12,7,365,36,174.354733,73.143049,56.308084,221.490764,95.238920,0.000000
psp_dominante,12,1,365,37,174.220865,69.691164,52.855023,221.308596,90.926953,0.000000
psp_dominante,12,7,365,37,174.224257,69.691156,52.855015,221.312827,90.926943,0.000000
psp_dominante,12,1,365,38,198.346441,93.511612,74.315260,220.982647,106.297762,0.000000
psp_dominante,12,7,365,38,199.076393,93.574012,74.306827,220.980542,105.989691,0.000000
psp_dominante,12,1,365,39,194.390513,92.433739,73.641574,221.228870,107.293501,0.000000
psp_dominante,12,7,365,39,195.512698,92.511483,73.610454,221.224504,106.784940,0.000000
psp_dominante,12,1,365,40,177.886115,80.777846,63.582479,221.245053,102.650687,0.000000
psp_dominante,12,7,365,40,177.890924,80.777855,63.582488,221.250926,102.650698,0.000000
psp_dominante,12,1,365,41,181.887827,77.614353,60.023031,221.132309,96.653719,0.000000
psp_dominante,12,7,365,41,182.217773,77.637252,60.013926,221.131161,96.512746,0.000000
psp_dominante,12,1,365,42,195.545389,90.198284,71.280476,221.068128,104.125975,0.000000
psp_dominante,12,7,365,42,196.124756,90.237965,71.264570,221.073427,103.876551,0.000000
psp_dominante,12,1,365,43,190.133209,94.624476,76.219866,220.945504,111.968275,0.000000
psp_dominante,12,7,365,43,191.909889,94.747589,76.170611,220.940972,111.105653,0.000000
psp_dominante,12,1,365,44,182.113829,101.490578,83.878004,221.139778,125.010259,0.000000
psp_dominante,12,7,365,44,183.272707,101.561111,83.836397,221.139010,124.328223,0.000000
psp_dominante,12,1,365,45,189.796689,97.617781,79.262353,221.141789,115.682135,0.000000
psp_dominante,12,7,365,45,190.692116,97.529807,79.087628,221.139983,115.056613,0.000000
psp_dominante,12,1,365,46,193.180472,82.119988,63.426250,221.013307,96.251199,0.000000
psp_dominante,12,7,365,46,194.781354,82.218000,63.369135,221.010862,95.601165,0.000000
psp_dominante,12,1,365,47,171.014841,78.136139,61.605401,221.250534,103.261081,0.000000
psp_dominante,12,7,365,47,171.242115,78.151754,61.599155,221.251950,103.149797,0.000000
psp_dominante,12,1,365,48,202.425105,101.086128,81.507198,221.117442,112.423121,0.000000
psp_dominante,12,7,365,48,204.320451,101.232940,81.470197,221.112041,111.570681,0.000000
psp_dominante,12,1,365,49,187.641804,92.483260,74.329537,221.061695,110.983480,0.000000
psp_dominante,12,7,365,49,188.854866,92.056022,73.784384,221.055099,109.802033,0.000000
psp_dominante,12,1,365,50,189.669144,84.708022,66.363220,221.121560,100.968528,0.000000
psp_dominante,12,7,365,50,192.070026,84.832882,66.255295,221.114879,99.894613,0.000000
psp_dominante,12,1,365,51,181.875996,83.285561,65.712236,221.340538,103.525660,0.000000
psp_dominante,12,7,365,51,182.161002,83.304739,65.704555,221.348923,103.396660,0.000000
psp_dominante,12,1,365,52,191.065259,92.739577,74.266171,221.197112,109.423499,0.000000
psp_dominante,12,7,365,52,191.929385,92.774616,74.217399,221.194048,108.987021,0.000000
psp_dominante,12,1,365,53,202.375774,112.299895,92.711389,220.958417,124.391917,0.000000
psp_dominante,12,7,365,53,203.281701,112.300681,92.624920,220.963182,123.858860,0.000000
psp_dominante,12,1,365,54,178.168842,83.337117,66.107121,221.153021,105.571669,0.000000
psp_dominante,12,7,365,54,178.171144,83.337099,66.107103,221.155827,105.571647,0.000000
psp_dominante,12,1,365,55,199.193323,103.414509,84.128823,220.899714,116.607074,0.000000
psp_dominante,12,7,365,55,201.163068,103.512273,84.035571,220.896291,115.608101,0.000000
psp_dominante,12,1,365,56,188.230260,95.358987,77.135859,220.913115,113.889956,0.000000
psp_dominante,12,7,365,56,191.760932,95.658016,77.091349,220.892971,112.194881,0.000000
psp_dominante,12,1,365,57,183.665190,91.015642,73.247017,221.066261,111.567608,0.000000
psp_dominante,12,7,365,57,185.431082,91.070166,73.130181,221.059976,110.603962,0.000000
psp_dominante,12,1,365,58,193.361712,88.830978,70.138647,221.233257,103.797640,0.000000
psp_dominante,12,7,365,58,193.366681,88.830947,70.138616,221.238840,103.797606,0.000000
psp_dominante,12,1,365,59,190.599149,96.826329,78.390555,221.109525,114.293872,0.000000
psp_dominante,12,7,365,59,191.617060,96.518366,77.983850,221.106196,113.357357,0.000000
psp_dominante,12,1,365,60,192.844398,98.416632,79.747380,220.919904,114.703379,0.000000
psp_dominante,12,7,365,60,193.398319,98.486888,79.764695,220.927830,114.469144,0.000000
psp_dominante,12,1,365,61,181.869758,87.419286,69.840942,221.271031,108.435606,0.000000
psp_dominante,12,7,365,61,183.195644,87.511183,69.804172,221.264705,107.785717,0.000000
psp_dominante,12,1,365,62,186.308554,80.166195,62.128497,220.905707,97.331760,0.000000
psp_dominante,12,7,365,62,189.133933,80.312734,62.000419,220.892981,96.100174,0.000000
psp_dominante,12,1,365,63,195.297288,100.933257,82.027461,220.930461,116.113682,0.000000
psp_dominante,12,7,365,63,198.563775,99.861633,80.638338,220.915949,113.091303,0.000000
psp_dominante,12,1,365,64,197.489011,97.602010,78.492682,221.028523,111.258727,0.000000
psp_dominante,12,7,365,64,198.591081,96.417607,77.201599,221.028048,109.368906,0.000000
psp_dominante,12,1,365,65,195.816552,77.833957,58.890697,221.077081,90.284678,0.000000
psp_dominante,12,7,365,65,196.809405,77.893573,58.854175,221.076060,89.914745,0.000000
psp_dominante,12,1,365,66,191.179555,93.951990,75.473439,221.266530,110.771996,0.000000
psp_dominante,12,7,365,66,192.142205,94.053184,75.482359,221.275555,110.355903,0.000000
psp_dominante,12,1,365,67,181.282243,92.413768,74.885803,221.191619,114.719592,0.000000
psp_dominante,12,7,365,67,182.736257,91.268407,73.599553,221.187906,112.475430,0.000000
psp_dominante,12,1,365,68,189.825220,84.279016,65.915839,221.082786,100.380889,0.000000
psp_dominante,12,7,365,68,190.574027,84.191661,65.756580,221.089069,99.905457,0.000000
psp_dominante,12,1,365,69,187.694488,96.111888,77.955414,221.089742,115.164186,0.000000
psp_dominante,12,7,365,69,190.575481,97.068015,78.631065,221.068718,114.562121,0.000000
psp_dominante,12,1,365,70,195.888593,92.572015,73.632031,221.194505,106.640652,0.000000
psp_dominante,12,7,365,70,196.667628,92.445772,73.430713,221.197338,106.095986,0.000000
psp_dominante,12,1,365,71,198.437546,86.969098,67.774363,221.100599,99.148542,0.000000
psp_dominante,12,7,365,71,199.504748,87.042532,67.745044,221.105963,98.721819,0.000000
psp_dominante,12,1,365,72,194.716107,105.848866,87.000652,220.945661,121.932987,0.000000
psp_dominante,12,7,365,72,197.536984,105.441649,86.318986,220.929863,119.793215,0.000000
psp_dominante,12,1,365,73,182.676741,95.924790,78.265827,221.238779,118.073550,0.000000
psp_dominante,12,7,365,73,182.676741,93.191178,75.532215,221.238779,114.822744,0.000000
psp_dominante,12,1,365,74,183.507735,85.448226,67.709421,221.244760,105.157476,0.000000
psp_dominante,12,7,365,74,184.919952,85.546089,67.670280,221.238783,104.497150,0.000000
psp_dominante,12,1,365,75,194.643703,101.360035,82.535845,221.141761,117.075820,0.000000
psp_dominante,12,7,365,75,195.520719,101.434902,82.525431,221.136434,116.648997,0.000000
psp_dominante,12,1,365,76,187.114331,81.070372,62.967007,221.053622,98.042064,0.000000
psp_dominante,12,7,365,76,187.347150,81.086151,62.960694,221.058811,97.945723,0.000000
psp_dominante,12,1,365,77,184.343600,81.347400,63.510924,221.039263,99.775387,0.000000
psp_dominante,12,7,365,77,185.219499,81.408084,63.486600,221.036127,99.392199,0.000000
psp_dominante,12,1,365,78,191.653951,93.642241,75.106759,221.136677,110.093116,0.000000
psp_dominante,12,7,365,78,194.461956,93.764330,74.955953,221.121396,108.690103,0.000000
psp_dominante,12,1,365,79,182.031410,80.040104,62.439479,221.188856,99.499005,0.000000
psp_dominante,12,7,365,79,183.070641,79.722890,62.020982,221.179044,98.576284,0.000000
psp_dominante,12,1,365,80,196.029722,99.552974,80.585585,221.036945,114.221415,0.000000
psp_dominante,12,7,365,80,198.623713,99.667986,80.448891,221.028844,112.903551,0.000000
psp_dominante,12,1,365,81,188.710428,101.386371,83.133948,221.117420,120.648282,0.000000
psp_dominante,12,7,365,81,190.476186,101.452748,83.028986,221.110919,119.639124,0.000000
psp_dominante,12,1,365,82,186.674909,98.775157,80.704258,220.932931,118.785561,0.000000
psp_dominante,12,7,365,82,188.771409,96.829833,78.554709,220.917794,115.267452,0.000000
psp_dominante,12,1,365,83,194.887866,99.968623,81.110602,221.024108,115.323509,0.000000
psp_dominante,12,7,365,83,195.092890,99.982640,81.105047,221.027176,115.223684,0.000000
psp_dominante,12,1,365,84,200.045891,106.107028,86.744167,220.959865,119.078427,0.000000
psp_dominante,12,7,365,84,202.402118,106.888905,87.296934,220.948283,118.570760,0.000000
psp_dominante,12,1,365,85,190.140783,93.261144,74.874846,221.170223,110.518671,0.000000
psp_dominante,12,7,365,85,193.517014,93.362611,74.647033,221.137686,108.758444,0.000000
psp_dominante,12,1,365,86,199.776912,100.288478,80.957285,221.023086,112.946097,0.000000
psp_dominante,12,7,365,86,201.997367,100.442654,80.895644,221.012459,111.908868,0.000000
psp_dominante,12,1,365,87,188.016191,105.494734,87.303610,221.047611,125.784086,0.000000
psp_dominante,12,7,365,87,190.422900,103.128396,84.703521,221.037071,121.541981,0.000000
psp_dominante,12,1,365,88,193.463868,94.688137,75.973168,221.085117,110.249220,0.000000
psp_dominante,12,7,365,88,195.375569,94.782074,75.881696,221.079624,109.311309,0.000000
psp_dominante,12,1,365,89,169.940002,86.907626,70.497638,221.473653,115.216421,0.000000
psp_dominante,12,7,365,89,170.814633,85.384521,68.889609,221.467501,112.704729,0.000000
psp_dominante,12,1,365,90,188.266744,99.256252,81.044779,221.094006,118.454294,0.000000
psp_dominante,12,7,365,90,189.990733,99.103238,80.723933,221.081407,117.234314,0.000000
psp_dominante,12,1,365,91,205.219277,95.996664,76.108593,220.692952,105.363774,0.000000
psp_dominante,12,7,365,91,205.702265,96.056530,76.121881,220.695441,105.189999,0.000000
psp_dominante,12,1,365,92,187.459175,92.783208,74.655189,221.157908,111.482642,0.000000
psp_dominante,12,7,365,92,188.551449,91.829656,73.595902,221.156622,109.761149,0.000000
psp_dominante,12,1,365,93,183.587524,87.949617,70.209069,221.317864,108.108507,0.000000
psp_dominante,12,7,365,93,184.470611,87.350258,69.523589,221.308283,106.899505,0.000000
psp_dominante,12,1,365,94,185.774834,84.819384,66.840780,220.995241,103.073713,0.000000
psp_dominante,12,7,365,94,186.331413,83.635269,65.602758,220.994720,101.398562,0.000000
psp_dominante,12,1,365,95,176.020205,80.073882,63.062748,221.294409,102.850054,0.000000
psp_dominante,12,7,365,95,176.107526,79.291874,62.272319,221.294638,101.836245,0.000000
psp_dominante,12,1,365,96,193.140830,93.834116,75.142268,220.990713,109.421167,0.000000
psp_dominante,12,7,365,96,194.748615,93.964910,75.117473,220.990826,108.696629,0.000000
psp_dominante,12,1,365,97,191.549679,95.091273,76.557849,221.042639,111.746779,0.000000
psp_dominante,12,7,365,97,192.050205,95.049664,76.468024,221.045121,111.420170,0.000000
psp_dominante,12,1,365,98,198.991926,93.622706,74.376038,221.119683,106.151542,0.000000
psp_dominante,12,7,365,98,200.486151,93.449613,74.057583,221.110286,105.198372,0.000000
psp_dominante,12,1,365,99,187.392924,82.468572,64.353090,221.231394,99.599996,0.000000
psp_dominante,12,7,365,99,189.326688,82.602700,64.299394,221.220892,98.772862,0.000000
psp_dominante,12,1,365,100,184.393855,89.653208,71.824649,221.194836,109.601207,0.000000
psp_dominante,12,7,365,100,184.768006,89.575182,71.710419,221.194492,109.295482,0.000000
psp_dominante,12,1,365,101,196.488344,100.226806,81.222037,221.116831,114.749198,0.000000
psp_dominante,12,7,365,101,199.861980,101.085259,81.752281,221.095451,113.801523,0.000000
psp_dominante,12,1,365,102,186.735603,105.682429,87.623836,221.151340,126.896119,0.000000
psp_dominante,12,7,365,102,188.067693,104.090891,85.903358,221.149932,124.187202,0.000000
psp_dominante,12,1,365,103,186.869893,87.059578,68.982694,221.087622,105.137516,0.000000
psp_dominante,12,7,365,103,186.972500,87.066341,68.980007,221.093331,105.092524,0.000000
psp_dominante,12,1,365,104,182.337613,87.736008,70.119990,221.364099,108.589821,0.000000
psp_dominante,12,7,365,104,184.331505,86.442425,68.633921,221.365906,105.933937,0.000000
psp_dominante,12,1,365,105,194.618035,93.364552,74.525515,220.942020,108.074087,0.000000
psp_dominante,12,7,365,105,195.921236,93.454892,74.489351,220.937970,107.479924,0.000000
psp_dominante,12,1,365,106,196.935603,90.189257,71.137427,221.073513,103.411678,0.000000
psp_dominante,12,7,365,106,200.343273,91.644262,72.261094,221.054753,103.288697,0.000000
psp_dominante,12,1,365,107,195.771739,87.634685,68.703542,221.166313,101.211688,0.000000
psp_dominante,12,7,365,107,196.666307,87.684751,68.666605,221.160624,100.822254,0.000000
psp_dominante,12,1,365,108,200.247037,93.521307,74.136354,220.930512,105.312985,0.000000
psp_dominante,12,7,365,108,202.266569,93.694478,74.114015,220.930414,104.487105,0.000000
psp_dominante,12,1,365,109,187.720385,93.122082,74.979363,221.284305,111.787798,0.000000
psp_dominante,12,7,365,109,189.228138,93.183981,74.894976,221.277588,110.996722,0.000000
psp_dominante,12,1,365,110,188.189147,84.089062,65.881726,221.053834,100.986748,0.000000
psp_dominante,12,7,365,110,188.191395,84.089070,65.881734,221.056427,100.986757,0.000000
psp_dominante,12,1,365,111,189.701084,86.993164,68.650210,221.180001,103.594452,0.000000
psp_dominante,12,7,365,111,191.278802,87.056250,68.560038,221.171756,102.840846,0.000000
psp_dominante,12,1,365,112,178.616903,85.904319,68.651517,221.411349,108.562186,0.000000
psp_dominante,12,7,365,112,181.063334,85.562223,68.071386,221.389826,106.728456,0.000000
psp_dominante,12,1,365,113,191.691941,99.904313,81.364337,221.127075,117.160372,0.000000
psp_dominante,12,7,365,113,194.564469,100.163315,81.344921,221.120220,115.775192,0.000000
psp_dominante,12,1,365,114,195.417113,92.906429,74.009348,221.163665,107.245311,0.000000
psp_dominante,12,7,365,114,197.314404,93.067899,73.986627,221.155464,106.426394,0.000000
psp_dominante,12,1,365,115,179.469933,84.169165,66.813463,221.154489,105.842752,0.000000
psp_dominante,12,7,365,115,179.502647,84.149333,66.790964,221.160701,105.803113,0.000000
psp_dominante,12,1,365,116,195.395741,90.510072,71.610324,221.109274,104.568088,0.000000
psp_dominante,12,7,365,116,196.733494,90.602638,71.573236,221.106317,103.985034,0.000000
psp_dominante,12,1,365,117,197.080931,98.690266,79.616365,220.982334,112.656094,0.000000
psp_dominante,12,7,365,117,197.711688,98.704033,79.569316,220.984941,112.325860,0.000000
psp_dominante,12,1,365,118,173.308409,93.567133,76.831183,221.464595,121.406529,0.000000
psp_dominante,12,7,365,118,176.435528,91.296267,74.256111,221.436160,116.511974,0.000000
psp_dominante,12,1,365,119,186.609692,88.987440,70.942077,221.164018,107.557697,0.000000
psp_dominante,12,7,365,119,187.807435,89.070091,70.909039,221.165621,106.993588,0.000000
psp_dominante,12,1,365,120,183.547596,78.929376,61.173939,221.088406,97.352639,0.000000
psp_dominante,12,7,365,120,184.123074,78.968718,61.158240,221.096057,97.110532,0.000000
psp_dominante,12,1,365,121,196.669548,106.042699,87.023860,221.156290,121.088991,0.000000
psp_dominante,12,7,365,121,200.449101,106.954575,87.567795,221.128947,119.854519,0.000000
psp_dominante,12,1,365,122,183.079669,85.528809,67.829925,221.226863,105.481257,0.000000
psp_dominante,12,7,365,122,183.817786,85.580228,67.809356,221.219138,105.130928,0.000000
psp_dominante,12,1,365,123,189.710995,91.923004,73.578412,221.171954,109.229000,0.000000
psp_dominante,12,7,365,123,191.685911,91.434379,72.897931,221.161569,107.586294,0.000000
psp_dominante,12,1,365,124,196.579264,97.827016,78.796123,220.919119,111.949077,0.000000
psp_dominante,12,7,365,124,197.751269,97.925304,78.780486,220.913875,111.414517,0.000000
psp_dominante,12,1,365,125,189.511081,83.620301,65.299061,221.219615,99.846477,0.000000
psp_dominante,12,7,365,125,190.427538,83.499803,65.089061,221.208970,99.243084,0.000000
psp_dominante,12,1,365,126,187.659709,75.977060,57.824303,221.093959,91.893990,0.000000
psp_dominante,12,7,365,126,188.012462,75.818477,57.631700,221.095184,91.546464,0.000000
psp_dominante,12,1,365,127,189.637990,83.343516,65.009256,221.210719,99.461384,0.000000
psp_dominante,12,7,365,127,190.046292,83.371430,64.998110,221.215622,99.290346,0.000000
psp_dominante,12,1,365,128,190.835749,104.362020,85.901214,221.084277,122.716508,0.000000
psp_dominante,12,7,365,128,191.057371,104.248667,85.767218,221.093627,122.455106,0.000000
psp_dominante,12,1,365,129,172.498418,85.510360,68.834323,221.225878,111.682512,0.000000
psp_dominante,12,7,365,129,173.212688,85.237433,68.492432,221.227007,110.896744,0.000000
psp_dominante,12,1,365,130,188.373363,86.578545,68.348424,220.994754,103.733262,0.000000
psp_dominante,12,7,365,130,190.264503,85.685859,67.271337,220.978457,101.716521,0.000000
psp_dominante,12,1,365,131,190.028477,93.550990,75.159988,220.986438,110.822390,0.000000
psp_dominante,12,7,365,131,190.443791,93.562254,75.131457,220.991138,110.604577,0.000000
psp_dominante,12,1,365,132,200.107473,100.991446,81.622579,220.959357,113.496356,0.000000
psp_dominante,12,7,365,132,202.348997,101.076336,81.489972,220.953434,112.371470,0.000000
psp_dominante,12,1,365,133,190.435011,97.149502,78.729289,221.105808,114.755481,0.000000
psp_dominante,12,7,365,133,191.364391,96.212921,77.702618,221.103535,113.153877,0.000000
psp_dominante,12,1,365,134,197.708328,98.106550,78.980107,221.075119,111.716712,0.000000
psp_dominante,12,7,365,134,197.932813,98.085581,78.937823,221.079674,111.573805,0.000000
psp_dominante,12,1,365,135,180.916134,84.309811,66.821284,221.241785,105.238145,0.000000
psp_dominante,12,7,365,135,183.461600,84.377997,66.641922,221.223574,103.905866,0.000000
psp_dominante,12,1,365,136,197.739588,83.158497,64.031151,221.099191,95.300091,0.000000
psp_dominante,12,7,365,136,198.370774,83.201883,64.013847,221.103317,95.058800,0.000000
psp_dominante,12,1,365,137,176.136989,83.084019,66.044220,221.072793,106.393484,0.000000
psp_dominante,12,7,365,137,176.522943,83.110445,66.033707,221.077864,106.204493,0.000000
psp_dominante,12,1,365,138,197.099362,93.845234,74.765999,220.941958,107.292921,0.000000
psp_dominante,12,7,365,138,201.462937,93.662698,74.158255,220.910664,104.844544,0.000000
psp_dominante,12,1,365,139,183.803029,95.243888,77.466422,221.121136,116.508816,0.000000
psp_dominante,12,7,365,139,185.219374,94.545640,76.630729,221.115611,114.827145,0.000000
psp_dominante,12,1,365,140,201.369703,95.237021,75.749168,220.994851,106.626874,0.000000
psp_dominante,12,7,365,140,202.172850,95.271412,75.706279,220.999795,106.258423,0.000000
psp_dominante,12,1,365,141,186.634601,88.292108,70.242587,221.142971,106.724846,0.000000
psp_dominante,12,7,365,141,188.631245,87.846688,69.602266,221.121493,105.114765,0.000000
psp_dominante,12,1,365,142,196.178733,93.631351,74.656360,221.114906,107.623678,0.000000
psp_dominante,12,7,365,142,199.388129,94.456115,75.169778,221.104508,106.848893,0.000000
psp_dominante,12,1,365,143,186.286362,83.389422,65.365752,221.048670,101.159894,0.000000
psp_dominante,12,7,365,143,189.189330,83.573290,65.267044,221.028436,99.871053,0.000000
psp_dominante,12,1,365,144,180.294202,83.138129,65.703635,221.165938,104.140600,0.000000
psp_dominante,12,7,365,144,180.377141,83.090879,65.648510,221.167746,104.038501,0.000000
psp_dominante,12,1,365,145,180.169412,90.078698,72.649937,221.087012,112.536266,0.000000
psp_dominante,12,7,365,145,181.388136,90.162628,72.616330,221.091426,111.909667,0.000000
psp_dominante,12,1,365,146,184.904025,79.824722,61.947926,221.208079,97.770671,0.000000
psp_dominante,12,7,365,146,186.355534,79.992415,61.974541,221.199111,97.231905,0.000000
psp_dominante,12,1,365,147,183.582882,93.207354,75.448725,221.091112,114.219907,0.000000
psp_dominante,12,7,365,147,184.227226,93.252076,75.430825,221.087552,113.885304,0.000000
psp_dominante,12,1,365,148,198.013350,100.354027,81.185206,220.929375,113.940751,0.000000
psp_dominante,12,7,365,148,198.904398,99.705321,80.449896,220.925482,112.738796,0.000000
psp_dominante,12,1,365,149,184.516844,93.705448,75.848707,220.996692,114.200087,0.000000
psp_dominante,12,7,365,149,185.598519,93.780612,75.818640,220.990033,113.642351,0.000000
psp_dominante,12,1,365,150,201.221507,98.749935,79.268025,220.901302,110.444831,0.000000
psp_dominante,12,7,365,150,204.271133,98.942503,79.163506,220.881260,109.050451,0.000000
psp_dominante,12,1,365,151,188.941271,86.482499,68.216321,221.219316,103.425970,0.000000
psp_dominante,12,7,365,151,189.976851,86.554296,68.187591,221.214458,102.963870,0.000000
psp_dominante,12,1,365,152,192.785823,102.236159,83.586395,221.080617,119.119920,0.000000
psp_dominante,12,7,365,152,193.426171,100.934515,82.222801,221.080573,117.277961,0.000000
psp_dominante,12,1,365,153,181.577280,92.332682,74.771474,221.133291,114.413037,0.000000
psp_dominante,12,7,365,153,184.109842,92.505717,74.697948,221.113479,113.088345,0.000000
psp_dominante,12,1,365,154,185.465420,91.201410,73.268607,221.187119,110.800349,0.000000
psp_dominante,12,7,365,154,190.219053,91.578972,73.183854,221.155449,108.547218,0.000000
psp_dominante,12,1,365,155,175.988698,85.789704,68.790204,221.404198,109.978633,0.000000
psp_dominante,12,7,365,155,177.012783,85.860449,68.761955,221.403266,109.451944,0.000000
psp_dominante,12,1,365,156,192.856518,110.325165,91.653015,220.899868,128.079362,0.000000
psp_dominante,12,7,365,156,193.767850,110.390305,91.629787,220.898321,127.567824,0.000000
psp_dominante,12,1,365,157,197.815255,96.584499,77.441445,221.004056,109.953547,0.000000
psp_dominante,12,7,365,157,198.902174,96.700101,77.451858,221.003996,109.500648,0.000000
psp_dominante,12,1,365,158,190.355380,94.683984,76.271751,221.109081,111.991446,0.000000
psp_dominante,12,7,365,158,192.050411,94.596445,76.019383,221.098841,110.934311,0.000000
psp_dominante,12,1,365,159,187.447115,97.734711,79.615932,221.254673,117.276337,0.000000
psp_dominante,12,7,365,159,189.741815,97.862873,79.520822,221.237326,116.044195,0.000000
psp_dominante,12,1,365,160,197.492913,99.918471,80.821827,221.176964,113.877311,0.000000
psp_dominante,12,7,365,160,197.576418,99.877319,80.772527,221.176129,113.785215,0.000000
psp_dominante,12,1,365,161,189.493325,84.054481,65.720809,221.051981,100.278809,0.000000
psp_dominante,12,7,365,161,191.271625,84.114263,65.608475,221.051234,99.451192,0.000000
psp_dominante,12,1,365,162,192.842189,85.387522,66.722302,220.964277,100.068407,0.000000
psp_dominante,12,7,365,162,193.182385,85.126389,66.428178,220.963542,99.605626,0.000000
psp_dominante,12,1,365,163,177.503364,78.191161,61.014925,221.019063,99.598033,0.000000
psp_dominante,12,7,365,163,179.177688,78.306967,60.968611,221.017775,98.844419,0.000000
psp_dominante,12,1,365,164,192.346683,89.027166,70.412724,220.997122,104.436558,0.000000
psp_dominante,12,7,365,164,194.280752,89.022452,70.219766,220.984733,103.425768,0.000000
psp_dominante,12,1,365,165,196.269875,89.255879,70.259048,220.966049,102.667691,0.000000
psp_dominante,12,7,365,165,197.328939,89.329140,70.229787,220.965869,102.218612,0.000000
psp_dominante,12,1,365,166,180.998547,77.170769,59.658407,221.044936,96.539552,0.000000
psp_dominante,12,7,365,166,181.218922,77.185552,59.652526,221.053084,96.448194,0.000000
psp_dominante,12,1,365,167,181.094737,76.430145,58.913415,221.106131,95.628576,0.000000
psp_dominante,12,7,365,167,181.821287,75.821545,58.234864,221.110154,94.537404,0.000000
psp_dominante,12,1,365,168,195.393036,95.718208,76.815415,221.071295,110.337850,0.000000
psp_dominante,12,7,365,168,196.869460,93.949623,74.903211,221.062335,107.586023,0.000000
psp_dominante,12,1,365,169,182.624650,86.799923,69.121745,220.940776,107.110081,0.000000
psp_dominante,12,7,365,169,183.495597,86.805352,69.042649,220.938128,106.625844,0.000000
psp_dominante,12,1,365,170,183.989092,93.925854,76.132113,221.142136,114.850379,0.000000
psp_dominante,12,7,365,170,186.379056,93.811843,75.785653,221.126313,113.288135,0.000000
psp_dominante,12,1,365,171,189.334393,89.865972,71.542884,220.995206,106.994943,0.000000
psp_dominante,12,7,365,171,190.305103,89.933875,71.516959,220.996546,106.547646,0.000000
psp_dominante,12,1,365,172,194.489116,88.231662,69.420387,221.118267,102.497571,0.000000
psp_dominante,12,7,365,172,196.198320,88.350254,69.372953,221.110153,101.767082,0.000000
psp_dominante,12,1,365,173,185.170330,76.767140,58.862708,221.185160,94.039714,0.000000
psp_dominante,12,7,365,173,185.169128,76.767138,58.862706,221.183750,94.039711,0.000000
psp_dominante,12,1,365,174,185.603020,90.945901,73.004278,221.241407,110.448782,0.000000
psp_dominante,12,7,365,174,186.725320,91.088790,73.038513,221.239421,109.974251,0.000000
psp_dominante,12,1,365,175,190.671097,106.695836,88.261679,221.210531,125.546787,0.000000
psp_dominante,12,7,365,175,192.820327,105.890449,87.247594,221.199934,123.278910,0.000000
psp_dominante,12,1,365,176,183.621724,81.834871,64.071034,221.073384,100.743304,0.000000
psp_dominante,12,7,365,176,183.813734,81.778170,63.996231,221.079162,100.577857,0.000000
psp_dominante,12,1,365,177,190.262589,108.947694,90.545436,221.120876,128.327219,0.000000
psp_dominante,12,7,365,177,193.227014,109.214633,90.523898,221.100467,126.708245,0.000000
psp_dominante,12,1,365,178,189.759211,94.822434,76.475952,221.204772,112.536945,0.000000
psp_dominante,12,7,365,178,190.959111,94.893407,76.430942,221.205088,111.935833,0.000000
psp_dominante,12,1,365,179,193.055584,89.138100,70.495707,221.470325,104.410934,0.000000
psp_dominante,12,7,365,179,194.853674,89.262814,70.445869,221.459697,103.618673,0.000000
psp_dominante,12,1,365,180,186.337560,89.700175,71.674069,221.078983,108.498646,0.000000
psp_dominante,12,7,365,180,187.030663,89.608334,71.514881,221.075421,108.003090,0.000000
psp_dominante,12,1,365,181,201.866501,90.854485,71.303275,220.825277,101.587012,0.000000
psp_dominante,12,7,365,181,201.872058,90.854482,71.303272,220.831246,101.587009,0.000000
psp_dominante,12,1,365,182,187.173614,94.557789,76.464588,221.244361,113.749157,0.000000
psp_dominante,12,7,365,182,191.481563,96.470914,77.957650,221.201722,113.429066,0.000000
psp_dominante,12,1,365,183,184.618196,85.891808,68.039456,221.169262,105.035873,0.000000
psp_dominante,12,7,365,183,184.622967,85.029566,67.177214,221.174875,104.021604,0.000000
psp_dominante,12,1,365,184,198.484218,94.369364,75.170030,221.099644,107.220072,0.000000
psp_dominante,12,7,365,184,204.153931,94.732855,74.980927,221.053877,104.718773,0.000000
psp_dominante,12,1,365,185,190.225378,81.293036,62.917616,221.395463,96.904203,0.000000
psp_dominante,12,7,365,185,191.186369,79.941595,61.472578,221.386434,94.896743,0.000000
psp_dominante,12,1,365,186,194.867041,90.951978,72.100236,221.073195,105.316447,0.000000
psp_dominante,12,7,365,186,194.865852,90.634203,71.782461,221.071870,104.962460,0.000000
psp_dominante,12,1,365,187,202.335309,98.705841,79.138230,221.146666,109.931309,0.000000
psp_dominante,12,7,365,187,205.138652,98.958844,79.118842,221.132624,108.744733,0.000000
psp_dominante,12,1,365,188,184.247375,84.556699,66.741076,221.179881,103.670422,0.000000
psp_dominante,12,7,365,188,187.890611,84.685594,66.515029,221.148054,101.872436,0.000000
psp_dominante,12,1,365,189,188.787426,111.416316,93.148101,221.018244,132.077244,0.000000
psp_dominante,12,7,365,189,190.664006,110.543086,92.092444,221.008391,129.817021,0.000000
psp_dominante,12,1,365,190,185.428616,82.986677,65.049233,221.087838,101.155437,0.000000
psp_dominante,12,7,365,190,185.649180,82.927468,64.969150,221.093426,100.973270,0.000000
psp_dominante,12,1,365,191,186.804583,96.675794,78.610628,221.152516,116.381567,0.000000
psp_dominante,12,7,365,191,188.676375,96.698871,78.451215,221.134950,115.284227,0.000000
psp_dominante,12,1,365,192,192.135574,88.467870,69.882429,221.097192,103.961323,0.000000
psp_dominante,12,7,365,192,192.887051,86.717695,68.059342,221.094621,101.600875,0.000000
psp_dominante,12,1,365,193,188.784958,94.818955,76.572853,221.278415,113.130051,0.000000
psp_dominante,12,7,365,193,188.788839,93.691578,75.445476,221.282882,111.832518,0.000000
psp_dominante,12,1,365,194,188.865934,98.672707,80.409994,221.173900,117.462158,0.000000
psp_dominante,12,7,365,194,193.102421,99.046607,80.371706,221.144436,115.378301,0.000000
psp_dominante,12,1,365,195,196.285725,104.185438,85.198813,221.100207,119.233444,0.000000
psp_dominante,12,7,365,195,198.955285,104.278878,85.032609,221.084204,117.780828,0.000000
psp_dominante,12,1,365,196,186.235882,82.252863,64.249458,221.234102,99.943524,0.000000
psp_dominante,12,7,365,196,186.876295,82.323752,64.259237,221.243707,99.701368,0.000000
psp_dominante,12,1,365,197,195.069074,94.148770,75.278779,221.088103,108.776106,0.000000
psp_dominante,12,7,365,197,195.215328,94.206360,75.322320,221.089240,108.762199,0.000000
psp_dominante,12,1,365,198,191.167180,83.333723,64.843307,221.113059,98.644068,0.000000
psp_dominante,12,7,365,198,191.171657,83.333720,64.843304,221.118144,98.644064,0.000000
psp_dominante,12,1,365,199,199.715910,102.449688,83.121561,220.991233,115.311533,0.000000
psp_dominante,12,7,365,199,200.464988,101.956061,82.555673,220.993843,114.362601,0.000000
psp_dominante,12,1,365,200,195.295355,93.199678,74.305873,221.065988,107.589152,0.000000
psp_dominante,12,7,365,200,196.667001,93.278697,74.251710,221.060485,106.951278,0.000000
psp_dominante,12,1,365,201,200.709574,96.327207,76.908381,221.052311,108.170630,0.000000
psp_dominante,12,7,365,201,204.927158,96.514062,76.684098,221.018564,106.208723,0.000000
psp_dominante,12,1,365,202,194.692564,105.784854,86.944347,221.008165,121.909880,0.000000
psp_dominante,12,7,365,202,196.969050,105.808682,86.747906,221.008481,120.573550,0.000000
psp_dominante,12,1,365,203,198.084419,103.712864,84.539465,220.955418,117.593324,0.000000
psp_dominante,12,7,365,203,199.474364,103.819872,84.511485,220.950367,116.915559,0.000000
psp_dominante,12,1,365,204,173.371483,87.917778,71.156208,221.211224,114.149188,0.000000
psp_dominante,12,7,365,204,175.207255,88.111099,71.171449,221.203564,113.230891,0.000000
psp_dominante,12,1,365,205,185.631056,94.959429,77.015412,221.245234,115.131638,0.000000
psp_dominante,12,7,365,205,186.010541,94.272792,76.292571,221.251020,114.105912,0.000000
psp_dominante,12,1,365,206,172.544976,73.847044,57.173968,221.323096,97.011507,0.000000
psp_dominante,12,7,365,206,172.549826,73.808054,57.134978,221.329205,96.962398,0.000000
psp_dominante,12,1,365,207,195.539118,94.803101,75.873638,220.927521,109.172826,0.000000
psp_dominante,12,7,365,207,196.540872,94.920878,75.894395,220.927023,108.766521,0.000000
psp_dominante,12,1,365,208,180.852094,82.110987,64.618701,221.118219,102.576636,0.000000
psp_dominante,12,7,365,208,180.923417,82.103761,64.604818,221.121215,102.530464,0.000000
psp_dominante,12,1,365,209,184.420211,89.877190,72.044116,221.170883,109.838230,0.000000
psp_dominante,12,7,365,209,185.894168,89.881511,71.904356,221.152132,108.995019,0.000000
psp_dominante,12,1,365,210,196.463730,80.963216,61.957019,221.073322,93.456482,0.000000
psp_dominante,12,7,365,210,196.950485,80.996488,61.943671,221.078671,93.274265,0.000000
psp_dominante,12,1,365,211,195.504629,97.563183,78.655014,221.133516,112.356702,0.000000
psp_dominante,12,7,365,211,197.092541,97.638531,78.576579,221.131140,111.565539,0.000000
psp_dominante,12,1,365,212,198.062975,93.111311,73.943078,220.990396,106.009274,0.000000
psp_dominante,12,7,365,212,202.215905,93.408962,73.835891,220.957983,104.218724,0.000000
psp_dominante,12,1,365,213,193.480242,81.885136,63.157651,220.958395,95.821611,0.000000
psp_dominante,12,7,365,213,193.485509,81.885123,63.157638,220.964301,95.821597,0.000000
psp_dominante,12,1,365,214,187.255660,94.722161,76.607729,221.084856,113.811082,0.000000
psp_dominante,12,7,365,214,189.513892,94.865160,76.531677,221.077777,112.662842,0.000000
psp_dominante,12,1,365,215,195.359027,104.199725,85.288448,220.936147,119.708432,0.000000
psp_dominante,12,7,365,215,195.607123,103.519267,84.584407,220.941112,118.809647,0.000000
psp_dominante,12,1,365,216,199.048024,89.610821,70.355942,221.088277,101.732488,0.000000
psp_dominante,12,7,365,216,200.407912,89.533571,70.146665,221.082919,100.983241,0.000000
psp_dominante,12,1,365,217,197.717474,98.323307,79.184831,220.948672,111.886827,0.000000
psp_dominante,12,7,365,217,198.725805,98.359598,79.122527,220.937490,111.373496,0.000000
psp_dominante,12,1,365,218,200.972235,91.091628,71.633805,220.900777,102.311316,0.000000
psp_dominante,12,7,365,218,202.385507,90.757477,71.162545,220.897698,101.265303,0.000000
psp_dominante,12,1,365,219,195.018216,93.881220,75.026454,221.206755,108.562720,0.000000
psp_dominante,12,7,365,219,196.106123,93.968590,75.008782,221.208348,108.080188,0.000000
psp_dominante,12,1,365,220,192.474946,89.510954,70.893383,221.105328,104.965374,0.000000
psp_dominante,12,7,365,220,192.478472,89.510960,70.893389,221.109306,104.965381,0.000000
psp_dominante,12,1,365,221,190.071717,85.879622,67.487024,221.016979,102.054231,0.000000
psp_dominante,12,7,365,221,191.658211,85.666883,67.120628,221.015372,101.000960,0.000000
psp_dominante,12,1,365,222,195.109878,94.966241,76.099442,221.170249,109.703731,0.000000
psp_dominante,12,7,365,222,198.009676,94.333096,75.184393,221.153256,107.453222,0.000000
psp_dominante,12,1,365,223,187.695684,94.223414,76.069376,221.120255,112.994577,0.000000
psp_dominante,12,7,365,223,190.522731,94.006840,75.578059,221.104829,111.122855,0.000000
psp_dominante,12,1,365,224,188.453625,94.049259,75.838143,221.313762,112.452137,0.000000
psp_dominante,12,7,365,224,190.232290,93.672114,75.287160,221.290622,110.995883,0.000000
psp_dominante,12,1,365,225,184.879585,93.786622,75.934018,221.473669,114.321108,0.000000
psp_dominante,12,7,365,225,186.497907,93.456131,75.446153,221.460346,112.971746,0.000000
psp_dominante,12,1,365,226,195.077737,99.706221,80.828397,221.007663,114.914830,0.000000
psp_dominante,12,7,365,226,197.560342,99.816620,80.697443,220.995072,113.635944,0.000000
psp_dominante,12,1,365,227,194.739639,95.072145,76.238799,221.143168,110.009577,0.000000
psp_dominante,12,7,365,227,197.686079,95.276517,76.157046,221.129839,108.647605,0.000000
psp_dominante,12,1,365,228,186.523616,91.651784,73.627463,221.317254,110.782800,0.000000
psp_dominante,12,7,365,228,188.230373,90.777139,72.587149,221.308412,108.800492,0.000000
psp_dominante,12,1,365,229,190.851338,78.933187,60.462805,220.989454,93.743510,0.000000
psp_dominante,12,7,365,229,191.213187,78.946620,60.441546,220.993292,93.590510,0.000000
psp_dominante,12,1,365,230,184.141756,91.555030,73.740289,221.066129,111.924983,0.000000
psp_dominante,12,7,365,230,185.488955,90.335122,72.388795,221.050991,109.706173,0.000000
psp_dominante,12,1,365,231,206.199505,103.177430,83.223797,221.012591,112.588047,0.000000
psp_dominante,12,7,365,231,207.280973,103.071445,83.013127,221.012236,111.910361,0.000000
psp_dominante,12,1,365,232,191.467900,102.631521,84.088395,220.836465,120.229698,0.000000
psp_dominante,12,7,365,232,192.264442,101.022696,82.402059,220.832178,117.931473,0.000000
psp_dominante,12,1,365,233,189.625353,96.627661,78.291112,221.169131,114.663183,0.000000
psp_dominante,12,7,365,233,190.603045,95.939093,77.507771,221.166405,113.309628,0.000000
psp_dominante,12,1,365,234,184.008812,79.396665,61.595112,221.070109,97.662051,0.000000
psp_dominante,12,7,365,234,184.593426,79.437030,61.578945,221.070416,97.413019,0.000000
psp_dominante,12,1,365,235,185.689301,86.939258,68.975375,221.073075,105.633061,0.000000
psp_dominante,12,7,365,235,188.890563,86.424563,68.148914,221.048479,103.307872,0.000000
psp_dominante,12,1,365,236,186.839080,83.855773,65.774773,221.002416,101.393464,0.000000
psp_dominante,12,7,365,236,187.345799,83.890769,65.760818,221.003442,101.171038,0.000000
psp_dominante,12,1,365,237,206.786275,90.975801,70.981029,221.182360,99.549568,0.000000
psp_dominante,12,7,365,237,208.374959,91.085710,70.937050,221.179412,98.934348,0.000000
psp_dominante,12,1,365,238,187.202456,86.435988,68.325630,221.071997,104.227491,0.000000
psp_dominante,12,7,365,238,188.391180,86.331222,68.105889,221.072291,103.474487,0.000000
psp_dominante,12,1,365,239,186.636141,99.676452,81.613617,220.984707,119.884660,0.000000
psp_dominante,12,7,365,239,188.096722,99.758648,81.554294,220.982770,119.078602,0.000000
psp_dominante,12,1,365,240,194.700677,105.289224,86.465517,221.210894,121.462182,0.000000
psp_dominante,12,7,365,240,196.189468,105.352827,86.384451,221.202507,120.636731,0.000000
psp_dominante,12,1,365,241,197.873045,106.562691,87.417453,221.042689,120.886325,0.000000
psp_dominante,12,7,365,241,200.942935,106.772781,87.329616,221.032651,119.322191,0.000000
psp_dominante,12,1,365,242,196.698568,95.301206,76.276382,221.120007,109.195471,0.000000
psp_dominante,12,7,365,242,199.510007,95.496537,76.198272,221.102944,107.917491,0.000000
psp_dominante,12,1,365,243,179.253122,84.177673,66.835180,221.057349,105.930624,0.000000
psp_dominante,12,7,365,243,179.264028,84.177699,66.835206,221.070555,105.930655,0.000000
psp_dominante,12,1,365,244,189.008771,99.068506,80.790988,221.162100,117.825008,0.000000
psp_dominante,12,7,365,244,191.509153,99.327339,80.807481,221.155672,116.629055,0.000000
psp_dominante,12,1,365,245,181.322184,90.414814,72.880654,221.162719,112.286401,0.000000
psp_dominante,12,7,365,245,184.821787,89.603895,71.728695,221.130859,109.267733,0.000000
psp_dominante,12,1,365,246,196.717436,99.405373,80.368138,220.999273,113.654203,0.000000
psp_dominante,12,7,365,246,197.751579,99.520446,80.383566,221.004191,113.209514,0.000000
psp_dominante,12,1,365,247,200.021682,95.863034,76.509056,221.033176,108.016017,0.000000
psp_dominante,12,7,365,247,200.810365,95.917376,76.487378,221.036444,107.667787,0.000000
psp_dominante,12,1,365,248,186.584304,91.120394,73.078979,221.181988,110.063093,0.000000
psp_dominante,12,7,365,248,188.601586,90.152991,71.915184,221.166094,107.807043,0.000000
psp_dominante,12,1,365,249,196.437268,90.615859,71.610733,221.056316,104.127357,0.000000
psp_dominante,12,7,365,249,197.575017,90.694907,71.579090,221.049334,103.634405,0.000000
psp_dominante,12,1,365,250,199.102556,90.220189,70.944877,220.917561,102.292778,0.000000
psp_dominante,12,7,365,250,199.481854,90.245950,70.934560,220.924775,102.137158,0.000000
psp_dominante,12,1,365,251,187.001978,84.456803,66.380003,221.242075,102.114316,0.000000
psp_dominante,12,7,365,251,188.530397,84.557135,66.331781,221.232452,101.430197,0.000000
psp_dominante,12,1,365,252,188.730416,92.298980,74.048111,221.158905,110.201988,0.000000
psp_dominante,12,7,365,252,191.822513,91.220203,72.668992,221.143386,107.261413,0.000000
psp_dominante,12,1,365,253,196.278505,107.439095,88.440857,220.959520,122.759486,0.000000
psp_dominante,12,7,365,253,198.772939,107.611437,88.370838,220.949156,121.451653,0.000000
psp_dominante,12,1,365,254,165.150342,86.258134,70.286962,221.151076,117.418151,0.000000
psp_dominante,12,7,365,254,167.396072,86.352253,70.162156,221.127637,116.006574,0.000000
psp_dominante,12,1,365,255,195.613387,81.088662,62.159766,221.016414,93.960973,0.000000
psp_dominante,12,7,365,255,198.011958,81.318632,62.156552,221.004162,93.118262,0.000000
psp_dominante,12,1,365,256,187.167621,90.366343,72.266065,221.152468,108.843318,0.000000
psp_dominante,12,7,365,256,189.084847,89.978428,71.691712,221.140234,107.328940,0.000000
psp_dominante,12,1,365,257,181.203583,82.447538,64.923227,221.142645,102.799792,0.000000
psp_dominante,12,7,365,257,181.663432,82.458033,64.889496,221.145689,102.563625,0.000000
psp_dominante,12,1,365,258,197.890373,100.348035,81.204078,221.076221,114.076967,0.000000
psp_dominante,12,7,365,258,200.173260,100.506707,81.140633,221.061985,112.986512,0.000000
psp_dominante,12,1,365,259,194.483765,88.509848,69.697754,221.102842,102.803823,0.000000
psp_dominante,12,7,365,259,194.959244,88.555756,69.697693,221.103110,102.614098,0.000000
psp_dominante,12,1,365,260,168.587936,72.509872,56.223490,221.380794,97.495738,0.000000
psp_dominante,12,7,365,260,168.592893,72.509869,56.223487,221.387186,97.495735,0.000000
psp_dominante,12,1,365,261,194.849236,101.104899,82.245471,220.964902,116.580449,0.000000
psp_dominante,12,7,365,261,195.710005,101.254463,82.312295,220.971474,116.254506,0.000000
psp_dominante,12,1,365,262,195.095306,106.317882,87.460008,221.256803,122.394868,0.000000
psp_dominante,12,7,365,262,198.351710,106.607425,87.433501,221.242225,120.760446,0.000000
psp_dominante,12,1,365,263,196.196577,83.077945,64.092538,221.015528,95.893571,0.000000
psp_dominante,12,7,365,263,197.720878,83.184415,64.050895,221.008603,95.299076,0.000000
psp_dominante,12,1,365,264,194.160166,92.957585,74.164895,220.965399,107.875990,0.000000
psp_dominante,12,7,365,264,194.782484,92.976552,74.123739,220.966676,107.565849,0.000000
psp_dominante,12,1,365,265,189.761620,90.371822,72.018137,221.122285,107.402029,0.000000
psp_dominante,12,7,365,265,190.936692,90.363129,71.895603,221.120070,106.754733,0.000000
psp_dominante,12,1,365,266,197.385945,85.305450,66.213447,221.112099,97.830619,0.000000
psp_dominante,12,7,365,266,197.742003,84.990364,65.863711,221.109709,97.314687,0.000000
psp_dominante,12,1,365,267,187.175591,94.876863,76.780995,221.214638,114.103263,0.000000
psp_dominante,12,7,365,267,189.205611,94.561990,76.268953,221.203837,112.555063,0.000000
psp_dominante,12,1,365,268,188.335611,82.768922,64.553564,221.127099,99.422080,0.000000
psp_dominante,12,7,365,268,189.503136,82.813702,64.485469,221.127633,98.885728,0.000000
psp_dominante,12,1,365,269,190.492878,84.057873,65.628168,221.059928,99.780986,0.000000
psp_dominante,12,7,365,269,191.052289,84.003325,65.519881,221.064421,99.440537,0.000000
psp_dominante,12,1,365,270,184.971358,81.924422,64.046429,221.272628,100.230760,0.000000
psp_dominante,12,7,365,270,186.641052,81.844377,63.803529,221.254870,99.268910,0.000000
psp_dominante,12,1,365,271,191.335836,95.412655,76.894540,220.979566,112.200308,0.000000
psp_dominante,12,7,365,271,192.368916,95.473296,76.855347,220.981325,111.688511,0.000000
psp_dominante,12,1,365,272,193.358242,95.954582,77.259941,221.202517,111.787371,0.000000
psp_dominante,12,7,365,272,195.640968,96.112943,77.196584,221.190863,110.699804,0.000000
psp_dominante,12,1,365,273,196.825866,98.772394,79.729552,221.054954,112.923882,0.000000
psp_dominante,12,7,365,273,197.954153,98.829318,79.677192,221.053564,112.364767,0.000000
psp_dominante,12,1,365,274,182.158991,83.332253,65.706407,221.030082,103.284727,0.000000
psp_dominante,12,7,365,274,182.732894,83.346441,65.665092,221.030430,102.989916,0.000000
psp_dominante,12,1,365,275,194.173109,93.961068,75.185136,221.173522,109.091051,0.000000
psp_dominante,12,7,365,275,196.950145,93.467567,74.422604,221.167817,107.062364,0.000000
psp_dominante,12,1,365,276,193.064564,102.513596,83.837225,221.084778,119.267871,0.000000
psp_dominante,12,7,365,276,193.535039,102.465372,83.743767,221.088002,118.935274,0.000000
psp_dominante,12,1,365,277,191.001595,92.005637,73.537019,221.181031,108.616294,0.000000
psp_dominante,12,7,365,277,191.857444,92.064823,73.513318,221.179486,108.215873,0.000000
psp_dominante,12,1,365,278,190.568520,94.565109,76.120032,220.965151,111.663811,0.000000
psp_dominante,12,7,365,278,192.985147,94.388074,75.708028,220.952789,110.110529,0.000000
psp_dominante,12,1,365,279,188.368767,94.891391,76.677503,221.182850,113.406581,0.000000
psp_dominante,12,7,365,279,190.298529,95.001922,76.599664,221.161889,112.412802,0.000000
psp_dominante,12,1,365,280,178.989919,84.905101,67.605763,221.279314,107.067939,0.000000
psp_dominante,12,7,365,280,179.697871,84.158412,66.790509,221.277543,105.758206,0.000000
psp_dominante,12,1,365,281,188.428239,83.180530,64.951207,221.067470,99.823148,0.000000
psp_dominante,12,7,365,281,190.300457,83.365356,64.954089,221.057826,99.087018,0.000000
psp_dominante,12,1,365,282,179.359493,92.023766,74.695196,221.360657,115.520978,0.000000
psp_dominante,12,7,365,282,179.842215,92.046981,74.671980,221.363240,115.251020,0.000000
psp_dominante,12,1,365,283,198.183018,75.591043,56.414179,221.024190,86.777450,0.000000
psp_dominante,12,7,365,283,198.185384,75.591049,56.414185,221.026781,86.777457,0.000000
psp_dominante,12,1,365,284,176.768756,84.233764,67.148500,221.271672,107.534194,0.000000
psp_dominante,12,7,365,284,177.513282,84.274377,67.117083,221.270796,107.149244,0.000000
psp_dominante,12,1,365,285,173.069198,89.462065,72.731785,221.238035,116.293599,0.000000
psp_dominante,12,7,365,285,174.207827,89.519722,72.678457,221.226222,115.625472,0.000000
psp_dominante,12,1,365,286,192.894365,93.192806,74.539094,221.156867,108.914718,0.000000
psp_dominante,12,7,365,286,193.835061,93.205248,74.460270,221.153431,108.417844,0.000000
psp_dominante,12,1,365,287,199.781009,84.027811,64.711066,221.189862,95.349967,0.000000
psp_dominante,12,7,365,287,203.154270,84.265428,64.620915,221.172076,94.079809,0.000000
psp_dominante,12,1,365,288,178.564887,98.541621,81.263997,221.035781,123.771911,0.000000
psp_dominante,12,7,365,288,181.262394,98.727364,81.186925,221.013398,122.199701,0.000000
psp_dominante,12,1,365,289,189.816129,96.963553,78.626962,221.387120,115.047610,0.000000
psp_dominante,12,7,365,289,190.426659,97.026146,78.630839,221.390220,114.764613,0.000000
psp_dominante,12,1,365,290,184.435393,84.679773,66.841596,221.126630,103.689291,0.000000
psp_dominante,12,7,365,290,185.255688,84.539070,66.621555,221.126619,103.082963,0.000000
psp_dominante,12,1,365,291,185.862703,86.695452,68.713173,221.053509,105.244368,0.000000
psp_dominante,12,7,365,291,187.836078,86.960515,68.786926,221.048908,104.484875,0.000000
psp_dominante,12,1,365,292,190.795413,95.483271,77.032734,221.159190,112.676982,0.000000
psp_dominante,12,7,365,292,191.562364,95.217925,76.692964,221.156173,111.939575,0.000000
psp_dominante,12,1,365,293,199.580215,97.841898,78.540945,221.149097,110.454839,0.000000
psp_dominante,12,7,365,293,201.610417,98.071028,78.573431,221.145670,109.627969,0.000000
psp_dominante,12,1,365,294,189.573969,74.755361,56.417384,221.093377,89.607184,0.000000
psp_dominante,12,7,365,294,190.091051,74.790898,56.403193,221.096808,89.416253,0.000000
psp_dominante,12,1,365,295,182.359622,86.142085,68.508679,221.175971,106.588449,0.000000
psp_dominante,12,7,365,295,182.995443,86.249185,68.554564,221.179238,106.360649,0.000000
psp_dominante,12,1,365,296,188.050062,93.632688,75.442362,221.096236,112.095174,0.000000
psp_dominante,12,7,365,296,188.855507,91.833047,73.564664,221.094510,109.564569,0.000000
psp_dominante,12,1,365,297,172.084011,75.084644,58.443257,221.155231,98.750366,0.000000
psp_dominante,12,7,365,297,172.501074,75.131898,58.450212,221.155661,98.580959,0.000000
psp_dominante,12,1,365,298,185.086950,84.576643,66.677125,221.146962,103.226666,0.000000
psp_dominante,12,7,365,298,185.219127,84.456768,66.544797,221.150958,103.017139,0.000000
psp_dominante,12,1,365,299,192.612738,110.528817,91.884093,220.944348,128.491258,0.000000
psp_dominante,12,7,365,299,193.417704,109.625500,90.902383,220.938867,126.956851,0.000000
psp_dominante,12,1,365,300,187.805652,92.203868,74.029145,221.000209,110.537042,0.000000
psp_dominante,12,7,365,300,190.555846,92.336267,73.893227,220.974683,109.137852,0.000000
outbound_extremo,8,1,365,1,30.933719,10.649241,5.345754,126.486979,46.167363,0.000000
outbound_extremo,8,7,365,1,30.932211,10.540830,5.237343,126.481007,45.738092,0.000000
outbound_extremo,8,1,365,2,24.032660,8.378194,4.195435,124.658604,46.063640,0.000000
outbound_extremo,8,7,365,2,24.051777,8.378191,4.195432,124.754583,46.063629,0.000000
outbound_extremo,8,1,365,3,30.543653,11.268068,6.145832,129.222015,50.196510,0.000000
outbound_extremo,8,7,365,3,30.572867,11.268066,6.145830,129.341786,50.196503,0.000000
outbound_extremo,8,1,365,4,20.334987,8.352617,4.897865,127.607925,54.772085,0.000000
outbound_extremo,8,7,365,4,20.334987,8.352617,4.897865,127.607925,54.772085,0.000000
outbound_extremo,8,1,365,5,34.377527,11.850949,6.211168,132.006401,48.127589,0.000000
outbound_extremo,8,7,365,5,34.414923,11.850949,6.211168,132.145647,48.127588,0.000000
outbound_extremo,8,1,365,6,33.993851,12.523098,7.020279,133.728212,51.790971,0.000000
outbound_extremo,8,7,365,6,34.045792,12.365482,6.862663,133.926431,51.189470,0.000000
outbound_extremo,8,1,365,7,25.482020,8.642085,4.278327,126.628803,45.588877,0.000000
outbound_extremo,8,7,365,7,25.588553,8.664102,4.300344,127.141479,45.694827,0.000000
outbound_extremo,8,1,365,8,22.286401,8.461189,4.679845,127.769332,50.989901,0.000000
outbound_extremo,8,7,365,8,22.319512,8.461188,4.679844,127.953217,50.989892,0.000000
outbound_extremo,8,1,365,9,28.148502,10.388724,5.767632,131.917501,51.210315,0.000000
outbound_extremo,8,7,365,9,28.433095,10.450858,5.829766,133.210800,51.492674,0.000000
outbound_extremo,8,1,365,10,29.519228,9.692457,4.586328,125.403863,43.862214,0.000000
outbound_extremo,8,7,365,10,29.599242,9.692459,4.586330,125.732937,43.862220,0.000000
outbound_extremo,8,1,365,11,25.275753,8.889796,4.964161,139.211453,51.555546,0.000000
outbound_extremo,8,7,365,11,25.292444,8.889798,4.964163,139.300741,51.555557,0.000000
outbound_extremo,8,1,365,12,22.018917,8.762971,4.707766,118.025618,49.379306,0.000000
outbound_extremo,8,7,365,12,22.164514,8.762970,4.707765,118.779597,49.379300,0.000000
outbound_extremo,8,1,365,13,25.337496,9.204068,5.383265,143.260626,54.587647,0.000000
outbound_extremo,8,7,365,13,25.411636,9.146696,5.325893,143.668116,54.272314,0.000000
outbound_extremo,8,1,365,14,27.762657,11.069502,5.977044,118.486128,49.647806,0.000000
outbound_extremo,8,7,365,14,27.865739,11.165874,6.064701,118.714894,49.966558,0.000000
outbound_extremo,8,1,365,15,22.226041,7.060232,3.158432,123.623471,41.999095,0.000000
outbound_extremo,8,7,365,15,22.256426,7.032941,3.131141,123.787008,41.852214,0.000000
outbound_extremo,8,1,365,16,21.352518,6.949287,3.674589,140.929536,48.564420,0.000000
outbound_extremo,8,7,365,16,21.383952,6.949287,3.674589,141.131116,48.564420,0.000000
outbound_extremo,8,1,365,17,20.392070,7.396523,4.159457,136.290621,51.983881,0.000000
outbound_extremo,8,7,365,17,20.458133,7.324332,4.087266,136.719195,51.515553,0.000000
outbound_extremo,8,1,365,18,25.314266,9.199892,5.144792,135.094076,51.643150,0.000000
outbound_extremo,8,7,365,18,25.562276,9.045239,4.990139,136.378436,50.842253,0.000000
outbound_extremo,8,1,365,19,27.619172,10.943677,6.252718,127.642652,52.991523,0.000000
outbound_extremo,8,7,365,19,27.775446,10.567076,5.860808,127.937771,51.151712,0.000000
outbound_extremo,8,1,365,20,24.626602,8.574775,4.365535,126.862712,46.779759,0.000000
outbound_extremo,8,7,365,20,24.656611,8.403595,4.194355,127.012428,45.925736,0.000000
outbound_extremo,8,1,365,21,24.039375,9.002922,4.828899,124.944919,49.294759,0.000000
outbound_extremo,8,7,365,21,24.039375,9.002922,4.828899,124.944919,49.294759,0.000000
outbound_extremo,8,1,365,22,27.574880,10.344575,6.080273,139.795373,54.942941,0.000000
outbound_extremo,8,7,365,22,27.893854,10.226166,5.961864,141.366194,54.359819,0.000000
outbound_extremo,8,1,365,23,28.331739,9.216099,4.643790,134.123865,46.328300,0.000000
outbound_extremo,8,7,365,23,28.366053,9.178225,4.605916,134.281465,46.154354,0.000000
outbound_extremo,8,1,365,24,32.304334,11.150258,5.520893,124.509332,45.595351,0.000000
outbound_extremo,8,7,365,24,32.357361,11.114463,5.485098,124.707146,45.461820,0.000000
outbound_extremo,8,1,365,25,26.991068,9.778424,4.754405,116.820518,44.873036,0.000000
outbound_extremo,8,7,365,25,27.819470,9.668792,4.644773,120.283173,44.414782,0.000000
outbound_extremo,8,1,365,26,30.666550,12.503662,7.652851,136.760800,58.130514,0.000000
outbound_extremo,8,7,365,26,31.790465,12.416533,7.565722,141.626423,57.753320,0.000000
outbound_extremo,8,1,365,27,29.933079,10.825895,5.558738,123.342305,47.162525,0.000000
outbound_extremo,8,7,365,27,29.978306,10.596059,5.328902,123.522624,46.246174,0.000000
outbound_extremo,8,1,365,28,21.591356,7.701232,4.165189,132.227648,49.736399,0.000000
outbound_extremo,8,7,365,28,21.727907,7.354140,3.818097,133.038602,47.675071,0.000000
outbound_extremo,8,1,365,29,29.146169,9.470963,5.006804,141.107471,48.552677,0.000000
outbound_extremo,8,7,365,29,30.594728,9.648716,5.184557,147.921686,49.388850,0.000000
outbound_extremo,8,1,365,30,28.621767,10.980906,5.671959,117.215880,47.435927,0.000000
outbound_extremo,8,7,365,30,28.629082,10.966107,5.657160,117.244815,47.377385,0.000000
outbound_extremo,8,1,365,31,28.158212,9.613576,5.200048,137.979540,49.742341,0.000000
outbound_extremo,8,7,365,31,28.431500,9.663607,5.230108,138.670494,49.773272,0.000000
outbound_extremo,8,1,365,32,28.406116,10.638851,6.069398,134.547012,52.893352,0.000000
outbound_extremo,8,7,365,32,28.512316,10.598721,6.029268,135.035079,52.708927,0.000000
outbound_extremo,8,1,365,33,27.391674,8.378495,4.092878,138.222249,45.055557,0.000000
outbound_extremo,8,7,365,33,27.524614,8.364859,4.079242,138.873670,44.988742,0.000000
outbound_extremo,8,1,365,34,19.573072,7.396780,3.891040,121.246148,48.308014,0.000000
outbound_extremo,8,7,365,34,19.602538,7.384363,3.878623,121.422655,48.233632,0.000000
outbound_extremo,8,1,365,35,26.427035,10.152878,5.805038,131.642171,53.038243,0.000000
outbound_extremo,8,7,365,35,26.563055,10.125379,5.777539,132.299145,52.905423,0.000000
outbound_extremo,8,1,365,36,32.970654,12.827279,7.190858,126.841025,51.791473,0.000000
outbound_extremo,8,7,365,36,32.980992,12.827281,7.190860,126.879542,51.791478,0.000000
outbound_extremo,8,1,365,37,25.329753,8.858279,4.981112,141.194197,51.979324,0.000000
outbound_extremo,8,7,365,37,25.326699,8.579784,4.702617,141.177655,50.470904,0.000000
outbound_extremo,8,1,365,38,30.887011,9.946057,5.008453,135.364773,46.301325,0.000000
outbound_extremo,8,7,365,38,30.930009,9.946055,5.008451,135.547647,46.301316,0.000000
outbound_extremo,8,1,365,39,25.939047,8.562307,3.810805,118.641641,41.842444,0.000000
outbound_extremo,8,7,365,39,25.997348,8.546611,3.795109,118.899311,41.773072,0.000000
outbound_extremo,8,1,365,40,32.512680,13.421498,7.460459,118.538133,51.282272,0.000000
outbound_extremo,8,7,365,40,32.878720,13.391341,7.430302,119.827647,51.176032,0.000000
outbound_extremo,8,1,365,41,33.619468,10.851729,5.541690,136.957371,46.916129,0.000000
outbound_extremo,8,7,365,41,33.701632,10.834438,5.524399,137.282311,46.847744,0.000000
outbound_extremo,8,1,365,42,23.166730,8.231333,4.267037,126.720738,47.603706,0.000000
outbound_extremo,8,7,365,42,23.150661,8.188194,4.223898,126.635616,47.375187,0.000000
outbound_extremo,8,1,365,43,29.189749,12.074238,7.000596,124.817497,53.975738,0.000000
outbound_extremo,8,7,365,43,29.624374,12.060030,6.986388,126.616427,53.916931,0.000000
outbound_extremo,8,1,365,44,26.958111,10.385287,5.585107,121.937313,49.433928,0.000000
outbound_extremo,8,7,365,44,26.958111,10.385287,5.585107,121.937313,49.433928,0.000000
outbound_extremo,8,1,365,45,29.585696,9.129698,4.378217,134.759150,44.350296,0.000000
outbound_extremo,8,7,365,45,29.656723,9.129679,4.378198,135.073066,44.350209,0.000000
outbound_extremo,8,1,365,46,28.462387,9.924952,5.286745,132.866635,48.936328,0.000000
outbound_extremo,8,7,365,46,28.472610,9.905032,5.266825,132.912920,48.846137,0.000000
outbound_extremo,8,1,365,47,31.211579,11.981149,6.669241,127.391286,51.366056,0.000000
outbound_extremo,8,7,365,47,32.170752,11.963869,6.651961,131.183263,51.297740,0.000000
outbound_extremo,8,1,365,48,26.722125,8.098760,3.685064,131.141657,42.533231,0.000000
outbound_extremo,8,7,365,48,26.825494,8.098761,3.685065,131.633479,42.533232,0.000000
outbound_extremo,8,1,365,49,32.619389,10.698085,5.821486,144.468218,50.068948,0.000000
outbound_extremo,8,7,365,49,32.769148,10.648199,5.771600,145.113122,49.854123,0.000000
outbound_extremo,8,1,365,50,29.527140,10.248521,5.158982,125.832241,46.286531,0.000000
outbound_extremo,8,7,365,50,29.784651,10.195146,5.105607,126.894759,46.066300,0.000000
outbound_extremo,8,1,365,51,30.072084,11.131669,5.792209,122.272965,47.780653,0.000000
outbound_extremo,8,7,365,51,30.090475,11.096135,5.756675,122.345296,47.640900,0.000000
outbound_extremo,8,1,365,52,28.606575,10.229578,5.409091,128.621864,48.564200,0.000000
outbound_extremo,8,7,365,52,28.848450,10.201087,5.380600,129.675570,48.440078,0.000000
outbound_extremo,8,1,365,53,22.338154,9.224310,5.298486,123.491152,53.342637,0.000000
outbound_extremo,8,7,365,53,22.641471,9.130394,5.204570,125.113654,52.840263,0.000000
outbound_extremo,8,1,365,54,24.538812,8.978908,4.956799,132.120608,50.880147,0.000000
outbound_extremo,8,7,365,54,24.632892,8.968278,4.946169,132.611813,50.824646,0.000000
outbound_extremo,8,1,365,55,25.828393,9.149781,4.784385,128.249038,48.015572,0.000000
outbound_extremo,8,7,365,55,25.843524,9.149780,4.784384,128.321826,48.015567,0.000000
outbound_extremo,8,1,365,56,32.995961,11.670620,5.689106,119.842775,44.973409,0.000000
outbound_extremo,8,7,365,56,33.252784,11.764618,5.777497,120.635101,45.264737,0.000000
outbound_extremo,8,1,365,57,26.475211,9.818703,5.624373,136.555004,53.159883,0.000000
outbound_extremo,8,7,365,57,26.512550,9.818706,5.624376,136.741952,53.159894,0.000000
outbound_extremo,8,1,365,58,25.767696,9.864027,5.569212,129.994162,52.231313,0.000000
outbound_extremo,8,7,365,58,25.976779,9.864026,5.569211,131.016498,52.231309,0.000000
outbound_extremo,8,1,365,59,26.625229,7.588849,2.950222,124.537782,38.356251,0.000000
outbound_extremo,8,7,365,59,26.631296,7.553200,2.914573,124.565248,38.194860,0.000000
outbound_extremo,8,1,365,60,30.573160,11.331542,5.892773,122.048102,47.752985,0.000000
outbound_extremo,8,7,365,60,30.711514,11.264796,5.826027,122.582310,47.495270,0.000000
outbound_extremo,8,1,365,61,30.273610,12.662293,7.473508,126.523059,55.246708,0.000000
outbound_extremo,8,7,365,61,30.810685,12.664277,7.475492,128.696704,55.254737,0.000000
outbound_extremo,8,1,365,62,28.707329,10.784769,5.521497,118.539759,47.030296,0.000000
outbound_extremo,8,7,365,62,28.817885,10.784768,5.521496,118.980868,47.030292,0.000000
outbound_extremo,8,1,365,63,28.045568,11.549834,6.609794,123.221085,53.098088,0.000000
outbound_extremo,8,7,365,63,28.419556,11.402092,6.462052,124.810900,52.470039,0.000000
outbound_extremo,8,1,365,64,21.771857,8.459406,4.423458,117.284164,48.016309,0.000000
outbound_extremo,8,7,365,64,21.771857,8.414344,4.378396,117.284164,47.781838,0.000000
outbound_extremo,8,1,365,65,20.467161,8.197912,4.820944,131.277007,54.979502,0.000000
outbound_extremo,8,7,365,65,20.511747,8.203584,4.826616,131.554270,55.014774,0.000000
outbound_extremo,8,1,365,66,24.769455,10.070584,5.559742,119.312963,50.883100,0.000000
outbound_extremo,8,7,365,66,24.831339,9.998030,5.487188,119.601061,50.545329,0.000000
outbound_extremo,8,1,365,67,42.351016,16.723012,9.292183,123.686691,51.260307,0.000000
outbound_extremo,8,7,365,67,42.617969,16.644369,9.213540,124.441118,51.038056,0.000000
outbound_extremo,8,1,365,68,32.028652,12.357501,6.765873,124.287274,50.410014,0.000000
outbound_extremo,8,7,365,68,32.536232,12.326463,6.731832,126.127960,50.268596,0.000000
outbound_extremo,8,1,365,69,28.831494,9.814121,4.141853,110.740615,40.334064,0.000000
outbound_extremo,8,7,365,69,28.927177,9.792928,4.120660,111.094855,40.255602,0.000000
outbound_extremo,8,1,365,70,23.954993,8.441211,4.402302,128.552163,47.889433,0.000000
outbound_extremo,8,7,365,70,24.009567,8.377103,4.338194,128.835917,47.556111,0.000000
outbound_extremo,8,1,365,71,22.371563,8.616431,5.054579,135.898468,54.800831,0.000000
outbound_extremo,8,7,365,71,22.383817,8.576421,5.014569,135.970716,54.564941,0.000000
outbound_extremo,8,1,365,72,29.766918,9.938283,4.925247,128.695948,45.632245,0.000000
outbound_extremo,8,7,365,72,29.784171,9.938286,4.925250,128.768222,45.632257,0.000000
outbound_extremo,8,1,365,73,24.404184,8.417194,4.319275,129.060516,47.134349,0.000000
outbound_extremo,8,7,365,73,24.441282,8.373398,4.275479,129.250626,46.909914,0.000000
outbound_extremo,8,1,365,74,25.156940,8.962533,4.465740,121.482779,45.854981,0.000000
outbound_extremo,8,7,365,74,25.156940,8.904205,4.407412,121.482779,45.582592,0.000000
outbound_extremo,8,1,365,75,25.084248,8.687178,4.691340,135.829471,49.655191,0.000000
outbound_extremo,8,7,365,75,25.188348,8.634805,4.638967,136.376565,49.379942,0.000000
outbound_extremo,8,1,365,76,31.116843,12.343715,6.980546,125.840968,52.332995,0.000000
outbound_extremo,8,7,365,76,32.529045,12.256103,6.892934,131.370580,51.989940,0.000000
outbound_extremo,8,1,365,77,24.619469,8.420797,4.583719,138.740250,50.086303,0.000000
outbound_extremo,8,7,365,77,24.650729,8.430938,4.593860,138.911333,50.141802,0.000000
outbound_extremo,8,1,365,78,24.606104,9.502068,4.845696,114.972273,46.853840,0.000000
outbound_extremo,8,7,365,78,24.606104,9.458031,4.801659,114.972273,46.655235,0.000000
outbound_extremo,8,1,365,79,27.240852,9.725015,4.905725,122.701695,46.376638,0.000000
outbound_extremo,8,7,365,79,27.253816,9.710823,4.891533,122.758186,46.314796,0.000000
outbound_extremo,8,1,365,80,32.901025,12.427697,7.287632,138.418830,54.773994,0.000000
outbound_extremo,8,7,365,80,32.901025,12.427697,7.287632,138.418830,54.773994,0.000000
outbound_extremo,8,1,365,81,20.628115,6.904454,3.835577,145.156004,51.246444,0.000000
outbound_extremo,8,7,365,81,20.647024,6.904455,3.835578,145.285397,51.246457,0.000000
outbound_extremo,8,1,365,82,35.827359,12.735684,6.791886,130.581445,48.996374,0.000000
outbound_extremo,8,7,365,82,36.168324,12.661156,6.717358,131.786106,48.733061,0.000000
outbound_extremo,8,1,365,83,35.418627,14.624874,8.448774,124.430558,53.727555,0.000000
outbound_extremo,8,7,365,83,35.815515,14.627861,8.451761,125.780058,53.737711,0.000000
outbound_extremo,8,1,365,84,30.015546,10.593871,5.833423,136.409064,50.733270,0.000000
outbound_extremo,8,7,365,84,30.015546,10.499959,5.739511,136.409064,50.318991,0.000000
outbound_extremo,8,1,365,85,26.513594,10.236237,5.431038,119.871470,48.735082,0.000000
outbound_extremo,8,7,365,85,26.551723,10.189420,5.384221,120.038104,48.530481,0.000000
outbound_extremo,8,1,365,86,30.128517,10.600011,5.749704,134.445116,49.894048,0.000000
outbound_extremo,8,7,365,86,30.128517,10.600011,5.749704,134.445116,49.894048,0.000000
outbound_extremo,8,1,365,87,27.303870,13.112631,8.320095,123.640472,61.457107,0.000000
outbound_extremo,8,7,365,87,27.339366,13.041725,8.249189,123.796009,61.146408,0.000000
outbound_extremo,8,1,365,88,32.534841,14.005929,8.433978,126.619826,56.786629,0.000000
outbound_extremo,8,7,365,88,32.812175,13.974853,8.402902,127.665064,56.669507,0.000000
outbound_extremo,8,1,365,89,19.249474,5.960533,3.052285,142.997415,47.040065,0.000000
outbound_extremo,8,7,365,89,19.304363,5.960531,3.052283,143.393760,47.040057,0.000000
outbound_extremo,8,1,365,90,23.498394,8.529130,4.706227,133.081558,50.852281,0.000000
outbound_extremo,8,7,365,90,23.708674,8.429829,4.606926,134.236669,50.306801,0.000000
outbound_extremo,8,1,365,91,23.787866,9.065911,4.631740,116.658079,46.935675,0.000000
outbound_extremo,8,7,365,91,23.823671,9.065927,4.631756,116.827649,46.935752,0.000000
outbound_extremo,8,1,365,92,23.738954,6.857875,3.607600,157.377186,48.308672,0.000000
outbound_extremo,8,7,365,92,23.747145,6.857876,3.607601,157.430108,48.308681,0.000000
outbound_extremo,8,1,365,93,24.127979,9.432185,5.354384,128.255097,52.574190,0.000000
outbound_extremo,8,7,365,93,24.195583,9.364028,5.284064,128.537188,52.197627,0.000000
outbound_extremo,8,1,365,94,31.322355,10.158754,5.081647,133.555957,46.018779,0.000000
outbound_extremo,8,7,365,94,31.311740,10.064631,4.987524,133.512051,45.629467,0.000000
outbound_extremo,8,1,365,95,32.085552,11.391562,5.609989,120.542088,45.376767,0.000000
outbound_extremo,8,7,365,95,32.265406,11.375222,5.593649,121.195359,45.317416,0.000000
outbound_extremo,8,1,365,96,29.224615,7.914025,3.718456,150.277398,43.611915,0.000000
outbound_extremo,8,7,365,96,29.278377,7.948481,3.752912,150.546492,43.784376,0.000000
outbound_extremo,8,1,365,97,27.311383,8.255759,3.777488,132.071535,42.713811,0.000000
outbound_extremo,8,7,365,97,27.399217,8.352627,3.874356,132.483416,43.168058,0.000000
outbound_extremo,8,1,365,98,23.392452,8.233768,4.961044,154.101717,56.833397,0.000000
outbound_extremo,8,7,365,98,23.432809,8.166666,4.893942,154.360675,56.402824,0.000000
outbound_extremo,8,1,365,99,21.842668,6.908470,3.293572,130.890448,44.133323,0.000000
outbound_extremo,8,7,365,99,21.821647,6.884889,3.269991,130.768331,43.996334,0.000000
outbound_extremo,8,1,365,100,32.747279,12.172850,6.604154,127.492620,49.904796,0.000000
outbound_extremo,8,7,365,100,32.763154,12.172851,6.604155,127.552486,49.904797,0.000000
outbound_extremo,8,1,365,101,27.019374,9.128546,4.867667,137.166620,48.990590,0.000000
outbound_extremo,8,7,365,101,27.036796,9.126386,4.865507,137.252485,48.979946,0.000000
outbound_extremo,8,1,365,102,23.150306,8.010176,3.961313,124.072333,45.545910,0.000000
outbound_extremo,8,7,365,102,23.159597,7.738005,3.689142,124.120522,44.134258,0.000000
outbound_extremo,8,1,365,103,29.608779,11.711919,6.640482,126.605163,52.497162,0.000000
outbound_extremo,8,7,365,103,30.266360,11.594483,6.523046,129.328099,52.010877,0.000000
outbound_extremo,8,1,365,104,29.178649,11.142978,5.729871,117.197768,47.228876,0.000000
outbound_extremo,8,7,365,104,29.289444,11.130012,5.716905,117.627594,47.178574,0.000000
outbound_extremo,8,1,365,105,22.873987,7.900166,3.620555,116.242381,42.766022,0.000000
outbound_extremo,8,7,365,105,22.884786,7.880680,3.601069,116.295371,42.670400,0.000000
outbound_extremo,8,1,365,106,26.798672,9.851819,5.662424,138.332550,53.383791,0.000000
outbound_extremo,8,7,365,106,26.798672,9.836199,5.646804,138.332550,53.305491,0.000000
outbound_extremo,8,1,365,107,31.120579,10.819487,5.437796,125.436210,46.218930,0.000000
outbound_extremo,8,7,365,107,33.020117,10.756727,5.375036,132.848434,45.974030,0.000000
outbound_extremo,8,1,365,108,33.019716,11.906268,6.043341,122.270965,46.646213,0.000000
outbound_extremo,8,7,365,108,33.084857,11.888268,6.025341,122.504289,46.581739,0.000000
outbound_extremo,8,1,365,109,36.980924,13.754008,7.245982,123.329487,48.381225,0.000000
outbound_extremo,8,7,365,109,37.204505,13.550490,7.029948,123.820500,47.640588,0.000000
outbound_extremo,8,1,365,110,27.647370,10.184779,5.559592,129.528929,50.242534,0.000000
outbound_extremo,8,7,365,110,28.153498,9.995166,5.369979,131.826931,49.381621,0.000000
outbound_extremo,8,1,365,111,23.267762,8.637934,4.856569,133.218682,51.971197,0.000000
outbound_extremo,8,7,365,111,23.341753,8.620579,4.839214,133.629595,51.874820,0.000000
outbound_extremo,8,1,365,112,20.825527,8.182636,4.244527,115.052301,47.633977,0.000000
outbound_extremo,8,7,365,112,20.837525,8.128154,4.190045,115.116281,47.343449,0.000000
outbound_extremo,8,1,365,113,27.595873,9.821766,4.934604,122.578703,46.203855,0.000000
outbound_extremo,8,7,365,113,28.097077,9.740209,4.853047,124.732363,45.853408,0.000000
outbound_extremo,8,1,365,114,22.456416,7.719910,3.838459,125.497022,45.767400,0.000000
outbound_extremo,8,7,365,114,22.490617,7.719910,3.838459,125.682061,45.767398,0.000000
outbound_extremo,8,1,365,115,33.216453,12.540525,6.680622,123.037041,48.941194,0.000000
outbound_extremo,8,7,365,115,33.888418,12.506892,6.646989,125.445146,48.820661,0.000000
outbound_extremo,8,1,365,116,27.654720,9.439452,4.813068,129.529813,46.847391,0.000000
outbound_extremo,8,7,365,116,27.654720,9.426155,4.799771,129.529813,46.787036,0.000000
outbound_extremo,8,1,365,117,21.830599,7.832052,4.173201,129.296870,48.952117,0.000000
outbound_extremo,8,7,365,117,21.895464,7.791720,4.126695,129.457465,48.645296,0.000000
outbound_extremo,8,1,365,118,28.206989,10.886496,5.919324,123.252317,50.025468,0.000000
outbound_extremo,8,7,365,118,28.350330,10.748144,5.780972,123.858328,49.440551,0.000000
outbound_extremo,8,1,365,119,27.249360,11.119822,6.151600,119.179346,51.001980,0.000000
outbound_extremo,8,7,365,119,27.693854,10.928946,5.960724,121.058162,50.195173,0.000000
outbound_extremo,8,1,365,120,26.006475,8.941568,4.634846,130.810130,47.599964,0.000000
outbound_extremo,8,7,365,120,26.753542,8.935280,4.628558,134.452902,47.569305,0.000000
outbound_extremo,8,1,365,121,32.487274,12.900589,7.771402,137.009920,56.817801,0.000000
outbound_extremo,8,7,365,121,32.748752,12.916058,7.780571,137.915983,56.816259,0.000000
outbound_extremo,8,1,365,122,26.550374,11.285214,7.024755,134.868025,59.625341,0.000000
outbound_extremo,8,7,365,122,26.569093,11.074022,6.811967,134.911251,58.563926,0.000000
outbound_extremo,8,1,365,123,35.062072,12.311893,6.746032,136.289238,50.452787,0.000000
outbound_extremo,8,7,365,123,35.633041,12.333621,6.704592,136.934803,50.012562,0.000000
outbound_extremo,8,1,365,124,24.454298,9.411307,5.012983,120.758169,48.934719,0.000000
outbound_extremo,8,7,365,124,24.711564,9.332609,4.934285,121.986498,48.558971,0.000000
outbound_extremo,8,1,365,125,30.808969,11.443292,6.130061,125.769287,49.228437,0.000000
outbound_extremo,8,7,365,125,30.883703,11.361380,6.048149,126.064665,48.904688,0.000000
outbound_extremo,8,1,365,126,22.143355,7.738695,4.186062,134.891779,49.744265,0.000000
outbound_extremo,8,7,365,126,22.364184,7.449971,3.897338,136.197124,48.037589,0.000000
outbound_extremo,8,1,365,127,27.288267,10.259738,5.728589,130.469822,51.549639,0.000000
outbound_extremo,8,7,365,127,27.502661,10.308541,5.777392,131.463449,51.775822,0.000000
outbound_extremo,8,1,365,128,25.686056,8.896641,4.440672,125.052722,45.927908,0.000000
outbound_extremo,8,7,365,128,25.704685,8.497119,4.041150,125.140516,44.045050,0.000000
outbound_extremo,8,1,365,129,29.312523,10.545911,4.986581,114.726110,43.836479,0.000000
outbound_extremo,8,7,365,129,29.842426,10.421412,4.862082,116.727783,43.366191,0.000000
outbound_extremo,8,1,365,130,32.432873,11.520863,5.845907,124.016848,46.632599,0.000000
outbound_extremo,8,7,365,130,32.434882,11.501768,5.826812,124.024282,46.561938,0.000000
outbound_extremo,8,1,365,131,22.876462,9.569419,5.502055,122.112296,53.407380,0.000000
outbound_extremo,8,7,365,131,22.886495,9.557592,5.490228,122.164097,53.346315,0.000000
outbound_extremo,8,1,365,132,24.466500,9.146078,4.525070,115.187105,45.564013,0.000000
outbound_extremo,8,7,365,132,25.909783,9.091271,4.470263,121.746051,45.314943,0.000000
outbound_extremo,8,1,365,133,37.321201,12.390756,5.857719,123.966445,43.829236,0.000000
outbound_extremo,8,7,365,133,37.730419,12.342696,5.809659,125.281848,43.674751,0.000000
outbound_extremo,8,1,365,134,30.299424,11.697540,6.511989,126.704010,51.371697,0.000000
outbound_extremo,8,7,365,134,30.363856,11.579992,6.394441,126.964942,50.895658,0.000000
outbound_extremo,8,1,365,135,32.125711,13.182996,7.690341,126.825834,54.402387,0.000000
outbound_extremo,8,7,365,135,32.329136,12.994468,7.501813,127.603586,53.681590,0.000000
outbound_extremo,8,1,365,136,29.971173,10.118806,5.286349,134.243194,47.972442,0.000000
outbound_extremo,8,7,365,136,30.048969,10.134275,5.296421,134.435592,47.990533,0.000000
outbound_extremo,8,1,365,137,21.975531,9.013571,5.328302,129.224550,55.362597,0.000000
outbound_extremo,8,7,365,137,22.244771,8.961987,5.276718,130.758777,55.068656,0.000000
outbound_extremo,8,1,365,138,34.303532,11.264610,6.162135,145.181323,50.361189,0.000000
outbound_extremo,8,7,365,138,34.426149,11.123295,6.020820,145.685972,49.779586,0.000000
outbound_extremo,8,1,365,139,24.591660,8.456748,4.516413,135.061156,49.070205,0.000000
outbound_extremo,8,7,365,139,24.707686,8.303710,4.363375,135.679516,48.254590,0.000000
outbound_extremo,8,1,365,140,27.607904,10.227359,5.537156,127.612130,49.792163,0.000000
outbound_extremo,8,7,365,140,27.768631,9.944969,5.254766,128.331772,48.527784,0.000000
outbound_extremo,8,1,365,141,23.948292,8.941774,4.552522,118.578551,46.781153,0.000000
outbound_extremo,8,7,365,141,24.306590,8.855230,4.465978,120.292797,46.367090,0.000000
outbound_extremo,8,1,365,142,33.586072,14.455988,8.969759,132.559619,59.334139,0.000000
outbound_extremo,8,7,365,142,33.695871,14.309254,8.823025,132.979904,58.772473,0.000000
outbound_extremo,8,1,365,143,30.937984,12.562459,7.043617,121.723549,51.801993,0.000000
outbound_extremo,8,7,365,143,30.960448,12.524642,7.005800,121.809027,51.658092,0.000000
outbound_extremo,8,1,365,144,22.630784,8.870669,5.557499,147.441618,60.225323,0.000000
outbound_extremo,8,7,365,144,22.671726,8.846481,5.533311,147.701122,60.072008,0.000000
outbound_extremo,8,1,365,145,28.102479,10.464685,5.660935,126.852367,49.747259,0.000000
outbound_extremo,8,7,365,145,28.860007,10.313848,5.510098,130.163965,49.087859,0.000000
outbound_extremo,8,1,365,146,30.304663,11.341403,6.151862,126.630869,49.894129,0.000000
outbound_extremo,8,7,365,146,30.694226,11.296735,6.107194,128.207275,49.713374,0.000000
outbound_extremo,8,1,365,147,34.002193,12.484317,7.700937,153.276464,58.808663,0.000000
outbound_extremo,8,7,365,147,34.090789,12.468351,7.684971,153.665418,58.738568,0.000000
outbound_extremo,8,1,365,148,31.229990,11.446118,5.562989,115.476357,44.857252,0.000000
outbound_extremo,8,7,365,148,31.852060,11.487196,5.546548,116.596010,44.606870,0.000000
outbound_extremo,8,1,365,149,22.745356,9.629182,5.581558,122.008114,53.958401,0.000000
outbound_extremo,8,7,365,149,23.598637,9.616617,5.568993,126.435132,53.893209,0.000000
outbound_extremo,8,1,365,150,26.298090,10.756001,6.395246,130.643182,55.797458,0.000000
outbound_extremo,8,7,365,150,26.610690,10.661799,6.301044,132.148564,55.343810,0.000000
outbound_extremo,8,1,365,151,20.645091,7.671396,3.988332,121.713651,47.740570,0.000000
outbound_extremo,8,7,365,151,20.645091,7.575731,3.892667,121.713651,47.195107,0.000000
outbound_extremo,8,1,365,152,24.942766,9.277815,5.244051,133.853429,52.300822,0.000000
outbound_extremo,8,7,365,152,24.942766,9.260137,5.226373,133.853429,52.208787,0.000000
outbound_extremo,8,1,365,153,29.928719,9.183449,4.244585,131.256612,43.047931,0.000000
outbound_extremo,8,7,365,153,30.001184,9.212729,4.273865,131.564732,43.172433,0.000000
outbound_extremo,8,1,365,154,29.854385,10.517783,5.390234,126.269350,47.075834,0.000000
outbound_extremo,8,7,365,154,29.893126,10.520653,5.393104,126.428015,47.087588,0.000000
outbound_extremo,8,1,365,155,26.935090,9.143644,4.960192,139.208170,49.899063,0.000000
outbound_extremo,8,7,365,155,26.974377,9.076735,4.893283,139.405382,49.563192,0.000000
outbound_extremo,8,1,365,156,31.883342,12.125555,6.243056,117.820705,47.287158,0.000000
outbound_extremo,8,7,365,156,31.956886,12.098212,6.211261,117.996975,47.156883,0.000000
outbound_extremo,8,1,365,157,30.118007,11.337314,5.990021,122.280062,48.524135,0.000000
outbound_extremo,8,7,365,157,30.121036,11.154341,5.807048,122.291957,47.805558,0.000000
outbound_extremo,8,1,365,158,29.305233,10.696238,5.228552,116.553993,45.081548,0.000000
outbound_extremo,8,7,365,158,29.332264,10.696238,5.228552,116.657812,45.081546,0.000000
outbound_extremo,8,1,365,159,30.670785,10.278156,5.257413,132.285093,46.989906,0.000000
outbound_extremo,8,7,365,159,30.998770,10.316113,5.295370,133.656939,47.148668,0.000000
outbound_extremo,8,1,365,160,26.261396,10.044873,5.590038,127.795677,51.351325,0.000000
outbound_extremo,8,7,365,160,26.592115,9.968841,5.514006,129.354680,50.992911,0.000000
outbound_extremo,8,1,365,161,28.795620,10.747769,5.917748,129.197803,50.729227,0.000000
outbound_extremo,8,7,365,161,29.083846,10.810507,5.980486,130.450955,51.001998,0.000000
outbound_extremo,8,1,365,162,25.908528,8.255352,4.147500,136.448561,46.202685,0.000000
outbound_extremo,8,7,365,162,26.403917,8.196830,4.088978,138.981070,45.903513,0.000000
outbound_extremo,8,1,365,163,28.453337,9.380780,4.634822,129.900835,45.508243,0.000000
outbound_extremo,8,7,365,163,28.481821,9.380781,4.634823,130.026872,45.508250,0.000000
outbound_extremo,8,1,365,164,30.295489,10.042632,5.448651,142.486700,49.906866,0.000000
outbound_extremo,8,7,365,164,30.803727,9.688301,5.094320,144.809957,48.287148,0.000000
outbound_extremo,8,1,365,165,24.684485,8.244026,4.119626,129.684751,45.975693,0.000000
outbound_extremo,8,7,365,165,24.787627,8.186386,4.061986,130.209913,45.682208,0.000000
outbound_extremo,8,1,365,166,31.695547,10.313307,5.296239,136.668420,47.168529,0.000000
outbound_extremo,8,7,365,166,31.695547,10.295279,5.278211,136.668420,47.093067,0.000000
outbound_extremo,8,1,365,167,32.386566,11.403809,5.772722,124.779147,46.528197,0.000000
outbound_extremo,8,7,365,167,32.949921,11.355896,5.721365,126.804958,46.323630,0.000000
outbound_extremo,8,1,365,168,26.521896,12.242256,8.462487,151.352872,72.016688,0.000000
outbound_extremo,8,7,365,168,26.670936,12.060351,8.280582,152.180922,71.006046,0.000000
outbound_extremo,8,1,365,169,28.156448,11.562558,7.063833,135.433997,57.973895,0.000000
outbound_extremo,8,7,365,169,28.547299,11.568599,7.069874,137.258485,58.002096,0.000000
outbound_extremo,8,1,365,170,32.022463,11.792272,6.365830,127.924981,49.635374,0.000000
outbound_extremo,8,7,365,170,32.330835,11.772305,6.345863,129.118362,49.558102,0.000000
outbound_extremo,8,1,365,171,29.559009,11.359533,6.324762,127.290451,51.380544,0.000000
outbound_extremo,8,7,365,171,29.559009,11.359533,6.324762,127.290451,51.380544,0.000000
outbound_extremo,8,1,365,172,32.723422,11.736723,6.384810,132.401165,50.052911,0.000000
outbound_extremo,8,7,365,172,32.756697,11.703977,6.352064,132.531730,49.924422,0.000000
outbound_extremo,8,1,365,173,33.437041,12.274887,7.082196,139.224272,53.641432,0.000000
outbound_extremo,8,7,365,173,34.212580,11.942531,6.749840,142.360665,52.297336,0.000000
outbound_extremo,8,1,365,174,21.184239,8.021901,4.228209,121.265455,48.405271,0.000000
outbound_extremo,8,7,365,174,21.267177,7.974621,4.180929,121.724559,48.143551,0.000000
outbound_extremo,8,1,365,175,29.526516,9.769124,4.682210,125.892534,44.329284,0.000000
outbound_extremo,8,7,365,175,29.548475,9.742860,4.655946,125.983186,44.220862,0.000000
outbound_extremo,8,1,365,176,31.288307,10.705124,5.268749,124.862606,45.352484,0.000000
outbound_extremo,8,7,365,176,31.799534,10.737990,5.301615,126.837408,45.479440,0.000000
outbound_extremo,8,1,365,177,31.967246,12.968950,6.940459,115.356584,49.176803,0.000000
outbound_extremo,8,7,365,177,32.226511,12.997533,6.969042,116.259723,49.276371,0.000000
outbound_extremo,8,1,365,178,29.180426,12.854739,8.146518,134.152970,61.335780,0.000000
outbound_extremo,8,7,365,178,29.612817,12.803830,8.095609,136.081556,61.108710,0.000000
outbound_extremo,8,1,365,179,24.927049,9.148968,4.543605,117.664879,45.718390,0.000000
outbound_extremo,8,7,365,179,24.971376,9.102493,4.497130,117.867006,45.506469,0.000000
outbound_extremo,8,1,365,180,25.971328,10.286617,5.809837,125.828164,52.253198,0.000000
outbound_extremo,8,7,365,180,26.101784,10.187442,5.710662,126.440116,51.787980,0.000000
outbound_extremo,8,1,365,181,27.486656,11.142634,6.549913,129.681437,54.949169,0.000000
outbound_extremo,8,7,365,181,27.855958,10.978631,6.385910,131.370053,54.199272,0.000000
outbound_extremo,8,1,365,182,30.001188,10.936833,5.378049,117.338627,45.317219,0.000000
outbound_extremo,8,7,365,182,30.405715,10.902959,5.332919,118.634727,45.106013,0.000000
outbound_extremo,8,1,365,183,23.252804,9.057366,5.053296,125.953134,51.502837,0.000000
outbound_extremo,8,7,365,183,23.270553,9.057365,5.053295,126.046221,51.502834,0.000000
outbound_extremo,8,1,365,184,18.471809,6.204797,3.048077,126.883242,45.277256,0.000000
outbound_extremo,8,7,365,184,18.759364,6.204797,3.048077,128.796195,45.277257,0.000000
outbound_extremo,8,1,365,185,27.246796,9.943246,4.941256,118.391016,45.745017,0.000000
outbound_extremo,8,7,365,185,27.258313,9.863496,4.861506,118.439368,45.410203,0.000000
outbound_extremo,8,1,365,186,30.487116,11.687097,6.439638,126.007516,50.771025,0.000000
outbound_extremo,8,7,365,186,30.567182,11.735138,6.487679,126.327935,50.963283,0.000000
outbound_extremo,8,1,365,187,27.146704,9.509784,4.957614,129.232754,47.870388,0.000000
outbound_extremo,8,7,365,187,27.143708,9.475323,4.923153,129.218933,47.711415,0.000000
outbound_extremo,8,1,365,188,34.372335,12.044566,6.607015,136.747083,50.516507,0.000000
outbound_extremo,8,7,365,188,34.833302,11.589327,6.151776,138.527353,48.758362,0.000000
outbound_extremo,8,1,365,189,25.945553,10.397311,6.447190,141.934158,59.275150,0.000000
outbound_extremo,8,7,365,189,26.126516,10.315324,6.365203,142.896210,58.839283,0.000000
outbound_extremo,8,1,365,190,32.303673,12.001736,5.877359,114.766717,45.152995,0.000000
outbound_extremo,8,7,365,190,32.659408,11.952704,5.828327,115.986504,44.984867,0.000000
outbound_extremo,8,1,365,191,19.437602,8.120667,4.956954,133.022336,57.903122,0.000000
outbound_extremo,8,7,365,191,19.542237,8.120667,4.956954,133.716879,57.903119,0.000000
outbound_extremo,8,1,365,192,29.721083,9.343661,4.368341,129.447759,43.438042,0.000000
outbound_extremo,8,7,365,192,29.733217,9.331879,4.356559,129.498974,43.388313,0.000000
outbound_extremo,8,1,365,193,28.460517,10.885035,6.454308,138.892278,55.591020,0.000000
outbound_extremo,8,7,365,193,28.586100,10.878108,6.447381,139.487494,55.558191,0.000000
outbound_extremo,8,1,365,194,18.993242,7.694384,4.412483,125.532637,53.234290,0.000000
outbound_extremo,8,7,365,194,19.687496,7.587597,4.305696,129.974981,52.550989,0.000000
outbound_extremo,8,1,365,195,21.979870,7.563869,3.886202,129.508174,47.190766,0.000000
outbound_extremo,8,7,365,195,22.013944,7.495238,3.817571,129.702741,46.798873,0.000000
outbound_extremo,8,1,365,196,30.890008,12.275124,6.683538,120.011838,50.100983,0.000000
outbound_extremo,8,7,365,196,30.984916,12.266431,6.674845,120.368278,50.068332,0.000000
outbound_extremo,8,1,365,197,23.848877,7.524480,3.726168,135.854997,45.601132,0.000000
outbound_extremo,8,7,365,197,23.925760,7.491646,3.693334,136.280065,45.419603,0.000000
outbound_extremo,8,1,365,198,23.973544,9.852637,5.787121,127.832848,54.892774,0.000000
outbound_extremo,8,7,365,198,24.490452,9.835700,5.764367,130.322139,54.732694,0.000000
outbound_extremo,8,1,365,199,23.090691,7.061812,2.900053,120.514318,39.633503,0.000000
outbound_extremo,8,7,365,199,23.127107,7.051357,2.889598,120.698071,39.580747,0.000000
outbound_extremo,8,1,365,200,23.378374,9.107833,5.204626,129.780122,53.001884,0.000000
outbound_extremo,8,7,365,200,23.405916,9.020146,5.116939,129.928304,52.530112,0.000000
outbound_extremo,8,1,365,201,33.185079,11.913325,6.273355,127.562122,48.358360,0.000000
outbound_extremo,8,7,365,201,33.218884,11.879105,6.239135,127.687992,48.230946,0.000000
outbound_extremo,8,1,365,202,26.339095,9.300261,5.077938,134.999214,50.255455,0.000000
outbound_extremo,8,7,365,202,26.556249,9.300242,5.077919,136.079244,50.255365,0.000000
outbound_extremo,8,1,365,203,35.000945,11.039389,5.199793,129.868270,43.699178,0.000000
outbound_extremo,8,7,365,203,35.032585,10.984743,5.145147,129.982052,43.502665,0.000000
outbound_extremo,8,1,365,204,25.786230,8.942662,4.829203,135.643668,49.654009,0.000000
outbound_extremo,8,7,365,204,26.177304,8.942650,4.829191,137.640176,49.653948,0.000000
outbound_extremo,8,1,365,205,23.816119,7.686577,3.409486,120.934267,41.740163,0.000000
outbound_extremo,8,7,365,205,24.207232,7.686554,3.409463,122.854584,41.740051,0.000000
outbound_extremo,8,1,365,206,32.765300,12.952902,6.761220,115.128333,47.931671,0.000000
outbound_extremo,8,7,365,206,32.850402,12.952889,6.761207,115.416969,47.931628,0.000000
outbound_extremo,8,1,365,207,24.396640,8.844448,4.963207,136.001450,51.854132,0.000000
outbound_extremo,8,7,365,207,24.463930,8.844449,4.963208,136.365532,51.854137,0.000000
outbound_extremo,8,1,365,208,21.936241,8.291948,4.535594,126.635157,50.356360,0.000000
outbound_extremo,8,7,365,208,21.987457,8.291945,4.535591,126.921481,50.356347,0.000000
outbound_extremo,8,1,365,209,30.877612,12.741243,7.279920,122.731277,52.992909,0.000000
outbound_extremo,8,7,365,209,30.981914,12.709198,7.247875,123.132341,52.869688,0.000000
outbound_extremo,8,1,365,210,25.241583,8.718393,4.516104,130.139169,47.568222,0.000000
outbound_extremo,8,7,365,210,25.241583,8.718393,4.516104,130.139169,47.568222,0.000000
outbound_extremo,8,1,365,211,26.350910,9.664195,5.475325,136.104627,52.449364,0.000000
outbound_extremo,8,7,365,211,26.435290,9.664194,5.475324,136.527648,52.449362,0.000000
outbound_extremo,8,1,365,212,18.488321,7.409988,4.491282,137.022902,57.314633,0.000000
outbound_extremo,8,7,365,212,19.007246,7.454756,4.534580,140.687709,57.609741,0.000000
outbound_extremo,8,1,365,213,28.807590,11.178953,6.156824,124.458752,50.744721,0.000000
outbound_extremo,8,7,365,213,30.074905,11.053306,6.031177,129.758021,50.219327,0.000000
outbound_extremo,8,1,365,214,28.650635,10.144571,5.184749,125.307445,46.952346,0.000000
outbound_extremo,8,7,365,214,28.966597,10.144574,5.184752,126.645235,46.952359,0.000000
outbound_extremo,8,1,365,215,31.469459,11.849418,6.839511,135.910361,53.669142,0.000000
outbound_extremo,8,7,365,215,31.469459,11.849418,6.839511,135.910361,53.669142,0.000000
outbound_extremo,8,1,365,216,27.460982,8.628623,4.028048,129.349684,43.386617,0.000000
outbound_extremo,8,7,365,216,27.862219,8.447240,3.846665,131.181189,42.558668,0.000000
outbound_extremo,8,1,365,217,22.852884,8.163768,4.416885,132.082613,49.755133,0.000000
outbound_extremo,8,7,365,217,22.967092,8.144275,4.397392,132.722710,49.645883,0.000000
outbound_extremo,8,1,365,218,29.870719,10.831870,5.990845,133.576918,50.987832,0.000000
outbound_extremo,8,7,365,218,30.054426,10.831876,5.990851,134.373825,50.987860,0.000000
outbound_extremo,8,1,365,219,29.901357,11.078320,5.458027,115.725224,45.393700,0.000000
outbound_extremo,8,7,365,219,30.080194,11.007405,5.387112,116.393442,45.128728,0.000000
outbound_extremo,8,1,365,220,24.483452,8.557861,4.571179,132.967520,49.078860,0.000000
outbound_extremo,8,7,365,220,24.525150,8.533612,4.546930,133.187166,48.951129,0.000000
outbound_extremo,8,1,365,221,31.437159,12.094982,7.196333,138.767839,55.849932,0.000000
outbound_extremo,8,7,365,221,31.929625,11.970565,7.071916,140.878989,55.316571,0.000000
outbound_extremo,8,1,365,222,29.936213,10.227973,5.262649,130.610161,47.257485,0.000000
outbound_extremo,8,7,365,222,30.187619,10.106924,5.141600,131.673441,46.745528,0.000000
outbound_extremo,8,1,365,223,29.922272,9.924665,4.751903,125.476247,44.291427,0.000000
outbound_extremo,8,7,365,223,29.922272,9.880264,4.707502,125.476247,44.111171,0.000000
outbound_extremo,8,1,365,224,26.669735,10.027041,5.336565,123.404605,48.892642,0.000000
outbound_extremo,8,7,365,224,28.585348,9.745023,5.054547,131.981106,47.630005,0.000000
outbound_extremo,8,1,365,225,25.870739,9.816777,5.731962,137.001254,54.467968,0.000000
outbound_extremo,8,7,365,225,26.397697,9.816776,5.731961,139.710341,54.467966,0.000000
outbound_extremo,8,1,365,226,31.491610,11.452145,5.688422,118.738999,45.725641,0.000000
outbound_extremo,8,7,365,226,31.522685,11.452145,5.688422,118.852221,45.725641,0.000000
outbound_extremo,8,1,365,227,34.233447,12.361418,6.808808,133.471075,50.750949,0.000000
outbound_extremo,8,7,365,227,34.830176,12.361419,6.808809,135.727907,50.750952,0.000000
outbound_extremo,8,1,365,228,27.137218,8.743723,4.083634,126.289849,43.402289,0.000000
outbound_extremo,8,7,365,228,27.739779,8.743721,4.083632,129.005200,43.402281,0.000000
outbound_extremo,8,1,365,229,27.151653,10.008514,5.471086,129.662537,50.321133,0.000000
outbound_extremo,8,7,365,229,27.394479,9.848991,5.311563,130.786377,49.582830,0.000000
outbound_extremo,8,1,365,230,25.862985,8.528549,4.250030,130.941749,45.860168,0.000000
outbound_extremo,8,7,365,230,26.179794,8.528538,4.250019,132.496724,45.860113,0.000000
outbound_extremo,8,1,365,231,25.371983,10.461330,6.414084,135.647951,58.280844,0.000000
outbound_extremo,8,7,365,231,25.493039,10.411218,6.363972,136.276076,58.020825,0.000000
outbound_extremo,8,1,365,232,27.175842,10.530311,6.053888,131.488551,53.400276,0.000000
outbound_extremo,8,7,365,232,27.298913,10.438696,5.962273,132.065907,52.970489,0.000000
outbound_extremo,8,1,365,233,25.059917,8.918597,4.665110,127.723960,48.032235,0.000000
outbound_extremo,8,7,365,233,25.059917,8.918597,4.665110,127.723960,48.032235,0.000000
outbound_extremo,8,1,365,234,26.507935,9.740029,4.935040,119.851802,46.568383,0.000000
outbound_extremo,8,7,365,234,26.508595,9.634268,4.829279,119.854687,46.106157,0.000000
outbound_extremo,8,1,365,235,28.918044,10.779773,5.894963,128.319866,50.342689,0.000000
outbound_extremo,8,7,365,235,28.972742,10.733578,5.848768,128.555015,50.144094,0.000000
outbound_extremo,8,1,365,236,34.545378,11.817793,5.955391,127.746706,46.333099,0.000000
outbound_extremo,8,7,365,236,34.994073,11.926086,6.031659,128.672938,46.488915,0.000000
outbound_extremo,8,1,365,237,31.862507,11.073019,5.823061,131.451048,48.292431,0.000000
outbound_extremo,8,7,365,237,32.605676,11.066862,5.801406,134.039867,48.137507,0.000000
outbound_extremo,8,1,365,238,32.489750,12.156573,6.626412,127.375206,50.162859,0.000000
outbound_extremo,8,7,365,238,32.562159,12.138623,6.608462,127.650168,50.094694,0.000000
outbound_extremo,8,1,365,239,22.147719,7.958417,4.241396,129.127649,48.962553,0.000000
outbound_extremo,8,7,365,239,22.290541,7.940702,4.223681,129.934548,48.862469,0.000000
outbound_extremo,8,1,365,240,24.818935,9.481374,5.179671,125.160767,50.286054,0.000000
outbound_extremo,8,7,365,240,24.988793,9.500606,5.171981,125.231258,50.091479,0.000000
outbound_extremo,8,1,365,241,30.383960,11.025675,5.958354,129.917257,49.692619,0.000000
outbound_extremo,8,7,365,241,30.383960,11.025675,5.958354,129.917257,49.692619,0.000000
outbound_extremo,8,1,365,242,25.499106,9.057461,4.811303,130.109586,48.795009,0.000000
outbound_extremo,8,7,365,242,25.499106,8.974504,4.728346,130.109586,48.384732,0.000000
outbound_extremo,8,1,365,243,22.154073,7.698277,3.703153,120.450837,44.465284,0.000000
outbound_extremo,8,7,365,243,22.210308,7.700358,3.702315,120.661193,44.446669,0.000000
outbound_extremo,8,1,365,244,25.759522,10.966097,6.616997,128.382047,56.950736,0.000000
outbound_extremo,8,7,365,244,27.742894,10.998040,6.635227,137.537874,56.938056,0.000000
outbound_extremo,8,1,365,245,27.219839,10.147891,5.254303,120.809306,47.547947,0.000000
outbound_extremo,8,7,365,245,27.302314,10.049882,5.156294,121.163234,47.127360,0.000000
outbound_extremo,8,1,365,246,19.871284,6.014931,2.866716,136.550339,44.122276,0.000000
outbound_extremo,8,7,365,246,19.871284,5.986665,2.838450,136.550339,43.933730,0.000000
outbound_extremo,8,1,365,247,27.706259,10.950097,6.418633,132.398116,54.745637,0.000000
outbound_extremo,8,7,365,247,27.744624,10.930285,6.398821,132.575909,54.653823,0.000000
outbound_extremo,8,1,365,248,25.492285,9.225079,5.207926,137.263031,52.224863,0.000000
outbound_extremo,8,7,365,248,25.654630,9.225081,5.207928,138.111703,52.224876,0.000000
outbound_extremo,8,1,365,249,28.132813,9.854646,4.764750,120.070952,44.658505,0.000000
outbound_extremo,8,7,365,249,28.174794,9.831912,4.742016,120.244158,44.564708,0.000000
outbound_extremo,8,1,365,250,29.386650,10.047022,5.365114,135.809435,49.064420,0.000000
outbound_extremo,8,7,365,250,30.082993,9.983931,5.302023,138.932778,48.781433,0.000000
outbound_extremo,8,1,365,251,26.443814,9.437999,4.877114,125.757092,47.456036,0.000000
outbound_extremo,8,7,365,251,26.513420,9.336057,4.775172,126.077584,46.986655,0.000000
outbound_extremo,8,1,365,252,21.423279,7.478688,4.035045,134.643292,49.606482,0.000000
outbound_extremo,8,7,365,252,22.685807,7.472883,4.029240,142.342432,49.571081,0.000000
outbound_extremo,8,1,365,253,28.761634,10.023821,5.354807,133.362284,49.084518,0.000000
outbound_extremo,8,7,365,253,28.778876,10.023808,5.354794,133.439834,49.084457,0.000000
outbound_extremo,8,1,365,254,34.861438,13.106026,7.359502,131.397049,51.894438,0.000000
outbound_extremo,8,7,365,254,34.885526,12.885211,7.138687,131.485075,51.087498,0.000000
outbound_extremo,8,1,365,255,29.502965,10.782086,6.254276,140.834864,54.007357,0.000000
outbound_extremo,8,7,365,255,29.665518,10.578499,6.050689,141.588785,53.063119,0.000000
outbound_extremo,8,1,365,256,26.185554,9.782142,5.503014,132.506704,52.006270,0.000000
outbound_extremo,8,7,365,256,26.185554,9.782142,5.503014,132.506704,52.006270,0.000000
outbound_extremo,8,1,365,257,27.678917,9.367310,4.441487,122.002059,43.935155,0.000000
outbound_extremo,8,7,365,257,27.702097,9.308849,4.383026,122.100881,43.685921,0.000000
outbound_extremo,8,1,365,258,22.515310,7.888244,4.476290,142.577926,52.550808,0.000000
outbound_extremo,8,7,365,258,22.550824,7.862718,4.450764,142.796509,52.393697,0.000000
outbound_extremo,8,1,365,259,22.660782,7.658573,3.876893,129.837306,46.528725,0.000000
outbound_extremo,8,7,365,259,22.817116,7.646230,3.864550,130.705442,46.460187,0.000000
outbound_extremo,8,1,365,260,31.422590,11.995455,6.338832,120.655183,48.532675,0.000000
outbound_extremo,8,7,365,260,31.460700,11.947154,6.290531,120.796665,48.353361,0.000000
outbound_extremo,8,1,365,261,27.614641,7.840704,3.051612,125.089230,38.381212,0.000000
outbound_extremo,8,7,365,261,27.772590,7.768910,2.979818,125.781830,38.066396,0.000000
outbound_extremo,8,1,365,262,28.830196,11.300594,6.376094,126.943267,52.190166,0.000000
outbound_extremo,8,7,365,262,28.837099,11.300596,6.376096,126.972704,52.190174,0.000000
outbound_extremo,8,1,365,263,23.016206,8.831443,5.048650,131.773401,53.027345,0.000000
outbound_extremo,8,7,365,263,23.016206,8.831443,5.048650,131.773401,53.027345,0.000000
outbound_extremo,8,1,365,264,31.554807,9.897335,4.275530,121.871564,40.971050,0.000000
outbound_extremo,8,7,365,264,31.729946,9.738676,4.116871,122.525788,40.378388,0.000000
outbound_extremo,8,1,365,265,28.317948,10.354344,5.548956,127.752111,49.249464,0.000000
outbound_extremo,8,7,365,265,28.481067,10.332695,5.527307,128.464956,49.154856,0.000000
outbound_extremo,8,1,365,266,29.835112,11.105445,6.781587,148.902389,57.936636,0.000000
outbound_extremo,8,7,365,266,30.193073,11.016185,6.673931,150.019678,57.276452,0.000000
outbound_extremo,8,1,365,267,28.114552,11.049686,6.638594,137.845676,56.604525,0.000000
outbound_extremo,8,7,365,267,28.783710,10.864507,6.453415,141.031354,55.722938,0.000000
outbound_extremo,8,1,365,268,22.110481,6.350962,3.032941,143.938867,44.195705,0.000000
outbound_extremo,8,7,365,268,22.110481,6.350962,3.032941,143.938867,44.195705,0.000000
outbound_extremo,8,1,365,269,29.708651,10.516779,5.309577,123.811306,46.412865,0.000000
outbound_extremo,8,7,365,269,29.720414,10.516807,5.309605,123.858744,46.412980,0.000000
outbound_extremo,8,1,365,270,27.753997,10.503990,5.824749,128.557367,51.140935,0.000000
outbound_extremo,8,7,365,270,28.066736,10.429758,5.750517,129.960910,50.807786,0.000000
outbound_extremo,8,1,365,271,23.518375,10.341499,6.487873,132.161341,60.355101,0.000000
outbound_extremo,8,7,365,271,23.844472,10.304768,6.451142,133.938378,60.154937,0.000000
outbound_extremo,8,1,365,272,28.981197,11.197216,6.278470,127.731768,51.805179,0.000000
outbound_extremo,8,7,365,272,29.095806,11.197215,6.278469,128.221077,51.805174,0.000000
outbound_extremo,8,1,365,273,27.251905,10.242697,5.403541,122.262359,48.449204,0.000000
outbound_extremo,8,7,365,273,28.746497,10.006442,5.167286,128.748290,47.423952,0.000000
outbound_extremo,8,1,365,274,26.120541,10.009863,5.037546,114.317054,46.275488,0.000000
outbound_extremo,8,7,365,274,26.823033,9.908959,4.936642,117.283946,45.849332,0.000000
outbound_extremo,8,1,365,275,23.918508,7.926656,4.386455,145.881398,51.019868,0.000000
outbound_extremo,8,7,365,275,23.918508,7.926656,4.386455,145.881398,51.019868,0.000000
outbound_extremo,8,1,365,276,27.611559,9.684762,4.919127,125.671664,46.676369,0.000000
outbound_extremo,8,7,365,276,27.666506,9.678775,4.913140,125.913790,46.649989,0.000000
outbound_extremo,8,1,365,277,27.347765,10.549667,6.268838,138.156974,55.752361,0.000000
outbound_extremo,8,7,365,277,27.539936,10.368853,6.088024,139.099687,54.865360,0.000000
outbound_extremo,8,1,365,278,25.798564,9.031964,4.053557,112.823936,42.098780,0.000000
outbound_extremo,8,7,365,278,26.330761,9.010739,4.032332,115.068858,42.009253,0.000000
outbound_extremo,8,1,365,279,24.621571,9.325363,5.202790,129.419972,51.502525,0.000000
outbound_extremo,8,7,365,279,24.618265,9.226704,5.104131,129.403132,50.999963,0.000000
outbound_extremo,8,1,365,280,27.758688,11.751176,7.267025,133.998398,59.032647,0.000000
outbound_extremo,8,7,365,280,27.941802,11.691623,7.207472,134.855951,58.753749,0.000000
outbound_extremo,8,1,365,281,35.308053,11.490123,5.870523,135.943397,46.937680,0.000000
outbound_extremo,8,7,365,281,35.429457,11.490158,5.870558,136.397074,46.937810,0.000000
outbound_extremo,8,1,365,282,25.695389,10.240337,6.371360,143.469211,59.582411,0.000000
outbound_extremo,8,7,365,282,25.782870,10.217586,6.348609,143.944039,59.458925,0.000000
outbound_extremo,8,1,365,283,42.240302,14.869558,7.873135,130.785693,48.631480,0.000000
outbound_extremo,8,7,365,283,42.514917,14.779812,7.783389,131.609960,48.362105,0.000000
outbound_extremo,8,1,365,284,31.885701,13.189915,7.922695,131.125831,56.587176,0.000000
outbound_extremo,8,7,365,284,32.714685,12.827203,7.559983,134.430927,55.141070,0.000000
outbound_extremo,8,1,365,285,29.187173,11.001231,5.476677,114.946627,45.818011,0.000000
outbound_extremo,8,7,365,285,29.187173,10.975580,5.451026,114.946627,45.720504,0.000000
outbound_extremo,8,1,365,286,30.370494,11.237140,5.746606,120.159990,46.979413,0.000000
outbound_extremo,8,7,365,286,30.424977,11.218126,5.727592,120.368375,46.906689,0.000000
outbound_extremo,8,1,365,287,27.767901,9.415728,5.105331,139.283576,49.872874,0.000000
outbound_extremo,8,7,365,287,27.767901,9.403191,5.092794,139.283576,49.811794,0.000000
outbound_extremo,8,1,365,288,30.624660,11.188324,5.408200,115.263679,44.648749,0.000000
outbound_extremo,8,7,365,288,31.204841,11.050411,5.270287,117.371558,44.147690,0.000000
outbound_extremo,8,1,365,289,28.686409,9.926648,5.422274,137.739913,50.279373,0.000000
outbound_extremo,8,7,365,289,28.830511,9.817312,5.312938,138.411736,49.769634,0.000000
outbound_extremo,8,1,365,290,26.065777,8.404941,3.893595,125.334368,43.124413,0.000000
outbound_extremo,8,7,365,290,26.200570,8.382780,3.871434,125.961820,43.021253,0.000000
outbound_extremo,8,1,365,291,25.868756,9.246445,5.089222,134.674702,50.707944,0.000000
outbound_extremo,8,7,365,291,25.888566,9.247249,5.088871,134.738448,50.699034,0.000000
outbound_extremo,8,1,365,292,25.331948,9.010250,4.806470,130.545849,49.010739,0.000000
outbound_extremo,8,7,365,292,25.331948,9.002287,4.798507,130.545849,48.970963,0.000000
outbound_extremo,8,1,365,293,23.114676,8.450378,4.442276,125.106747,48.274806,0.000000
outbound_extremo,8,7,365,293,23.505781,8.205841,4.197739,127.155898,46.993580,0.000000
outbound_extremo,8,1,365,294,29.614967,10.769950,5.895220,131.579231,50.396201,0.000000
outbound_extremo,8,7,365,294,29.614967,10.732238,5.857508,131.579231,50.233738,0.000000
outbound_extremo,8,1,365,295,26.274253,8.009579,3.809579,135.371265,44.047894,0.000000
outbound_extremo,8,7,365,295,26.295645,8.009577,3.809577,135.478225,44.047883,0.000000
outbound_extremo,8,1,365,296,23.312677,8.317304,4.253909,124.482064,46.984592,0.000000
outbound_extremo,8,7,365,296,23.332137,8.317301,4.253906,124.582635,46.984577,0.000000
outbound_extremo,8,1,365,297,23.950321,8.676086,4.620293,128.009470,48.922854,0.000000
outbound_extremo,8,7,365,297,23.993152,8.648701,4.592908,128.231240,48.781064,0.000000
outbound_extremo,8,1,365,298,24.346725,9.382410,5.436006,133.556230,53.926622,0.000000
outbound_extremo,8,7,365,298,24.659289,9.382410,5.436006,135.219477,53.926618,0.000000
outbound_extremo,8,1,365,299,22.634670,7.401351,3.497976,125.773611,43.818969,0.000000
outbound_extremo,8,7,365,299,22.634670,7.401351,3.497976,125.773611,43.818969,0.000000
outbound_extremo,8,1,365,300,26.678335,9.784802,5.922986,149.072949,57.208348,0.000000
outbound_extremo,8,7,365,300,26.736829,9.766704,5.904888,149.391031,57.109932,0.000000
outbound_extremo,12,1,365,1,27.211541,9.703466,5.159822,129.767415,48.847876,0.000000
outbound_extremo,12,7,365,1,27.211541,9.703466,5.159822,129.767415,48.847876,0.000000
outbound_extremo,12,1,365,2,21.621821,7.510683,3.862311,128.455028,47.231433,0.000000
outbound_extremo,12,7,365,2,21.658028,7.510683,3.862311,128.663436,47.231429,0.000000
outbound_extremo,12,1,365,3,26.202481,10.035731,5.801984,133.968111,53.778682,0.000000
outbound_extremo,12,7,365,3,26.217005,10.035731,5.801984,134.040152,53.778684,0.000000
outbound_extremo,12,1,365,4,20.640961,8.314089,4.970616,133.643691,56.219914,0.000000
outbound_extremo,12,7,365,4,20.640961,8.282225,4.938752,133.643691,56.019779,0.000000
outbound_extremo,12,1,365,5,27.240986,9.209499,4.853070,135.314135,48.394040,0.000000
outbound_extremo,12,7,365,5,27.244105,9.209501,4.853072,135.329170,48.394051,0.000000
outbound_extremo,12,1,365,6,29.440283,10.837274,5.814557,127.089942,49.310688,0.000000
outbound_extremo,12,7,365,6,29.478757,10.780887,5.758170,127.250802,49.074933,0.000000
outbound_extremo,12,1,365,7,21.189414,6.466308,2.732487,123.174887,40.368234,0.000000
outbound_extremo,12,7,365,7,21.245991,6.431986,2.698165,123.493091,40.175198,0.000000
outbound_extremo,12,1,365,8,21.285746,7.426390,3.851161,129.027143,47.620754,0.000000
outbound_extremo,12,7,365,8,21.312559,7.420685,3.845456,129.184635,47.587243,0.000000
outbound_extremo,12,1,365,9,23.310107,8.513965,4.811539,136.213918,52.290839,0.000000
outbound_extremo,12,7,365,9,23.343101,8.513965,4.811539,136.401058,52.290839,0.000000
outbound_extremo,12,1,365,10,25.340520,8.484432,4.235439,129.241656,45.933013,0.000000
outbound_extremo,12,7,365,10,25.680561,8.484402,4.235409,130.922257,45.932864,0.000000
outbound_extremo,12,1,365,11,21.464921,7.350481,4.034749,139.946856,50.553856,0.000000
outbound_extremo,12,7,365,11,21.476735,7.350480,4.034748,140.021679,50.553844,0.000000
outbound_extremo,12,1,365,12,23.164902,8.740041,4.591092,121.249680,48.237916,0.000000
outbound_extremo,12,7,365,12,23.164902,8.729905,4.580956,121.249680,48.186613,0.000000
outbound_extremo,12,1,365,13,21.166618,7.927525,4.919674,151.779587,59.347833,0.000000
outbound_extremo,12,7,365,13,21.167664,7.910644,4.902793,151.786890,59.229971,0.000000
outbound_extremo,12,1,365,14,23.328233,9.037534,4.797130,119.529769,48.757104,0.000000
outbound_extremo,12,7,365,14,23.744254,9.022711,4.782307,121.590054,48.683699,0.000000
outbound_extremo,12,1,365,15,18.606491,5.685497,2.501351,126.713064,41.496844,0.000000
outbound_extremo,12,7,365,15,18.618697,5.666177,2.482031,126.793564,41.369429,0.000000
outbound_extremo,12,1,365,16,19.601093,6.313205,3.250649,138.405037,47.289758,0.000000
outbound_extremo,12,7,365,16,19.601093,6.301095,3.238539,138.405037,47.206719,0.000000
outbound_extremo,12,1,365,17,18.620405,6.158723,3.223301,137.210320,48.059486,0.000000
outbound_extremo,12,7,365,17,18.620405,6.158723,3.223301,137.210320,48.059486,0.000000
outbound_extremo,12,1,365,18,26.031545,9.033069,5.272830,149.379707,54.447443,0.000000
outbound_extremo,12,7,365,18,26.104779,9.051812,5.291573,149.788701,54.552120,0.000000
outbound_extremo,12,1,365,19,21.729455,9.009351,5.263266,125.812120,54.505092,0.000000
outbound_extremo,12,7,365,19,21.897724,8.941942,5.195857,126.755411,54.127210,0.000000
outbound_extremo,12,1,365,20,22.994858,8.062080,4.051227,124.396339,46.211388,0.000000
outbound_extremo,12,7,365,20,23.113909,8.044748,4.033895,125.019666,46.120645,0.000000
outbound_extremo,12,1,365,21,21.333867,7.963705,4.307395,126.530969,49.739501,0.000000
outbound_extremo,12,7,365,21,21.407032,7.963674,4.307364,126.951192,49.739325,0.000000
outbound_extremo,12,1,365,22,20.651427,6.757281,3.389994,132.792101,46.141611,0.000000
outbound_extremo,12,7,365,22,20.641933,6.744107,3.376820,132.732892,46.059452,0.000000
outbound_extremo,12,1,365,23,25.220555,9.180807,5.285475,139.965729,53.494353,0.000000
outbound_extremo,12,7,365,23,25.227666,9.157368,5.262036,140.004065,53.367992,0.000000
outbound_extremo,12,1,365,24,26.846442,9.259962,4.792338,130.191300,47.526314,0.000000
outbound_extremo,12,7,365,24,26.928882,9.299062,4.831438,130.578808,47.710100,0.000000
outbound_extremo,12,1,365,25,24.298856,9.163919,4.930046,124.522268,49.453018,0.000000
outbound_extremo,12,7,365,25,24.809276,9.163898,4.930025,127.053950,49.452910,0.000000
outbound_extremo,12,1,365,26,25.835662,10.256717,6.214028,138.204957,57.279157,0.000000
outbound_extremo,12,7,365,26,26.445938,10.196874,6.154185,141.375073,56.968299,0.000000
outbound_extremo,12,1,365,27,24.341667,8.131070,3.594755,116.685077,41.641228,0.000000
outbound_extremo,12,7,365,27,24.341667,8.131070,3.594755,116.685077,41.641228,0.000000
outbound_extremo,12,1,365,28,20.923213,7.202729,3.642935,127.430590,46.490469,0.000000
outbound_extremo,12,7,365,28,20.937035,7.116474,3.556680,127.512129,45.981629,0.000000
outbound_extremo,12,1,365,29,26.382109,8.347308,4.252518,139.299805,46.808901,0.000000
outbound_extremo,12,7,365,29,26.873491,8.311807,4.217017,141.819842,46.626838,0.000000
outbound_extremo,12,1,365,30,26.287637,11.013286,6.618511,129.612887,56.625905,0.000000
outbound_extremo,12,7,365,30,26.288205,11.012712,6.617937,129.615601,56.623162,0.000000
outbound_extremo,12,1,365,31,27.784159,10.271283,6.044130,142.028441,55.026530,0.000000
outbound_extremo,12,7,365,31,27.872714,10.306599,6.079446,142.468372,55.201975,0.000000
outbound_extremo,12,1,365,32,24.297488,9.122053,5.153242,132.564260,52.267129,0.000000
outbound_extremo,12,7,365,32,24.322142,9.114643,5.145832,132.694710,52.227922,0.000000
outbound_extremo,12,1,365,33,24.401132,8.266554,4.599891,143.752078,51.344856,0.000000
outbound_extremo,12,7,365,33,24.464380,8.266553,4.599890,144.114316,51.344852,0.000000
outbound_extremo,12,1,365,34,19.063376,6.737894,3.441671,125.451399,46.926640,0.000000
outbound_extremo,12,7,365,34,19.063376,6.701232,3.405009,125.451399,46.693066,0.000000
outbound_extremo,12,1,365,35,23.396328,8.912271,5.213688,136.840844,54.602541,0.000000
outbound_extremo,12,7,365,35,23.398908,8.886557,5.187974,136.855493,54.456537,0.000000
outbound_extremo,12,1,365,36,29.902305,11.799920,6.849443,130.846040,54.055445,0.000000
outbound_extremo,12,7,365,36,29.902305,11.799920,6.849443,130.846040,54.055445,0.000000
outbound_extremo,12,1,365,37,20.423298,7.442328,4.144572,134.054879,51.392496,0.000000
outbound_extremo,12,7,365,37,21.241421,7.339344,4.041588,139.264659,50.736696,0.000000
outbound_extremo,12,1,365,38,27.621807,9.055104,4.483845,130.892383,45.598426,0.000000
outbound_extremo,12,7,365,38,27.621807,9.055104,4.483845,130.892383,45.598426,0.000000
outbound_extremo,12,1,365,39,23.351106,7.995702,4.113579,130.315737,47.252040,0.000000
outbound_extremo,12,7,365,39,23.425760,7.985201,4.103078,130.719571,47.195234,0.000000
outbound_extremo,12,1,365,40,28.108935,12.021929,7.052279,122.778513,54.800460,0.000000
outbound_extremo,12,7,365,40,28.160298,11.869185,6.899535,122.995555,54.155017,0.000000
outbound_extremo,12,1,365,41,29.406801,10.186664,5.643524,139.928635,51.086364,0.000000
outbound_extremo,12,7,365,41,29.454237,10.186667,5.643527,140.147901,51.086376,0.000000
outbound_extremo,12,1,365,42,21.419849,7.739809,4.103785,127.711183,48.701571,0.000000
outbound_extremo,12,7,365,42,21.419849,7.739809,4.103785,127.711183,48.701571,0.000000
outbound_extremo,12,1,365,43,24.965920,9.591206,5.311595,126.507471,51.063934,0.000000
outbound_extremo,12,7,365,43,25.276916,9.475675,5.196064,128.033525,50.497023,0.000000
outbound_extremo,12,1,365,44,22.512222,8.384139,4.548762,127.262110,49.906027,0.000000
outbound_extremo,12,7,365,44,22.529679,8.384140,4.548763,127.357693,49.906031,0.000000
outbound_extremo,12,1,365,45,26.690238,8.549043,4.031880,128.081198,43.743951,0.000000
outbound_extremo,12,7,365,45,26.789954,8.549053,4.031890,128.544772,43.743995,0.000000
outbound_extremo,12,1,365,46,23.078999,7.587666,3.731352,129.679335,45.319506,0.000000
outbound_extremo,12,7,365,46,23.090475,7.570720,3.714406,129.741829,45.227222,0.000000
outbound_extremo,12,1,365,47,26.529445,9.441927,4.937994,127.695966,48.023851,0.000000
outbound_extremo,12,7,365,47,27.031410,9.441928,4.937995,130.036424,48.023854,0.000000
outbound_extremo,12,1,365,48,22.218909,7.226594,3.637547,134.005845,46.283783,0.000000
outbound_extremo,12,7,365,48,22.317487,7.137759,3.548712,134.582639,45.763994,0.000000
outbound_extremo,12,1,365,49,25.980014,8.737182,4.554045,134.423721,47.862018,0.000000
outbound_extremo,12,7,365,49,26.351081,8.709248,4.526111,136.286535,47.721783,0.000000
outbound_extremo,12,1,365,50,25.984111,9.003719,4.662368,129.690443,47.552826,0.000000
outbound_extremo,12,7,365,50,25.984111,9.003719,4.662368,129.690443,47.552826,0.000000
outbound_extremo,12,1,365,51,27.000591,9.844778,5.266400,127.845696,49.155803,0.000000
outbound_extremo,12,7,365,51,27.046358,9.844778,5.266400,128.055619,49.155802,0.000000
outbound_extremo,12,1,365,52,24.983545,8.841423,4.625043,128.432438,48.035379,0.000000
outbound_extremo,12,7,365,52,25.150358,8.817388,4.601008,129.263263,47.915666,0.000000
outbound_extremo,12,1,365,53,21.982872,9.335680,5.711542,131.379342,58.095426,0.000000
outbound_extremo,12,7,365,53,21.982872,9.303298,5.679160,131.379342,57.907789,0.000000
outbound_extremo,12,1,365,54,22.394326,8.040972,4.326513,130.608167,49.460298,0.000000
outbound_extremo,12,7,365,54,22.419758,8.029001,4.313576,130.718994,49.380818,0.000000
outbound_extremo,12,1,365,55,23.218285,8.606670,4.803423,132.202030,51.522570,0.000000
outbound_extremo,12,7,365,55,23.227993,8.581000,4.777753,132.255633,51.380828,0.000000
outbound_extremo,12,1,365,56,27.974088,10.263738,5.261055,121.428158,47.084582,0.000000
outbound_extremo,12,7,365,56,28.114173,10.263739,5.261056,122.016199,47.084584,0.000000
outbound_extremo,12,1,365,57,21.700007,7.605853,4.250053,139.794787,51.596075,0.000000
outbound_extremo,12,7,365,57,21.711770,7.605853,4.250053,139.868398,51.596078,0.000000
outbound_extremo,12,1,365,58,24.362222,9.568541,5.685557,135.756057,55.748697,0.000000
outbound_extremo,12,7,365,58,24.413492,9.568543,5.685559,136.033336,55.748708,0.000000
outbound_extremo,12,1,365,59,23.169177,6.852972,2.944536,128.487830,40.820971,0.000000
outbound_extremo,12,7,365,59,23.169177,6.852972,2.944536,128.487830,40.820971,0.000000
outbound_extremo,12,1,365,60,24.839313,8.049548,3.605633,121.379737,42.038647,0.000000
outbound_extremo,12,7,365,60,24.942327,8.021777,3.577862,121.866536,41.907411,0.000000
outbound_extremo,12,1,365,61,27.545184,11.001056,6.561257,134.287174,56.034379,0.000000
outbound_extremo,12,7,365,61,27.791266,11.000680,6.560881,135.451128,56.032599,0.000000
outbound_extremo,12,1,365,62,25.490255,10.059528,5.732898,127.721084,52.825550,0.000000
outbound_extremo,12,7,365,62,25.569621,10.059527,5.732897,128.106300,52.825547,0.000000
outbound_extremo,12,1,365,63,25.311560,10.591334,6.202208,125.104466,54.674785,0.000000
outbound_extremo,12,7,365,63,25.311560,10.560888,6.171762,125.104466,54.529112,0.000000
outbound_extremo,12,1,365,64,18.754633,7.343561,4.072538,124.404929,51.145734,0.000000
outbound_extremo,12,7,365,64,18.769059,7.343560,4.072537,124.497544,51.145729,0.000000
outbound_extremo,12,1,365,65,18.484408,7.162311,4.318218,140.483782,56.884533,0.000000
outbound_extremo,12,7,365,65,18.484408,7.162311,4.318218,140.483782,56.884533,0.000000
outbound_extremo,12,1,365,66,24.873905,9.386650,5.176549,128.071134,50.820648,0.000000
outbound_extremo,12,7,365,66,24.937044,9.337922,5.127821,128.386071,50.577593,0.000000
outbound_extremo,12,1,365,67,31.717552,12.066139,6.541039,124.553219,49.861417,0.000000
outbound_extremo,12,7,365,67,31.728864,12.051123,6.526023,124.596214,49.804343,0.000000
outbound_extremo,12,1,365,68,28.137213,10.736552,5.854829,125.039533,50.186068,0.000000
outbound_extremo,12,7,365,68,28.531044,10.714058,5.832335,126.733700,50.089305,0.000000
outbound_extremo,12,1,365,69,25.598454,8.759463,3.988053,116.664293,42.552277,0.000000
outbound_extremo,12,7,365,69,25.712422,8.759447,3.988037,117.165891,42.552207,0.000000
outbound_extremo,12,1,365,70,24.096021,8.349260,4.614284,139.480507,50.943934,0.000000
outbound_extremo,12,7,365,70,24.166034,8.349260,4.614284,139.874157,50.943933,0.000000
outbound_extremo,12,1,365,71,21.011861,7.583967,4.124679,131.554884,50.039329,0.000000
outbound_extremo,12,7,365,71,21.011861,7.555914,4.096626,131.554884,49.869033,0.000000
outbound_extremo,12,1,365,72,24.191045,8.014931,4.111493,134.144745,47.119309,0.000000
outbound_extremo,12,7,365,72,24.191045,8.014931,4.111493,134.144745,47.119309,0.000000
outbound_extremo,12,1,365,73,19.249215,6.233739,3.133761,134.398833,46.228854,0.000000
outbound_extremo,12,7,365,73,19.279905,6.220416,3.120438,134.606735,46.138602,0.000000
outbound_extremo,12,1,365,74,21.832094,7.489008,3.772869,127.373742,46.320582,0.000000
outbound_extremo,12,7,365,74,21.832094,7.442202,3.726063,127.373742,46.056083,0.000000
outbound_extremo,12,1,365,75,23.995890,8.445155,4.749470,140.351905,51.987927,0.000000
outbound_extremo,12,7,365,75,24.028539,8.404567,4.708882,140.537426,51.757292,0.000000
outbound_extremo,12,1,365,76,26.325933,10.167591,5.409495,120.190298,48.874971,0.000000
outbound_extremo,12,7,365,76,26.385252,10.167590,5.409494,120.452104,48.874964,0.000000
outbound_extremo,12,1,365,77,22.854962,8.793898,5.625145,155.464694,62.279033,0.000000
outbound_extremo,12,7,365,77,22.870530,8.793897,5.625144,155.567866,62.279028,0.000000
outbound_extremo,12,1,365,78,21.850038,8.241869,4.291076,120.141442,47.808736,0.000000
outbound_extremo,12,7,365,78,21.850038,8.241869,4.291076,120.141442,47.808736,0.000000
outbound_extremo,12,1,365,79,22.404573,7.802970,3.929373,125.462308,46.302379,0.000000
outbound_extremo,12,7,365,79,22.423240,7.792435,3.918838,125.563508,46.245265,0.000000
outbound_extremo,12,1,365,80,26.776822,9.919326,5.813700,140.961638,54.736681,0.000000
outbound_extremo,12,7,365,80,26.776822,9.919326,5.813700,140.961638,54.736681,0.000000
outbound_extremo,12,1,365,81,19.226996,6.413809,3.757981,156.030522,54.714873,0.000000
outbound_extremo,12,7,365,81,19.233787,6.415538,3.757295,155.946051,54.682459,0.000000
outbound_extremo,12,1,365,82,27.023488,9.302760,4.837173,131.081445,47.747433,0.000000
outbound_extremo,12,7,365,82,27.023488,9.226646,4.761059,131.081445,47.389495,0.000000
outbound_extremo,12,1,365,83,30.302548,11.837585,6.711716,128.145488,52.497004,0.000000
outbound_extremo,12,7,365,83,30.317201,11.825085,6.699216,128.205519,52.445793,0.000000
outbound_extremo,12,1,365,84,23.037131,8.249272,4.551928,134.845210,50.853825,0.000000
outbound_extremo,12,7,365,84,23.037131,8.239363,4.542019,134.845210,50.797547,0.000000
outbound_extremo,12,1,365,85,22.891322,8.424074,4.423532,124.163158,48.220398,0.000000
outbound_extremo,12,7,365,85,22.923484,8.314700,4.314158,124.331986,47.646263,0.000000
outbound_extremo,12,1,365,86,25.216189,8.549374,4.644655,139.615385,49.979457,0.000000
outbound_extremo,12,7,365,86,25.222476,8.549374,4.644655,139.649197,49.979458,0.000000
outbound_extremo,12,1,365,87,26.288833,11.844282,7.494405,130.915196,61.180910,0.000000
outbound_extremo,12,7,365,87,26.287707,11.789855,7.439978,130.909760,60.918149,0.000000
outbound_extremo,12,1,365,88,29.157885,12.495407,7.558370,128.024913,57.150008,0.000000
outbound_extremo,12,7,365,88,29.186122,12.443195,7.506158,128.145021,56.927919,0.000000
outbound_extremo,12,1,365,89,19.685378,6.093158,3.224705,148.117034,48.608127,0.000000
outbound_extremo,12,7,365,89,19.843707,6.157548,3.289095,149.276163,49.079527,0.000000
outbound_extremo,12,1,365,90,22.715652,8.972437,5.328706,134.917648,55.711053,0.000000
outbound_extremo,12,7,365,90,22.873703,9.123909,5.480178,135.828547,56.584037,0.000000
outbound_extremo,12,1,365,91,22.342744,8.025709,4.012945,120.926294,46.000947,0.000000
outbound_extremo,12,7,365,91,22.342744,8.025709,4.012945,120.926294,46.000947,0.000000
outbound_extremo,12,1,365,92,23.381255,7.623848,4.199189,147.373794,50.749414,0.000000
outbound_extremo,12,7,365,92,23.387048,7.623846,4.199187,147.409317,50.749406,0.000000
outbound_extremo,12,1,365,93,19.681231,7.326695,4.114451,132.665771,51.898164,0.000000
outbound_extremo,12,7,365,93,19.729225,7.278258,4.064460,132.917164,51.558500,0.000000
outbound_extremo,12,1,365,94,25.605047,8.076777,3.899520,132.722266,44.603755,0.000000
outbound_extremo,12,7,365,94,25.615825,8.076775,3.899518,132.776449,44.603745,0.000000
outbound_extremo,12,1,365,95,29.304195,10.399633,5.451907,128.377966,48.139932,0.000000
outbound_extremo,12,7,365,95,29.449116,10.399629,5.451903,128.993065,48.139917,0.000000
outbound_extremo,12,1,365,96,27.510765,7.674705,3.406539,139.356981,41.760668,0.000000
outbound_extremo,12,7,365,96,27.510765,7.674705,3.406539,139.356981,41.760668,0.000000
outbound_extremo,12,1,365,97,24.878228,8.081620,4.029124,132.918767,45.878888,0.000000
outbound_extremo,12,7,365,97,24.881865,8.085700,4.033204,132.937614,45.900029,0.000000
outbound_extremo,12,1,365,98,19.241492,6.045441,3.176463,144.841558,48.250695,0.000000
outbound_extremo,12,7,365,98,19.241492,6.045441,3.176463,144.841558,48.250695,0.000000
outbound_extremo,12,1,365,99,21.160455,7.334350,3.958537,135.633344,49.624963,0.000000
outbound_extremo,12,7,365,99,21.359003,7.325615,3.949802,136.868457,49.570624,0.000000
outbound_extremo,12,1,365,100,26.491051,9.746770,5.263291,128.080445,49.652533,0.000000
outbound_extremo,12,7,365,100,26.499531,9.736410,5.252931,128.120164,49.604006,0.000000
outbound_extremo,12,1,365,101,23.132168,8.235438,4.777662,144.487853,54.016021,0.000000
outbound_extremo,12,7,365,101,23.132168,8.235438,4.777662,144.487853,54.016021,0.000000
outbound_extremo,12,1,365,102,19.684482,6.377018,2.994296,126.201624,43.588647,0.000000
outbound_extremo,12,7,365,102,19.684482,6.377018,2.994296,126.201624,43.588647,0.000000
outbound_extremo,12,1,365,103,26.116337,9.670609,5.392426,132.195329,51.469401,0.000000
outbound_extremo,12,7,365,103,26.333566,9.670625,5.392442,133.261625,51.469483,0.000000
outbound_extremo,12,1,365,104,24.243300,9.286884,4.995870,122.645453,49.449529,0.000000
outbound_extremo,12,7,365,104,24.259070,9.257619,4.966605,122.722631,49.306307,0.000000
outbound_extremo,12,1,365,105,21.766311,7.785693,4.096434,127.898195,48.317720,0.000000
outbound_extremo,12,7,365,105,21.766311,7.770979,4.081720,127.898195,48.233965,0.000000
outbound_extremo,12,1,365,106,21.935550,7.641333,4.195653,137.688140,50.570779,0.000000
outbound_extremo,12,7,365,106,21.965976,7.641337,4.195657,137.873574,50.570799,0.000000
outbound_extremo,12,1,365,107,27.366677,10.537179,6.095952,133.401226,53.824241,0.000000
outbound_extremo,12,7,365,107,28.538261,10.270863,5.829636,138.940970,52.564983,0.000000
outbound_extremo,12,1,365,108,28.932352,10.482582,5.332206,121.967968,46.741389,0.000000
outbound_extremo,12,7,365,108,28.946965,10.480022,5.329646,122.027551,46.730952,0.000000
outbound_extremo,12,1,365,109,30.794014,11.653232,6.245585,123.585153,49.254040,0.000000
outbound_extremo,12,7,365,109,31.266782,11.371411,5.963764,125.421095,48.159620,0.000000
outbound_extremo,12,1,365,110,24.395664,9.126060,5.229909,135.491039,53.188868,0.000000
outbound_extremo,12,7,365,110,24.719052,9.126060,5.229909,137.234079,53.188868,0.000000
outbound_extremo,12,1,365,111,22.126581,8.505721,5.099962,140.433083,56.446500,0.000000
outbound_extremo,12,7,365,111,22.169661,8.474209,5.068450,140.698716,56.252199,0.000000
outbound_extremo,12,1,365,112,19.575772,7.653747,4.290387,126.226349,51.788128,0.000000
outbound_extremo,12,7,365,112,19.621674,7.653747,4.290387,126.512950,51.788132,0.000000
outbound_extremo,12,1,365,113,25.494164,9.285819,4.815486,123.762318,47.621405,0.000000
outbound_extremo,12,7,365,113,25.841685,9.277508,4.807175,125.394846,47.582359,0.000000
outbound_extremo,12,1,365,114,21.115796,7.971678,4.557855,133.893001,53.037468,0.000000
outbound_extremo,12,7,365,114,21.139034,7.953530,4.539707,134.035949,52.925829,0.000000
outbound_extremo,12,1,365,115,26.312862,9.456496,4.764739,121.774664,46.326664,0.000000
outbound_extremo,12,7,365,115,26.336884,9.456494,4.764737,121.882184,46.326655,0.000000
outbound_extremo,12,1,365,116,24.164425,8.591072,4.624697,131.938716,49.485491,0.000000
outbound_extremo,12,7,365,116,24.277257,8.591072,4.624697,132.536106,49.485492,0.000000
outbound_extremo,12,1,365,117,21.415750,7.274195,3.933620,138.626748,49.728085,0.000000
outbound_extremo,12,7,365,117,21.415750,7.266075,3.925500,138.626748,49.677040,0.000000
outbound_extremo,12,1,365,118,24.658201,9.146128,4.976557,128.190767,50.064379,0.000000
outbound_extremo,12,7,365,118,24.678718,9.023201,4.853630,128.294101,49.445257,0.000000
outbound_extremo,12,1,365,119,23.772512,9.575835,5.532453,127.466631,53.733746,0.000000
outbound_extremo,12,7,365,119,24.429016,9.389564,5.346182,130.876297,52.766314,0.000000
outbound_extremo,12,1,365,120,23.909719,8.423676,4.542351,133.364096,49.576494,0.000000
outbound_extremo,12,7,365,120,23.909719,8.412591,4.531266,133.364096,49.516521,0.000000
outbound_extremo,12,1,365,121,28.999602,10.755138,5.786538,126.568056,49.457049,0.000000
outbound_extremo,12,7,365,121,29.558084,10.939109,5.966246,128.821409,50.194977,0.000000
outbound_extremo,12,1,365,122,23.453030,9.223894,5.215540,126.871790,52.324519,0.000000
outbound_extremo,12,7,365,122,23.666211,9.174778,5.166424,127.988657,52.067197,0.000000
outbound_extremo,12,1,365,123,29.314054,9.369435,4.364421,126.995687,43.312207,0.000000
outbound_extremo,12,7,365,123,29.353175,9.361857,4.356843,127.159830,43.280409,0.000000
outbound_extremo,12,1,365,124,22.436259,8.704316,4.853231,126.345115,51.464712,0.000000
outbound_extremo,12,7,365,124,22.436259,8.658270,4.807185,126.345115,51.213623,0.000000
outbound_extremo,12,1,365,125,25.891174,8.917053,4.182015,118.827939,43.547329,0.000000
outbound_extremo,12,7,365,125,25.891174,8.899252,4.164214,118.827939,43.468382,0.000000
outbound_extremo,12,1,365,126,21.087646,7.273608,3.939480,136.820505,49.812810,0.000000
outbound_extremo,12,7,365,126,21.096268,6.937868,3.603740,136.874811,47.698150,0.000000
outbound_extremo,12,1,365,127,24.077147,9.191047,5.436877,138.682257,55.412692,0.000000
outbound_extremo,12,7,365,127,24.094968,9.197847,5.443677,138.781943,55.450728,0.000000
outbound_extremo,12,1,365,128,23.734450,8.568834,4.613736,130.020506,49.497104,0.000000
outbound_extremo,12,7,365,128,23.751738,8.420754,4.465656,130.112298,48.710860,0.000000
outbound_extremo,12,1,365,129,23.705800,8.572822,4.321267,121.091699,46.344331,0.000000
outbound_extremo,12,7,365,129,24.083220,8.533898,4.282343,122.955916,46.152072,0.000000
outbound_extremo,12,1,365,130,29.154551,10.708190,5.887388,131.000771,50.646179,0.000000
outbound_extremo,12,7,365,130,29.179793,10.708188,5.887386,131.110728,50.646171,0.000000
outbound_extremo,12,1,365,131,18.806981,7.181509,3.740029,118.760685,47.821751,0.000000
outbound_extremo,12,7,365,131,18.806981,7.181509,3.740029,118.760685,47.821751,0.000000
outbound_extremo,12,1,365,132,20.834781,7.828916,4.049462,119.765505,47.500262,0.000000
outbound_extremo,12,7,365,132,20.834781,7.790742,4.011288,119.765505,47.288151,0.000000
outbound_extremo,12,1,365,133,27.772239,8.153877,3.171060,121.045643,38.364379,0.000000
outbound_extremo,12,7,365,133,27.772239,8.153877,3.171060,121.045643,38.364379,0.000000
outbound_extremo,12,1,365,134,28.473901,10.849307,6.100241,129.909373,51.974789,0.000000
outbound_extremo,12,7,365,134,28.473901,10.764218,6.015152,129.909373,51.598534,0.000000
outbound_extremo,12,1,365,135,26.205307,11.259638,6.931244,131.139869,58.628208,0.000000
outbound_extremo,12,7,365,135,26.338961,11.346406,7.018012,131.788316,59.049178,0.000000
outbound_extremo,12,1,365,136,27.094692,10.046239,5.835844,139.138991,54.107180,0.000000
outbound_extremo,12,7,365,136,27.148765,10.037815,5.825110,139.334438,54.037711,0.000000
outbound_extremo,12,1,365,137,20.822054,8.512000,5.043514,130.067435,55.536033,0.000000
outbound_extremo,12,7,365,137,20.906133,8.420535,4.952049,130.576493,54.982255,0.000000
outbound_extremo,12,1,365,138,28.591611,8.952925,4.284604,132.616655,44.273884,0.000000
outbound_extremo,12,7,365,138,28.635777,8.939099,4.270778,132.815331,44.211690,0.000000
outbound_extremo,12,1,365,139,20.382752,6.340315,3.059737,134.476334,44.586329,0.000000
outbound_extremo,12,7,365,139,20.396733,6.340315,3.059737,134.565831,44.586331,0.000000
outbound_extremo,12,1,365,140,23.339501,8.682350,4.869401,132.543424,51.818459,0.000000
outbound_extremo,12,7,365,140,23.465348,8.565130,4.752181,133.236533,51.172865,0.000000
outbound_extremo,12,1,365,141,24.609575,9.160658,5.049656,129.711706,50.794873,0.000000
outbound_extremo,12,7,365,141,24.738422,9.160675,5.049673,130.369888,50.794960,0.000000
outbound_extremo,12,1,365,142,27.953132,10.470654,5.590359,124.282846,49.055420,0.000000
outbound_extremo,12,7,365,142,27.965794,10.457361,5.577066,124.337331,48.998217,0.000000
outbound_extremo,12,1,365,143,25.332903,9.917669,5.571656,126.408967,51.922326,0.000000
outbound_extremo,12,7,365,143,25.332903,9.917669,5.571656,126.408967,51.922326,0.000000
outbound_extremo,12,1,365,144,18.988081,6.764445,3.801828,138.593740,51.948601,0.000000
outbound_extremo,12,7,365,144,18.988081,6.710923,3.748306,138.593740,51.569220,0.000000
outbound_extremo,12,1,365,145,26.083494,9.610150,4.961548,121.831850,47.413729,0.000000
outbound_extremo,12,7,365,145,26.106053,9.582092,4.933490,121.933760,47.286979,0.000000
outbound_extremo,12,1,365,146,26.316976,9.860824,5.482681,130.230801,51.297977,0.000000
outbound_extremo,12,7,365,146,26.624726,9.850054,5.471911,131.706940,51.246318,0.000000
outbound_extremo,12,1,365,147,30.862596,10.973531,6.332342,143.644069,53.651966,0.000000
outbound_extremo,12,7,365,147,30.867808,10.973527,6.332338,143.667652,53.651946,0.000000
outbound_extremo,12,1,365,148,28.420364,10.608163,5.233444,115.043506,45.448012,0.000000
outbound_extremo,12,7,365,148,29.209102,10.590937,5.216218,118.125249,45.380708,0.000000
outbound_extremo,12,1,365,149,21.299649,8.239477,4.435432,121.583422,49.485535,0.000000
outbound_extremo,12,7,365,149,21.455486,8.239483,4.435438,122.443711,49.485566,0.000000
outbound_extremo,12,1,365,150,25.918375,10.192686,5.925759,131.559219,54.164064,0.000000
outbound_extremo,12,7,365,150,26.120576,10.253978,5.987051,132.554366,54.465717,0.000000
outbound_extremo,12,1,365,151,19.548239,7.315570,3.968821,126.660235,49.903346,0.000000
outbound_extremo,12,7,365,151,19.548239,7.245969,3.899220,126.660235,49.466618,0.000000
outbound_extremo,12,1,365,152,22.211201,8.150622,4.623756,136.252039,52.531209,0.000000
outbound_extremo,12,7,365,152,22.211201,8.087871,4.561005,136.252039,52.157568,0.000000
outbound_extremo,12,1,365,153,24.413080,7.417530,3.299976,128.509522,41.830258,0.000000
outbound_extremo,12,7,365,153,24.413080,7.417530,3.299976,128.509522,41.830258,0.000000
outbound_extremo,12,1,365,154,25.549034,9.122130,4.779435,127.547639,48.111948,0.000000
outbound_extremo,12,7,365,154,25.632582,9.122131,4.779436,127.951653,48.111951,0.000000
outbound_extremo,12,1,365,155,22.364181,6.835830,3.457980,143.037495,46.498167,0.000000
outbound_extremo,12,7,365,155,22.365394,6.712020,3.334170,143.045036,45.728444,0.000000
outbound_extremo,12,1,365,156,31.180487,12.733036,7.311634,124.778763,53.321881,0.000000
outbound_extremo,12,7,365,156,31.180487,12.733036,7.311634,124.778763,53.321881,0.000000
outbound_extremo,12,1,365,157,26.691064,9.886789,5.265277,125.283325,48.925249,0.000000
outbound_extremo,12,7,365,157,26.691064,9.886789,5.265277,125.283325,48.925249,0.000000
outbound_extremo,12,1,365,158,26.756966,9.879086,4.996796,119.088675,46.492522,0.000000
outbound_extremo,12,7,365,158,26.789676,9.879086,4.996796,119.229369,46.492522,0.000000
outbound_extremo,12,1,365,159,25.611877,8.365850,4.245398,134.531655,46.636792,0.000000
outbound_extremo,12,7,365,159,25.611877,8.365850,4.245398,134.531655,46.636792,0.000000
outbound_extremo,12,1,365,160,24.719824,8.791477,4.731841,131.872623,49.477233,0.000000
outbound_extremo,12,7,365,160,24.739517,8.797494,4.737858,131.974493,49.508358,0.000000
outbound_extremo,12,1,365,161,22.495245,7.519352,3.609068,124.809676,44.382335,0.000000
outbound_extremo,12,7,365,161,22.543719,7.497255,3.586971,125.070004,44.263662,0.000000
outbound_extremo,12,1,365,162,23.479947,7.739045,4.086284,138.987996,48.492359,0.000000
outbound_extremo,12,7,365,162,23.834381,7.726500,4.073739,141.025664,48.420236,0.000000
outbound_extremo,12,1,365,163,28.318260,10.495347,6.021759,136.932103,53.267454,0.000000
outbound_extremo,12,7,365,163,28.318260,10.495347,6.021759,136.932103,53.267454,0.000000
outbound_extremo,12,1,365,164,26.331404,8.382025,4.427872,143.842713,48.515861,0.000000
outbound_extremo,12,7,365,164,26.341404,8.382025,4.427872,143.895822,48.515863,0.000000
outbound_extremo,12,1,365,165,24.613922,7.959239,4.218740,142.188077,48.684952,0.000000
outbound_extremo,12,7,365,165,24.649790,7.959266,4.218767,142.389448,48.685106,0.000000
outbound_extremo,12,1,365,166,28.340305,9.568044,5.137905,138.340346,49.354992,0.000000
outbound_extremo,12,7,365,166,28.340305,9.555447,5.125308,138.340346,49.295282,0.000000
outbound_extremo,12,1,365,167,28.791783,11.219458,6.487360,131.771539,53.789462,0.000000
outbound_extremo,12,7,365,167,29.156673,11.201086,6.468988,133.390840,53.707931,0.000000
outbound_extremo,12,1,365,168,22.118648,9.225603,5.866464,142.276983,61.674797,0.000000
outbound_extremo,12,7,365,168,22.376889,9.225601,5.866462,143.891403,61.674788,0.000000
outbound_extremo,12,1,365,169,23.027551,8.950233,5.303331,136.599826,55.538233,0.000000
outbound_extremo,12,7,365,169,23.027551,8.950233,5.303331,136.599826,55.538233,0.000000
outbound_extremo,12,1,365,170,24.820893,8.747656,4.634155,130.714143,48.658014,0.000000
outbound_extremo,12,7,365,170,24.877193,8.747656,4.634155,131.001562,48.658012,0.000000
outbound_extremo,12,1,365,171,26.448755,10.661295,6.248313,129.861346,54.733767,0.000000
outbound_extremo,12,7,365,171,26.475962,10.654079,6.241097,129.990816,54.699426,0.000000
outbound_extremo,12,1,365,172,26.223448,8.775810,4.465014,131.747267,46.751273,0.000000
outbound_extremo,12,7,365,172,26.223448,8.765604,4.454808,131.747267,46.701555,0.000000
outbound_extremo,12,1,365,173,27.712550,9.820981,5.602984,141.971542,52.895387,0.000000
outbound_extremo,12,7,365,173,27.807282,9.820983,5.602986,142.443181,52.895400,0.000000
outbound_extremo,12,1,365,174,20.238058,7.255612,3.792964,126.738210,48.003272,0.000000
outbound_extremo,12,7,365,174,20.238058,7.255612,3.792964,126.738210,48.003272,0.000000
outbound_extremo,12,1,365,175,26.989665,8.835583,4.273627,128.241217,44.672738,0.000000
outbound_extremo,12,7,365,175,26.990498,8.796104,4.234148,128.245051,44.491004,0.000000
outbound_extremo,12,1,365,176,28.786057,9.549036,4.565673,125.305070,44.239846,0.000000
outbound_extremo,12,7,365,176,29.008028,9.538881,4.555518,126.240461,44.197052,0.000000
outbound_extremo,12,1,365,177,26.562712,10.196417,5.224898,116.202518,47.070289,0.000000
outbound_extremo,12,7,365,177,26.709238,10.196403,5.224884,116.821453,47.070230,0.000000
outbound_extremo,12,1,365,178,24.008586,10.075985,6.302306,137.604450,60.071458,0.000000
outbound_extremo,12,7,365,178,24.057888,10.020373,6.246694,137.878808,59.761987,0.000000
outbound_extremo,12,1,365,179,20.937238,7.337529,3.553119,120.182443,44.716545,0.000000
outbound_extremo,12,7,365,179,21.384958,7.242408,3.457998,122.666878,44.188713,0.000000
outbound_extremo,12,1,365,180,25.094893,9.333776,5.200052,131.486197,51.417122,0.000000
outbound_extremo,12,7,365,180,25.161189,9.312172,5.178448,131.822992,51.307369,0.000000
outbound_extremo,12,1,365,181,26.417507,9.390999,5.106789,133.491236,50.032052,0.000000
outbound_extremo,12,7,365,181,26.674185,9.064238,4.780028,134.749400,48.430364,0.000000
outbound_extremo,12,1,365,182,24.864313,8.742694,4.177756,118.382840,44.218852,0.000000
outbound_extremo,12,7,365,182,24.895127,8.776137,4.211199,118.524593,44.372701,0.000000
outbound_extremo,12,1,365,183,21.158613,7.843698,4.233168,127.065277,49.621460,0.000000
outbound_extremo,12,7,365,183,21.233570,7.843697,4.233167,127.501251,49.621454,0.000000
outbound_extremo,12,1,365,184,18.617724,6.624396,3.596154,133.108639,49.938308,0.000000
outbound_extremo,12,7,365,184,18.826919,6.624395,3.596153,134.559347,49.938301,0.000000
outbound_extremo,12,1,365,185,23.501432,8.417923,4.419250,127.423464,48.208761,0.000000
outbound_extremo,12,7,365,185,23.545444,8.413570,4.414897,127.654603,48.185901,0.000000
outbound_extremo,12,1,365,186,28.161896,11.107774,6.440797,130.720105,53.981657,0.000000
outbound_extremo,12,7,365,186,28.199718,11.077140,6.410163,130.890293,53.843814,0.000000
outbound_extremo,12,1,365,187,24.956751,7.398395,3.104441,126.053420,40.182569,0.000000
outbound_extremo,12,7,365,187,24.978837,7.398394,3.104440,126.161434,40.182567,0.000000
outbound_extremo,12,1,365,188,28.076106,10.050742,5.502436,133.630290,50.405318,0.000000
outbound_extremo,12,7,365,188,28.698265,10.031350,5.483044,136.502863,50.315783,0.000000
outbound_extremo,12,1,365,189,24.772653,10.029698,6.003242,133.201887,56.309937,0.000000
outbound_extremo,12,7,365,189,24.772653,10.029698,6.003242,133.201887,56.309937,0.000000
outbound_extremo,12,1,365,190,27.855487,10.464905,5.328977,117.896695,46.789346,0.000000
outbound_extremo,12,7,365,190,27.863202,10.454262,5.318334,117.928241,46.745828,0.000000
outbound_extremo,12,1,365,191,20.476526,8.201027,4.976015,137.335022,57.401839,0.000000
outbound_extremo,12,7,365,191,20.505313,8.201030,4.976018,137.522472,57.401854,0.000000
outbound_extremo,12,1,365,192,25.744317,8.794833,4.802292,139.410170,50.259137,0.000000
outbound_extremo,12,7,365,192,25.744317,8.794833,4.802292,139.410170,50.259137,0.000000
outbound_extremo,12,1,365,193,22.562546,8.285387,4.673555,135.183695,52.173096,0.000000
outbound_extremo,12,7,365,193,22.537329,8.257099,4.645267,135.037077,52.008622,0.000000
outbound_extremo,12,1,365,194,18.361122,6.976201,3.737518,123.055666,49.234502,0.000000
outbound_extremo,12,7,365,194,18.361122,6.943500,3.704817,123.055666,49.022468,0.000000
outbound_extremo,12,1,365,195,20.162904,7.042998,3.758304,132.907285,49.027923,0.000000
outbound_extremo,12,7,365,195,20.187701,7.042997,3.758303,133.065819,49.027918,0.000000
outbound_extremo,12,1,365,196,27.503709,10.859146,5.957431,121.831797,50.522914,0.000000
outbound_extremo,12,7,365,196,27.558489,10.859141,5.957426,122.066487,50.522895,0.000000
outbound_extremo,12,1,365,197,21.284337,7.003173,3.572781,134.297376,46.871668,0.000000
outbound_extremo,12,7,365,197,21.284337,6.955608,3.525216,134.297376,46.580487,0.000000
outbound_extremo,12,1,365,198,22.263286,8.999623,5.290225,130.039052,54.949528,0.000000
outbound_extremo,12,7,365,198,22.583350,9.002618,5.289020,131.706432,54.908845,0.000000
outbound_extremo,12,1,365,199,21.545581,7.118032,3.478816,128.328207,45.074415,0.000000
outbound_extremo,12,7,365,199,21.557040,7.089289,3.450073,128.394331,44.908556,0.000000
outbound_extremo,12,1,365,200,21.196516,8.867979,5.606322,140.472608,61.095995,0.000000
outbound_extremo,12,7,365,200,21.245161,8.852821,5.591164,140.785806,60.998405,0.000000
outbound_extremo,12,1,365,201,31.670680,11.016443,5.593634,126.645714,46.661525,0.000000
outbound_extremo,12,7,365,201,31.799984,10.969832,5.547023,127.146448,46.481023,0.000000
outbound_extremo,12,1,365,202,22.262402,7.880894,4.473056,141.186815,52.564153,0.000000
outbound_extremo,12,7,365,202,22.346755,7.855590,4.447752,141.706621,52.408223,0.000000
outbound_extremo,12,1,365,203,30.222963,9.270804,4.278348,131.128256,42.996214,0.000000
outbound_extremo,12,7,365,203,30.641607,9.158320,4.165864,132.889217,42.523067,0.000000
outbound_extremo,12,1,365,204,24.373904,8.644177,4.807939,137.425503,51.319203,0.000000
outbound_extremo,12,7,365,204,24.394979,8.628903,4.792665,137.540870,51.235589,0.000000
outbound_extremo,12,1,365,205,20.499713,7.011519,3.571950,129.159278,46.808241,0.000000
outbound_extremo,12,7,365,205,20.678490,6.905019,3.465450,130.250786,46.158012,0.000000
outbound_extremo,12,1,365,206,27.564119,10.969305,6.091173,122.661508,51.222052,0.000000
outbound_extremo,12,7,365,206,27.785361,10.960138,6.082006,123.613938,51.182591,0.000000
outbound_extremo,12,1,365,207,23.178114,9.106056,5.700318,146.917745,60.148528,0.000000
outbound_extremo,12,7,365,207,23.238811,9.092456,5.686718,147.292006,60.064667,0.000000
outbound_extremo,12,1,365,208,19.927317,7.345020,4.040502,130.636822,50.677131,0.000000
outbound_extremo,12,7,365,208,19.927317,7.345020,4.040502,130.636822,50.677131,0.000000
outbound_extremo,12,1,365,209,27.442245,10.400113,5.496193,121.515609,48.536285,0.000000
outbound_extremo,12,7,365,209,27.503584,10.420641,5.516721,121.778280,48.624189,0.000000
outbound_extremo,12,1,365,210,24.570940,8.080054,4.219393,137.653211,47.951318,0.000000
outbound_extremo,12,7,365,210,24.585241,8.069700,4.209039,137.731001,47.894996,0.000000
outbound_extremo,12,1,365,211,21.653040,7.944873,4.639158,141.553854,54.470875,0.000000
outbound_extremo,12,7,365,211,21.785874,7.967512,4.661797,142.397700,54.614692,0.000000
outbound_extremo,12,1,365,212,17.106269,6.224090,3.584558,140.096721,53.518584,0.000000
outbound_extremo,12,7,365,212,17.496461,6.281582,3.642050,143.201071,53.975985,0.000000
outbound_extremo,12,1,365,213,26.826378,10.896412,6.435340,130.282189,55.293647,0.000000
outbound_extremo,12,7,365,213,27.131827,10.896413,6.435341,131.720056,55.293652,0.000000
outbound_extremo,12,1,365,214,23.773937,7.951609,4.033891,131.434562,46.622718,0.000000
outbound_extremo,12,7,365,214,23.955389,7.951608,4.033890,132.407192,46.622713,0.000000
outbound_extremo,12,1,365,215,27.476147,9.345358,5.071354,139.002000,49.917718,0.000000
outbound_extremo,12,7,365,215,27.480168,9.236983,4.962979,139.021757,49.385227,0.000000
outbound_extremo,12,1,365,216,25.591069,8.482998,4.282557,131.941911,46.410538,0.000000
outbound_extremo,12,7,365,216,25.832090,8.312385,4.111944,133.146890,45.557560,0.000000
outbound_extremo,12,1,365,217,19.343376,6.651319,3.683032,140.850276,51.056666,0.000000
outbound_extremo,12,7,365,217,19.411327,6.651341,3.683054,141.331015,51.056825,0.000000
outbound_extremo,12,1,365,218,26.166716,9.385435,5.156455,133.937015,50.605597,0.000000
outbound_extremo,12,7,365,218,26.242982,9.318008,5.089028,134.315731,50.270774,0.000000
outbound_extremo,12,1,365,219,23.964386,8.622700,4.415476,123.616190,47.039473,0.000000
outbound_extremo,12,7,365,219,24.038129,8.622702,4.415478,123.984272,47.039484,0.000000
outbound_extremo,12,1,365,220,24.396046,8.955995,5.222552,141.223728,54.375992,0.000000
outbound_extremo,12,7,365,220,24.416594,8.955995,5.222552,141.339307,54.375990,0.000000
outbound_extremo,12,1,365,221,26.286227,9.813928,5.827099,142.458601,55.693334,0.000000
outbound_extremo,12,7,365,221,26.304465,9.813929,5.827100,142.554667,55.693342,0.000000
outbound_extremo,12,1,365,222,27.178836,9.219071,4.852583,134.712727,48.337803,0.000000
outbound_extremo,12,7,365,222,27.429857,9.204301,4.837813,135.919977,48.266771,0.000000
outbound_extremo,12,1,365,223,29.596197,9.467298,4.512558,129.439506,44.125871,0.000000
outbound_extremo,12,7,365,223,29.799969,9.380923,4.426183,130.303166,43.759782,0.000000
outbound_extremo,12,1,365,224,24.138579,9.476649,5.485305,131.002373,53.860307,0.000000
outbound_extremo,12,7,365,224,25.430771,9.184203,5.190129,137.709639,52.288604,0.000000
outbound_extremo,12,1,365,225,24.500723,9.264933,5.305908,133.960074,53.144320,0.000000
outbound_extremo,12,7,365,225,24.905889,9.292815,5.333790,136.109211,53.292216,0.000000
outbound_extremo,12,1,365,226,29.013924,10.542014,5.440841,123.441627,47.398309,0.000000
outbound_extremo,12,7,365,226,29.040206,10.542009,5.440836,123.549822,47.398291,0.000000
outbound_extremo,12,1,365,227,30.383400,11.215327,6.338413,134.830972,52.293217,0.000000
outbound_extremo,12,7,365,227,30.763425,11.205761,6.328847,136.467361,52.252026,0.000000
outbound_extremo,12,1,365,228,21.962434,6.676912,3.018208,130.058603,42.323720,0.000000
outbound_extremo,12,7,365,228,21.962434,6.676912,3.018208,130.058603,42.323720,0.000000
outbound_extremo,12,1,365,229,26.222038,9.659591,5.354738,131.916748,51.121565,0.000000
outbound_extremo,12,7,365,229,26.354336,9.511729,5.206876,132.562127,50.400261,0.000000
outbound_extremo,12,1,365,230,22.582102,6.696662,2.965235,131.089219,41.687970,0.000000
outbound_extremo,12,7,365,230,22.582102,6.696662,2.965235,131.089219,41.687970,0.000000
outbound_extremo,12,1,365,231,24.450075,9.180934,5.214643,133.453834,52.609549,0.000000
outbound_extremo,12,7,365,231,24.500424,9.135845,5.169554,133.720412,52.370820,0.000000
outbound_extremo,12,1,365,232,24.529454,9.925160,6.000092,135.238117,57.101848,0.000000
outbound_extremo,12,7,365,232,24.559705,9.760388,5.835320,135.399967,56.220277,0.000000
outbound_extremo,12,1,365,233,22.322671,7.703360,3.986381,130.117498,47.522054,0.000000
outbound_extremo,12,7,365,233,22.352609,7.703362,3.986383,130.286640,47.522066,0.000000
outbound_extremo,12,1,365,234,22.677786,8.150691,4.285725,127.218032,48.286164,0.000000
outbound_extremo,12,7,365,234,23.232884,8.129436,4.264470,130.234115,48.170673,0.000000
outbound_extremo,12,1,365,235,23.958958,8.222609,4.341536,133.638922,48.491510,0.000000
outbound_extremo,12,7,365,235,23.996571,8.222607,4.341534,133.842441,48.491499,0.000000
outbound_extremo,12,1,365,236,28.552373,10.079832,5.116545,124.807004,46.648443,0.000000
outbound_extremo,12,7,365,236,29.000627,10.174601,5.211314,126.703597,47.049420,0.000000
outbound_extremo,12,1,365,237,24.814975,8.474821,4.415773,132.383423,47.845564,0.000000
outbound_extremo,12,7,365,237,25.019072,8.474824,4.415776,133.439344,47.845576,0.000000
outbound_extremo,12,1,365,238,29.178950,11.495803,6.575188,128.528733,53.061319,0.000000
outbound_extremo,12,7,365,238,29.262200,11.484206,6.563591,128.884024,53.011826,0.000000
outbound_extremo,12,1,365,239,18.353299,6.816348,3.910557,136.638335,53.261394,0.000000
outbound_extremo,12,7,365,239,18.353299,6.816348,3.910557,136.638335,53.261394,0.000000
outbound_extremo,12,1,365,240,24.529283,9.398898,5.311626,130.029034,52.290612,0.000000
outbound_extremo,12,7,365,240,24.677220,9.380941,5.282791,130.452575,52.070411,0.000000
outbound_extremo,12,1,365,241,26.610743,9.514786,5.154052,132.149436,49.820386,0.000000
outbound_extremo,12,7,365,241,26.629126,9.518017,5.157283,132.237963,49.835943,0.000000
outbound_extremo,12,1,365,242,24.858458,9.372611,5.120447,126.767517,50.288156,0.000000
outbound_extremo,12,7,365,242,24.912228,9.212923,4.960759,127.033069,49.499513,0.000000
outbound_extremo,12,1,365,243,19.710043,6.765451,3.272038,122.483243,44.669243,0.000000
outbound_extremo,12,7,365,243,19.740551,6.755956,3.262543,122.666637,44.612168,0.000000
outbound_extremo,12,1,365,244,21.862774,8.562274,4.841284,127.386049,52.322559,0.000000
outbound_extremo,12,7,365,244,22.038136,8.642718,4.912425,128.065551,52.654912,0.000000
outbound_extremo,12,1,365,245,24.807186,9.868478,5.694266,128.802216,53.647223,0.000000
outbound_extremo,12,7,365,245,25.109952,9.868484,5.694272,130.325398,53.647253,0.000000
outbound_extremo,12,1,365,246,18.505051,5.444775,2.378019,130.715680,41.283786,0.000000
outbound_extremo,12,7,365,246,18.505051,5.444775,2.378019,130.715680,41.283786,0.000000
outbound_extremo,12,1,365,247,24.239818,9.331159,5.298256,130.220784,52.588902,0.000000
outbound_extremo,12,7,365,247,24.354037,9.302005,5.269102,130.815541,52.437094,0.000000
outbound_extremo,12,1,365,248,22.022883,7.141942,3.522676,131.782966,45.439557,0.000000
outbound_extremo,12,7,365,248,22.073254,7.075283,3.456017,132.075232,45.052784,0.000000
outbound_extremo,12,1,365,249,23.602843,7.854904,3.629515,121.305106,43.038531,0.000000
outbound_extremo,12,7,365,249,23.603854,7.838348,3.612959,121.310130,42.956249,0.000000
outbound_extremo,12,1,365,250,25.820878,9.386401,5.383612,139.465156,53.244268,0.000000
outbound_extremo,12,7,365,250,26.341534,9.327828,5.325039,142.196696,52.936976,0.000000
outbound_extremo,12,1,365,251,23.020700,8.300858,4.292630,124.610579,47.490046,0.000000
outbound_extremo,12,7,365,251,23.042302,8.293220,4.282871,124.659908,47.427047,0.000000
outbound_extremo,12,1,365,252,18.996468,6.163815,3.086601,133.638637,46.064061,0.000000
outbound_extremo,12,7,365,252,19.908871,6.152083,3.074869,139.865199,45.983996,0.000000
outbound_extremo,12,1,365,253,22.133950,6.718491,3.117411,133.075986,43.179443,0.000000
outbound_extremo,12,7,365,253,22.144924,6.718492,3.117412,133.139981,43.179451,0.000000
outbound_extremo,12,1,365,254,28.619292,10.710013,5.731606,124.722378,49.177157,0.000000
outbound_extremo,12,7,365,254,28.651861,10.719669,5.741262,124.859761,49.217886,0.000000
outbound_extremo,12,1,365,255,25.067581,8.492535,4.389891,132.312181,47.470319,0.000000
outbound_extremo,12,7,365,255,25.287999,8.460947,4.358303,133.440424,47.308629,0.000000
outbound_extremo,12,1,365,256,22.692916,8.206095,4.352280,127.657009,48.716207,0.000000
outbound_extremo,12,7,365,256,22.692916,8.206095,4.352280,127.657009,48.716207,0.000000
outbound_extremo,12,1,365,257,25.282879,8.281928,3.915881,125.606675,43.834775,0.000000
outbound_extremo,12,7,365,257,25.282879,8.261691,3.895644,125.606675,43.737438,0.000000
outbound_extremo,12,1,365,258,20.330835,7.012777,3.966055,144.133407,52.336645,0.000000
outbound_extremo,12,7,365,258,20.342997,7.012774,3.966052,144.217236,52.336622,0.000000
outbound_extremo,12,1,365,259,22.661145,8.229709,4.487677,131.172628,50.184502,0.000000
outbound_extremo,12,7,365,259,22.739461,8.229724,4.487692,131.612132,50.184590,0.000000
outbound_extremo,12,1,365,260,27.236134,8.973243,4.170039,123.078601,43.231752,0.000000
outbound_extremo,12,7,365,260,27.246637,8.973245,4.170041,123.124521,43.231758,0.000000
outbound_extremo,12,1,365,261,26.819350,8.096220,3.570153,128.436150,41.564760,0.000000
outbound_extremo,12,7,365,261,26.820210,8.090898,3.564831,128.440140,41.540068,0.000000
outbound_extremo,12,1,365,262,26.850843,10.684699,6.339778,133.776284,55.641604,0.000000
outbound_extremo,12,7,365,262,26.850843,10.653745,6.308824,133.776284,55.491996,0.000000
outbound_extremo,12,1,365,263,22.288322,8.457319,4.896727,135.454197,53.880386,0.000000
outbound_extremo,12,7,365,263,22.288322,8.457319,4.896727,135.454197,53.880386,0.000000
outbound_extremo,12,1,365,264,27.158079,8.452218,3.542796,120.168392,40.154274,0.000000
outbound_extremo,12,7,365,264,27.297242,8.468418,3.558996,120.763660,40.223566,0.000000
outbound_extremo,12,1,365,265,26.418861,9.494442,4.593147,117.193775,44.679714,0.000000
outbound_extremo,12,7,365,265,26.534238,9.494465,4.593170,117.688117,44.679814,0.000000
outbound_extremo,12,1,365,266,24.253757,8.280996,4.394337,135.045429,48.743037,0.000000
outbound_extremo,12,7,365,266,24.501012,8.194800,4.308141,136.381372,48.277309,0.000000
outbound_extremo,12,1,365,267,20.823692,7.246156,3.705304,127.500652,46.975330,0.000000
outbound_extremo,12,7,365,267,20.823692,7.246156,3.705304,127.500652,46.975330,0.000000
outbound_extremo,12,1,365,268,21.351487,6.359798,2.985455,136.879564,43.579783,0.000000
outbound_extremo,12,7,365,268,21.356898,6.359796,2.985453,136.913239,43.579769,0.000000
outbound_extremo,12,1,365,269,26.922812,8.845740,4.381224,130.638375,45.608216,0.000000
outbound_extremo,12,7,365,269,27.049905,8.836972,4.372456,131.236190,45.566970,0.000000
outbound_extremo,12,1,365,270,22.472582,8.115219,4.301913,127.757239,48.690773,0.000000
outbound_extremo,12,7,365,270,22.563730,8.217468,4.404162,128.259194,49.253863,0.000000
outbound_extremo,12,1,365,271,23.357872,9.610535,5.811614,133.119640,57.125935,0.000000
outbound_extremo,12,7,365,271,23.563994,9.570995,5.772074,134.259059,56.907361,0.000000
outbound_extremo,12,1,365,272,22.052608,7.446353,3.608687,124.673547,44.747012,0.000000
outbound_extremo,12,7,365,272,22.077403,7.446354,3.608688,124.809227,44.747014,0.000000
outbound_extremo,12,1,365,273,22.841023,8.469075,4.669062,130.226274,50.802622,0.000000
outbound_extremo,12,7,365,273,23.812458,8.246286,4.446273,135.594712,49.571424,0.000000
outbound_extremo,12,1,365,274,23.541527,8.682741,4.319277,117.298074,45.787344,0.000000
outbound_extremo,12,7,365,274,23.550804,8.638915,4.275451,117.342721,45.576420,0.000000
outbound_extremo,12,1,365,275,25.845073,8.994030,4.894872,136.404395,50.076445,0.000000
outbound_extremo,12,7,365,275,25.903995,8.994043,4.894885,136.706252,50.076510,0.000000
outbound_extremo,12,1,365,276,23.835005,8.489481,4.247271,121.989233,46.025054,0.000000
outbound_extremo,12,7,365,276,23.835005,8.489481,4.247271,121.989233,46.025054,0.000000
outbound_extremo,12,1,365,277,23.168192,7.273003,3.338086,127.644802,42.814809,0.000000
outbound_extremo,12,7,365,277,23.479596,7.264200,3.329283,129.306713,42.767831,0.000000
outbound_extremo,12,1,365,278,23.009882,7.666620,3.642873,124.088942,44.012215,0.000000
outbound_extremo,12,7,365,278,23.024656,7.625279,3.601532,124.166048,43.796455,0.000000
outbound_extremo,12,1,365,279,21.907353,7.899559,4.124893,125.879502,47.948452,0.000000
outbound_extremo,12,7,365,279,21.907353,7.899559,4.124893,125.879502,47.948452,0.000000
outbound_extremo,12,1,365,280,24.638157,9.920358,6.246492,144.832926,60.705257,0.000000
outbound_extremo,12,7,365,280,24.643976,9.920358,6.246492,144.866187,60.705259,0.000000
outbound_extremo,12,1,365,281,31.754653,10.985533,6.007798,137.966094,50.345615,0.000000
outbound_extremo,12,7,365,281,31.823424,10.971988,5.994253,138.256224,50.288471,0.000000
outbound_extremo,12,1,365,282,23.635815,9.839149,6.360709,146.693884,63.400804,0.000000
outbound_extremo,12,7,365,282,23.696949,9.814345,6.335905,147.062962,63.251059,0.000000
outbound_extremo,12,1,365,283,33.785393,11.283952,5.789785,133.135728,47.129922,0.000000
outbound_extremo,12,7,365,283,33.792416,11.246961,5.752794,133.162571,46.988533,0.000000
outbound_extremo,12,1,365,284,25.873072,10.731869,6.577061,134.772472,58.243000,0.000000
outbound_extremo,12,7,365,284,25.884632,10.697160,6.542352,134.830900,58.067567,0.000000
outbound_extremo,12,1,365,285,26.677316,9.978413,5.155154,120.150436,47.445039,0.000000
outbound_extremo,12,7,365,285,26.677316,9.933435,5.110176,120.150436,47.249207,0.000000
outbound_extremo,12,1,365,286,25.634495,9.345246,4.916955,125.564819,48.317361,0.000000
outbound_extremo,12,7,365,286,25.646005,9.315577,4.887286,125.619402,48.176663,0.000000
outbound_extremo,12,1,365,287,23.642576,8.173350,4.481445,138.481818,50.490998,0.000000
outbound_extremo,12,7,365,287,23.642576,8.143712,4.451807,138.481818,50.322414,0.000000
outbound_extremo,12,1,365,288,26.304937,10.184698,5.402956,119.523522,48.728190,0.000000
outbound_extremo,12,7,365,288,26.711844,10.148317,5.366575,121.310537,48.568415,0.000000
outbound_extremo,12,1,365,289,24.441993,8.756588,4.772678,132.838717,50.157755,0.000000
outbound_extremo,12,7,365,289,24.543664,8.679464,4.695554,133.374646,49.751220,0.000000
outbound_extremo,12,1,365,290,23.632903,7.063039,2.954389,124.791735,40.100378,0.000000
outbound_extremo,12,7,365,290,23.632903,7.063039,2.954389,124.791735,40.100378,0.000000
outbound_extremo,12,1,365,291,21.860440,7.427344,3.943171,135.758452,48.766498,0.000000
outbound_extremo,12,7,365,291,21.868844,7.394246,3.909254,135.778129,48.556537,0.000000
outbound_extremo,12,1,365,292,24.778118,9.115227,5.084970,133.108510,51.495675,0.000000
outbound_extremo,12,7,365,292,24.857615,9.115230,5.084973,133.522736,51.495688,0.000000
outbound_extremo,12,1,365,293,22.847843,8.827942,4.999054,129.311762,52.417916,0.000000
outbound_extremo,12,7,365,293,22.913065,8.827943,4.999055,129.669480,52.417924,0.000000
outbound_extremo,12,1,365,294,25.668864,9.086517,5.006700,136.125079,50.770937,0.000000
outbound_extremo,12,7,365,294,26.099641,8.986831,4.907014,138.342413,50.257820,0.000000
outbound_extremo,12,1,365,295,26.939829,9.567251,5.558414,145.122328,54.117345,0.000000
outbound_extremo,12,7,365,295,26.956142,9.567249,5.558412,145.207782,54.117335,0.000000
outbound_extremo,12,1,365,296,21.292198,7.901505,4.284696,127.627252,49.877900,0.000000
outbound_extremo,12,7,365,296,21.292198,7.890830,4.274021,127.627252,49.815919,0.000000
outbound_extremo,12,1,365,297,23.154255,8.625912,4.963533,136.765985,53.460788,0.000000
outbound_extremo,12,7,365,297,23.153144,8.596125,4.933746,136.759614,53.289992,0.000000
outbound_extremo,12,1,365,298,22.195073,8.642563,5.040664,133.402999,54.388373,0.000000
outbound_extremo,12,7,365,298,22.210658,8.634206,5.032307,133.493864,54.339648,0.000000
outbound_extremo,12,1,365,299,22.061313,7.606420,3.838348,126.950828,46.391659,0.000000
outbound_extremo,12,7,365,299,22.061313,7.606420,3.838348,126.950828,46.391659,0.000000
outbound_extremo,12,1,365,300,22.977306,7.813491,4.592742,153.817147,54.945698,0.000000
outbound_extremo,12,7,365,300,23.020590,7.776941,4.556192,154.099368,54.707383,0.000000
