# ATENCAO: todos os fluxos deste arquivo sao SUPOSICOES; nao sao dados reais da Amanda nem das empresas citadas.
# O caso central reaproveita tickets, cadencias e dispersoes sinteticas de motor/arquetipos.py.
# Os casos baixo e alto aplicam 0,5x e 2,0x ao volume central; esses multiplicadores nao vieram de dados observados.
# Wise, Nomad, AstroPay e BCB sao referencias publicas de escala, nao fontes do fluxo projetado.
# Cada Ordem continua sendo a posicao liquida que o cliente decidiu enviar; nao ha autonetting adicional.
cenario_custo,nome_mix,n_clientes,janela_dias,horizonte_dias,cenario_fluxo,descricao_custo,descricao_fluxo,multiplicador_fluxo,natureza_do_fluxo,n_sementes,volume_anual_central_brl_p10,volume_anual_central_brl_p50,volume_anual_central_brl_p90,volume_anual_assumido_brl_p10,volume_anual_assumido_brl_p50,volume_anual_assumido_brl_p90,economia_bps_escala_assumida_p10,economia_bps_escala_assumida_p50,economia_bps_escala_assumida_p90,economia_anual_assumida_brl_p10,economia_anual_assumida_brl_p50,economia_anual_assumida_brl_p90,fracao_economia_positiva
base_hipotetica,equilibrado,8,1,365,baixo_0_5x,Hipoteses atuais do modelo; ainda nao calibradas.,"Metade do volume sintetico central; faixa de incerteza, nao dado observado.",0.500000,SUPOSICAO SINTETICA; NAO E DADO REAL,300,306131209.860000,332682327.460000,363711463.700000,153065604.930000,166341163.730000,181855731.850000,115.741241,127.180322,137.589098,1820506.215057,2121740.378529,2442873.347107,1.000000
base_hipotetica,equilibrado,8,1,365,central_1_0x,Hipoteses atuais do modelo; ainda nao calibradas.,Volume produzido pelas hipoteses atuais de ticket e cadencia dos arquetipos.,1.000000,SUPOSICAO SINTETICA; NAO E DADO REAL,300,306131209.860000,332682327.460000,363711463.700000,306131209.860000,332682327.460000,363711463.700000,114.664591,126.211607,136.512447,3607732.438092,4205000.746625,4850666.677924,1.000000
base_hipotetica,equilibrado,8,1,365,alto_2_0x,Hipoteses atuais do modelo; ainda nao calibradas.,"Duas vezes o volume sintetico central; faixa de incerteza, nao dado observado.",2.000000,SUPOSICAO SINTETICA; NAO E DADO REAL,300,306131209.860000,332682327.460000,363711463.700000,612262419.720000,665364654.920000,727422927.400000,114.126266,125.721580,136.005552,7182184.884161,8371521.482816,9666253.339558,1.000000
sem_spread,equilibrado,8,1,365,baixo_0_5x,Retira integralmente o spread evitado.,"Metade do volume sintetico central; faixa de incerteza, nao dado observado.",0.500000,SUPOSICAO SINTETICA; NAO E DADO REAL,300,306131209.860000,332682327.460000,363711463.700000,153065604.930000,166341163.730000,181855731.850000,96.851915,107.316096,116.857482,1530044.319106,1784051.105290,2076806.557105,1.000000
sem_spread,equilibrado,8,1,365,central_1_0x,Retira integralmente o spread evitado.,Volume produzido pelas hipoteses atuais de ticket e cadencia dos arquetipos.,1.000000,SUPOSICAO SINTETICA; NAO E DADO REAL,300,306131209.860000,332682327.460000,363711463.700000,306131209.860000,332682327.460000,363711463.700000,95.799256,106.248981,115.760344,3027728.651547,3533097.546389,4116734.606564,1.000000
sem_spread,equilibrado,8,1,365,alto_2_0x,Retira integralmente o spread evitado.,"Duas vezes o volume sintetico central; faixa de incerteza, nao dado observado.",2.000000,SUPOSICAO SINTETICA; NAO E DADO REAL,300,306131209.860000,332682327.460000,363711463.700000,612262419.720000,665364654.920000,727422927.400000,95.272927,105.715424,115.197760,6021767.681931,7030897.423656,8196469.220179,1.000000
sem_tarifa_fixa,equilibrado,8,1,365,baixo_0_5x,Retira integralmente a tarifa fixa evitada.,"Metade do volume sintetico central; faixa de incerteza, nao dado observado.",0.500000,SUPOSICAO SINTETICA; NAO E DADO REAL,300,306131209.860000,332682327.460000,363711463.700000,153065604.930000,166341163.730000,181855731.850000,113.596761,125.216508,135.498647,1787226.296235,2083260.659068,2407793.178406,1.000000
sem_tarifa_fixa,equilibrado,8,1,365,central_1_0x,Retira integralmente a tarifa fixa evitada.,Volume produzido pelas hipoteses atuais de ticket e cadencia dos arquetipos.,1.000000,SUPOSICAO SINTETICA; NAO E DADO REAL,300,306131209.860000,332682327.460000,363711463.700000,306131209.860000,332682327.460000,363711463.700000,113.596761,125.216508,135.498647,3574452.592470,4166521.318136,4815586.356811,1.000000
sem_tarifa_fixa,equilibrado,8,1,365,alto_2_0x,Retira integralmente a tarifa fixa evitada.,"Duas vezes o volume sintetico central; faixa de incerteza, nao dado observado.",2.000000,SUPOSICAO SINTETICA; NAO E DADO REAL,300,306131209.860000,332682327.460000,363711463.700000,612262419.720000,665364654.920000,727422927.400000,113.596761,125.216508,135.498647,7148905.184940,8333042.636271,9631172.713623,1.000000
iof_incerto_zero,equilibrado,8,1,365,baixo_0_5x,Zera somente as duas aliquotas de IOF ainda nao confirmadas.,"Metade do volume sintetico central; faixa de incerteza, nao dado observado.",0.500000,SUPOSICAO SINTETICA; NAO E DADO REAL,300,306131209.860000,332682327.460000,363711463.700000,153065604.930000,166341163.730000,181855731.850000,56.021988,65.450652,74.958194,899668.648127,1089811.982453,1298769.317756,1.000000
iof_incerto_zero,equilibrado,8,1,365,central_1_0x,Zera somente as duas aliquotas de IOF ainda nao confirmadas.,Volume produzido pelas hipoteses atuais de ticket e cadencia dos arquetipos.,1.000000,SUPOSICAO SINTETICA; NAO E DADO REAL,300,306131209.860000,332682327.460000,363711463.700000,306131209.860000,332682327.460000,363711463.700000,54.924641,64.400314,73.845923,1763097.289549,2144503.959740,2560890.869226,1.000000
iof_incerto_zero,equilibrado,8,1,365,alto_2_0x,Zera somente as duas aliquotas de IOF ainda nao confirmadas.,"Duas vezes o volume sintetico central; faixa de incerteza, nao dado observado.",2.000000,SUPOSICAO SINTETICA; NAO E DADO REAL,300,306131209.860000,332682327.460000,363711463.700000,612262419.720000,665364654.920000,727422927.400000,54.258497,63.848886,73.349457,3489954.572394,4253926.248582,5085869.152944,1.000000
piso_sem_componentes_incertos,equilibrado,8,1,365,baixo_0_5x,"Zera spread, tarifa fixa e as duas aliquotas incertas; mantem carry em 4 bps.","Metade do volume sintetico central; faixa de incerteza, nao dado observado.",0.500000,SUPOSICAO SINTETICA; NAO E DADO REAL,300,306131209.860000,332682327.460000,363711463.700000,153065604.930000,166341163.730000,181855731.850000,34.113786,43.047239,52.480520,554369.508429,722713.680099,902862.143728,1.000000
piso_sem_componentes_incertos,equilibrado,8,1,365,central_1_0x,"Zera spread, tarifa fixa e as duas aliquotas incertas; mantem carry em 4 bps.",Volume produzido pelas hipoteses atuais de ticket e cadencia dos arquetipos.,1.000000,SUPOSICAO SINTETICA; NAO E DADO REAL,300,306131209.860000,332682327.460000,363711463.700000,306131209.860000,332682327.460000,363711463.700000,34.113786,43.047239,52.480520,1108739.016858,1445427.360197,1805724.287455,1.000000
piso_sem_componentes_incertos,equilibrado,8,1,365,alto_2_0x,"Zera spread, tarifa fixa e as duas aliquotas incertas; mantem carry em 4 bps.","Duas vezes o volume sintetico central; faixa de incerteza, nao dado observado.",2.000000,SUPOSICAO SINTETICA; NAO E DADO REAL,300,306131209.860000,332682327.460000,363711463.700000,612262419.720000,665364654.920000,727422927.400000,34.113786,43.047239,52.480520,2217478.033716,2890854.720394,3611448.574911,1.000000
carry_25bps,equilibrado,8,1,365,baixo_0_5x,"Eleva o carry de 4 para 25 bps, sem alterar os demais componentes.","Metade do volume sintetico central; faixa de incerteza, nao dado observado.",0.500000,SUPOSICAO SINTETICA; NAO E DADO REAL,300,306131209.860000,332682327.460000,363711463.700000,153065604.930000,166341163.730000,181855731.850000,99.785467,110.568776,120.097419,1577104.214252,1838330.391018,2134062.445330,1.000000
carry_25bps,equilibrado,8,1,365,central_1_0x,"Eleva o carry de 4 para 25 bps, sem alterar os demais componentes.",Volume produzido pelas hipoteses atuais de ticket e cadencia dos arquetipos.,1.000000,SUPOSICAO SINTETICA; NAO E DADO REAL,300,306131209.860000,332682327.460000,363711463.700000,306131209.860000,332682327.460000,363711463.700000,98.732808,109.514045,119.107354,3120928.436481,3641180.779201,4231444.874625,1.000000
carry_25bps,equilibrado,8,1,365,alto_2_0x,"Eleva o carry de 4 para 25 bps, sem alterar os demais componentes.","Duas vezes o volume sintetico central; faixa de incerteza, nao dado observado.",2.000000,SUPOSICAO SINTETICA; NAO E DADO REAL,300,306131209.860000,332682327.460000,363711463.700000,612262419.720000,665364654.920000,727422927.400000,98.206479,108.995971,118.551492,6208576.880939,7246881.555565,8426209.733214,1.000000
combinado_severo,equilibrado,8,1,365,baixo_0_5x,Aplica o piso dos componentes incertos e eleva o carry para 25 bps.,"Metade do volume sintetico central; faixa de incerteza, nao dado observado.",0.500000,SUPOSICAO SINTETICA; NAO E DADO REAL,300,306131209.860000,332682327.460000,363711463.700000,153065604.930000,166341163.730000,181855731.850000,17.650649,26.645828,35.924088,289710.369647,441827.950173,612128.741074,1.000000
combinado_severo,equilibrado,8,1,365,central_1_0x,Aplica o piso dos componentes incertos e eleva o carry para 25 bps.,Volume produzido pelas hipoteses atuais de ticket e cadencia dos arquetipos.,1.000000,SUPOSICAO SINTETICA; NAO E DADO REAL,300,306131209.860000,332682327.460000,363711463.700000,306131209.860000,332682327.460000,363711463.700000,17.650649,26.645828,35.924088,579420.739294,883655.900345,1224257.482148,1.000000
combinado_severo,equilibrado,8,1,365,alto_2_0x,Aplica o piso dos componentes incertos e eleva o carry para 25 bps.,"Duas vezes o volume sintetico central; faixa de incerteza, nao dado observado.",2.000000,SUPOSICAO SINTETICA; NAO E DADO REAL,300,306131209.860000,332682327.460000,363711463.700000,612262419.720000,665364654.920000,727422927.400000,17.650649,26.645828,35.924088,1158841.478589,1767311.800691,2448514.964296,1.000000
sem_carry,equilibrado,8,1,365,baixo_0_5x,Limite superior simples: retira o custo de carry e mantem o restante na base.,"Metade do volume sintetico central; faixa de incerteza, nao dado observado.",0.500000,SUPOSICAO SINTETICA; NAO E DADO REAL,300,306131209.860000,332682327.460000,363711463.700000,153065604.930000,166341163.730000,181855731.850000,118.804148,130.275776,141.034234,1867755.361568,2173356.776006,2500467.921346,1.000000
sem_carry,equilibrado,8,1,365,central_1_0x,Limite superior simples: retira o custo de carry e mantem o restante na base.,Volume produzido pelas hipoteses atuais de ticket e cadencia dos arquetipos.,1.000000,SUPOSICAO SINTETICA; NAO E DADO REAL,300,306131209.860000,332682327.460000,363711463.700000,306131209.860000,332682327.460000,363711463.700000,117.766719,129.294448,139.919219,3700891.326125,4311433.560566,4965855.826401,1.000000
sem_carry,equilibrado,8,1,365,alto_2_0x,Limite superior simples: retira o custo de carry e mantem o restante na base.,"Duas vezes o volume sintetico central; faixa de incerteza, nao dado observado.",2.000000,SUPOSICAO SINTETICA; NAO E DADO REAL,300,306131209.860000,332682327.460000,363711463.700000,612262419.720000,665364654.920000,727422927.400000,117.228394,128.789360,139.412324,7367634.027631,8585716.953160,9896631.636512,1.000000
base_hipotetica,equilibrado,8,7,365,baixo_0_5x,Hipoteses atuais do modelo; ainda nao calibradas.,"Metade do volume sintetico central; faixa de incerteza, nao dado observado.",0.500000,SUPOSICAO SINTETICA; NAO E DADO REAL,300,306131209.860000,332682327.460000,363711463.700000,153065604.930000,166341163.730000,181855731.850000,117.843224,128.846874,139.262382,1848102.798117,2142015.034212,2463124.929961,1.000000
base_hipotetica,equilibrado,8,7,365,central_1_0x,Hipoteses atuais do modelo; ainda nao calibradas.,Volume produzido pelas hipoteses atuais de ticket e cadencia dos arquetipos.,1.000000,SUPOSICAO SINTETICA; NAO E DADO REAL,300,306131209.860000,332682327.460000,363711463.700000,306131209.860000,332682327.460000,363711463.700000,116.754075,127.617196,138.138598,3660125.594568,4247470.059551,4890449.864851,1.000000
base_hipotetica,equilibrado,8,7,365,alto_2_0x,Hipoteses atuais do modelo; ainda nao calibradas.,"Duas vezes o volume sintetico central; faixa de incerteza, nao dado observado.",2.000000,SUPOSICAO SINTETICA; NAO E DADO REAL,300,306131209.860000,332682327.460000,363711463.700000,612262419.720000,665364654.920000,727422927.400000,116.243088,127.100255,137.611623,7284171.187468,8458380.110230,9745099.734631,1.000000
sem_spread,equilibrado,8,7,365,baixo_0_5x,Retira integralmente o spread evitado.,"Metade do volume sintetico central; faixa de incerteza, nao dado observado.",0.500000,SUPOSICAO SINTETICA; NAO E DADO REAL,300,306131209.860000,332682327.460000,363711463.700000,153065604.930000,166341163.730000,181855731.850000,98.446923,108.657510,118.067055,1553911.788202,1805376.528210,2095803.403822,1.000000
sem_spread,equilibrado,8,7,365,central_1_0x,Retira integralmente o spread evitado.,Volume produzido pelas hipoteses atuais de ticket e cadencia dos arquetipos.,1.000000,SUPOSICAO SINTETICA; NAO E DADO REAL,300,306131209.860000,332682327.460000,363711463.700000,306131209.860000,332682327.460000,363711463.700000,97.433979,107.527241,116.928256,3072981.711447,3574873.040544,4155326.801352,1.000000
sem_spread,equilibrado,8,7,365,alto_2_0x,Retira integralmente o spread evitado.,"Duas vezes o volume sintetico central; faixa de incerteza, nao dado observado.",2.000000,SUPOSICAO SINTETICA; NAO E DADO REAL,300,306131209.860000,332682327.460000,363711463.700000,612262419.720000,665364654.920000,727422927.400000,96.964952,107.013723,116.358857,6111923.429425,7113866.065214,8274373.596412,1.000000
sem_tarifa_fixa,equilibrado,8,7,365,baixo_0_5x,Retira integralmente a tarifa fixa evitada.,"Metade do volume sintetico central; faixa de incerteza, nao dado observado.",0.500000,SUPOSICAO SINTETICA; NAO E DADO REAL,300,306131209.860000,332682327.460000,363711463.700000,153065604.930000,166341163.730000,181855731.850000,115.732115,126.621195,137.117250,1812022.911728,2105455.307896,2427324.667029,1.000000
sem_tarifa_fixa,equilibrado,8,7,365,central_1_0x,Retira integralmente a tarifa fixa evitada.,Volume produzido pelas hipoteses atuais de ticket e cadencia dos arquetipos.,1.000000,SUPOSICAO SINTETICA; NAO E DADO REAL,300,306131209.860000,332682327.460000,363711463.700000,306131209.860000,332682327.460000,363711463.700000,115.732115,126.621195,137.117250,3624045.823455,4210910.615791,4854649.334058,1.000000
sem_tarifa_fixa,equilibrado,8,7,365,alto_2_0x,Retira integralmente a tarifa fixa evitada.,"Duas vezes o volume sintetico central; faixa de incerteza, nao dado observado.",2.000000,SUPOSICAO SINTETICA; NAO E DADO REAL,300,306131209.860000,332682327.460000,363711463.700000,612262419.720000,665364654.920000,727422927.400000,115.732115,126.621195,137.117250,7248091.646910,8421821.231582,9709298.668117,1.000000
iof_incerto_zero,equilibrado,8,7,365,baixo_0_5x,Zera somente as duas aliquotas de IOF ainda nao confirmadas.,"Metade do volume sintetico central; faixa de incerteza, nao dado observado.",0.500000,SUPOSICAO SINTETICA; NAO E DADO REAL,300,306131209.860000,332682327.460000,363711463.700000,153065604.930000,166341163.730000,181855731.850000,55.949678,65.068033,74.763981,897866.858755,1091062.073183,1297601.794847,1.000000
iof_incerto_zero,equilibrado,8,7,365,central_1_0x,Zera somente as duas aliquotas de IOF ainda nao confirmadas.,Volume produzido pelas hipoteses atuais de ticket e cadencia dos arquetipos.,1.000000,SUPOSICAO SINTETICA; NAO E DADO REAL,300,306131209.860000,332682327.460000,363711463.700000,306131209.860000,332682327.460000,363711463.700000,54.820401,64.040339,73.752345,1760213.705323,2146724.131348,2556563.601705,1.000000
iof_incerto_zero,equilibrado,8,7,365,alto_2_0x,Zera somente as duas aliquotas de IOF ainda nao confirmadas.,"Duas vezes o volume sintetico central; faixa de incerteza, nao dado observado.",2.000000,SUPOSICAO SINTETICA; NAO E DADO REAL,300,306131209.860000,332682327.460000,363711463.700000,612262419.720000,665364654.920000,727422927.400000,54.271462,63.526492,73.226425,3484907.398459,4258048.247677,5074487.215421,1.000000
piso_sem_componentes_incertos,equilibrado,8,7,365,baixo_0_5x,"Zera spread, tarifa fixa e as duas aliquotas incertas; mantem carry em 4 bps.","Metade do volume sintetico central; faixa de incerteza, nao dado observado.",0.500000,SUPOSICAO SINTETICA; NAO E DADO REAL,300,306131209.860000,332682327.460000,363711463.700000,153065604.930000,166341163.730000,181855731.850000,34.071655,42.487244,52.058266,548944.270622,717783.633969,892637.127678,1.000000
piso_sem_componentes_incertos,equilibrado,8,7,365,central_1_0x,"Zera spread, tarifa fixa e as duas aliquotas incertas; mantem carry em 4 bps.",Volume produzido pelas hipoteses atuais de ticket e cadencia dos arquetipos.,1.000000,SUPOSICAO SINTETICA; NAO E DADO REAL,300,306131209.860000,332682327.460000,363711463.700000,306131209.860000,332682327.460000,363711463.700000,34.071655,42.487244,52.058266,1097888.541244,1435567.267938,1785274.255355,1.000000
piso_sem_componentes_incertos,equilibrado,8,7,365,alto_2_0x,"Zera spread, tarifa fixa e as duas aliquotas incertas; mantem carry em 4 bps.","Duas vezes o volume sintetico central; faixa de incerteza, nao dado observado.",2.000000,SUPOSICAO SINTETICA; NAO E DADO REAL,300,306131209.860000,332682327.460000,363711463.700000,612262419.720000,665364654.920000,727422927.400000,34.071655,42.487244,52.058266,2195777.082489,2871134.535876,3570548.510710,1.000000
carry_25bps,equilibrado,8,7,365,baixo_0_5x,"Eleva o carry de 4 para 25 bps, sem alterar os demais componentes.","Metade do volume sintetico central; faixa de incerteza, nao dado observado.",0.500000,SUPOSICAO SINTETICA; NAO E DADO REAL,300,306131209.860000,332682327.460000,363711463.700000,153065604.930000,166341163.730000,181855731.850000,101.807859,111.873498,121.442275,1599543.072560,1858555.284789,2158213.534226,1.000000
carry_25bps,equilibrado,8,7,365,central_1_0x,"Eleva o carry de 4 para 25 bps, sem alterar os demais componentes.",Volume produzido pelas hipoteses atuais de ticket e cadencia dos arquetipos.,1.000000,SUPOSICAO SINTETICA; NAO E DADO REAL,300,306131209.860000,332682327.460000,363711463.700000,306131209.860000,332682327.460000,363711463.700000,100.702189,110.799913,120.303476,3164606.154597,3681830.577558,4279211.461857,1.000000
carry_25bps,equilibrado,8,7,365,alto_2_0x,"Eleva o carry de 4 para 25 bps, sem alterar os demais componentes.","Duas vezes o volume sintetico central; faixa de incerteza, nao dado observado.",2.000000,SUPOSICAO SINTETICA; NAO E DADO REAL,300,306131209.860000,332682327.460000,363711463.700000,612262419.720000,665364654.920000,727422927.400000,100.153192,110.263121,119.734077,6294732.318671,7328381.163096,8519942.908459,1.000000
combinado_severo,equilibrado,8,7,365,baixo_0_5x,Aplica o piso dos componentes incertos e eleva o carry para 25 bps.,"Metade do volume sintetico central; faixa de incerteza, nao dado observado.",0.500000,SUPOSICAO SINTETICA; NAO E DADO REAL,300,306131209.860000,332682327.460000,363711463.700000,153065604.930000,166341163.730000,181855731.850000,17.371510,25.710804,35.286571,282174.252996,434301.528299,596136.369196,1.000000
combinado_severo,equilibrado,8,7,365,central_1_0x,Aplica o piso dos componentes incertos e eleva o carry para 25 bps.,Volume produzido pelas hipoteses atuais de ticket e cadencia dos arquetipos.,1.000000,SUPOSICAO SINTETICA; NAO E DADO REAL,300,306131209.860000,332682327.460000,363711463.700000,306131209.860000,332682327.460000,363711463.700000,17.371510,25.710804,35.286571,564348.505992,868603.056598,1192272.738393,1.000000
combinado_severo,equilibrado,8,7,365,alto_2_0x,Aplica o piso dos componentes incertos e eleva o carry para 25 bps.,"Duas vezes o volume sintetico central; faixa de incerteza, nao dado observado.",2.000000,SUPOSICAO SINTETICA; NAO E DADO REAL,300,306131209.860000,332682327.460000,363711463.700000,612262419.720000,665364654.920000,727422927.400000,17.371510,25.710804,35.286571,1128697.011984,1737206.113196,2384545.476785,1.000000
sem_carry,equilibrado,8,7,365,baixo_0_5x,Limite superior simples: retira o custo de carry e mantem o restante na base.,"Metade do volume sintetico central; faixa de incerteza, nao dado observado.",0.500000,SUPOSICAO SINTETICA; NAO E DADO REAL,300,306131209.860000,332682327.460000,363711463.700000,153065604.930000,166341163.730000,181855731.850000,120.972309,132.056337,142.700834,1896639.717748,2193810.788046,2521203.291053,1.000000
sem_carry,equilibrado,8,7,365,central_1_0x,Limite superior simples: retira o custo de carry e mantem o restante na base.,Volume produzido pelas hipoteses atuais de ticket e cadencia dos arquetipos.,1.000000,SUPOSICAO SINTETICA; NAO E DADO REAL,300,306131209.860000,332682327.460000,363711463.700000,306131209.860000,332682327.460000,363711463.700000,119.950335,130.949032,141.587474,3758799.444973,4352061.586996,5006606.587036,1.000000
sem_carry,equilibrado,8,7,365,alto_2_0x,Limite superior simples: retira o custo de carry e mantem o restante na base.,"Duas vezes o volume sintetico central; faixa de incerteza, nao dado observado.",2.000000,SUPOSICAO SINTETICA; NAO E DADO REAL,300,306131209.860000,332682327.460000,363711463.700000,612262419.720000,665364654.920000,727422927.400000,119.439348,130.352711,141.093087,7483118.899423,8668563.184895,9977413.179001,1.000000
base_hipotetica,equilibrado,12,1,365,baixo_0_5x,Hipoteses atuais do modelo; ainda nao calibradas.,"Metade do volume sintetico central; faixa de incerteza, nao dado observado.",0.500000,SUPOSICAO SINTETICA; NAO E DADO REAL,300,434966500.740000,470550776.500000,504253762.860000,217483250.370000,235275388.250000,252126881.430000,113.226911,124.426218,135.208311,2568341.433825,2910250.848673,3295635.230553,1.000000
base_hipotetica,equilibrado,12,1,365,central_1_0x,Hipoteses atuais do modelo; ainda nao calibradas.,Volume produzido pelas hipoteses atuais de ticket e cadencia dos arquetipos.,1.000000,SUPOSICAO SINTETICA; NAO E DADO REAL,300,434966500.740000,470550776.500000,504253762.860000,434966500.740000,470550776.500000,504253762.860000,111.984793,123.143135,133.944207,5080202.858998,5761861.717787,6531470.474070,1.000000
base_hipotetica,equilibrado,12,1,365,alto_2_0x,Hipoteses atuais do modelo; ainda nao calibradas.,"Duas vezes o volume sintetico central; faixa de incerteza, nao dado observado.",2.000000,SUPOSICAO SINTETICA; NAO E DADO REAL,300,434966500.740000,470550776.500000,504253762.860000,869933001.480000,941101553.000000,1008507525.720000,111.363734,122.525928,133.347661,10103925.709346,11465083.456014,13003140.961104,1.000000
sem_spread,equilibrado,12,1,365,baixo_0_5x,Retira integralmente o spread evitado.,"Metade do volume sintetico central; faixa de incerteza, nao dado observado.",0.500000,SUPOSICAO SINTETICA; NAO E DADO REAL,300,434966500.740000,470550776.500000,504253762.860000,217483250.370000,235275388.250000,252126881.430000,93.396936,103.946950,113.388549,2133450.993787,2430287.611173,2753882.669008,1.000000
sem_spread,equilibrado,12,1,365,central_1_0x,Retira integralmente o spread evitado.,Volume produzido pelas hipoteses atuais de ticket e cadencia dos arquetipos.,1.000000,SUPOSICAO SINTETICA; NAO E DADO REAL,300,434966500.740000,470550776.500000,504253762.860000,434966500.740000,470550776.500000,504253762.860000,92.085357,102.712535,112.195457,4204581.985018,4800845.641184,5447005.349664,1.000000
sem_spread,equilibrado,12,1,365,alto_2_0x,Retira integralmente o spread evitado.,"Duas vezes o volume sintetico central; faixa de incerteza, nao dado observado.",2.000000,SUPOSICAO SINTETICA; NAO E DADO REAL,300,434966500.740000,470550776.500000,504253762.860000,869933001.480000,941101553.000000,1008507525.720000,91.491008,102.095328,111.598911,8346843.967480,9543251.276931,10833250.710974,1.000000
sem_tarifa_fixa,equilibrado,12,1,365,baixo_0_5x,Retira integralmente a tarifa fixa evitada.,"Metade do volume sintetico central; faixa de incerteza, nao dado observado.",0.500000,SUPOSICAO SINTETICA; NAO E DADO REAL,300,434966500.740000,470550776.500000,504253762.860000,217483250.370000,235275388.250000,252126881.430000,110.742673,121.908735,132.751127,2511861.664405,2851611.009534,3235834.924688,1.000000
sem_tarifa_fixa,equilibrado,12,1,365,central_1_0x,Retira integralmente a tarifa fixa evitada.,Volume produzido pelas hipoteses atuais de ticket e cadencia dos arquetipos.,1.000000,SUPOSICAO SINTETICA; NAO E DADO REAL,300,434966500.740000,470550776.500000,504253762.860000,434966500.740000,470550776.500000,504253762.860000,110.742673,121.908735,132.751127,5023723.328810,5703222.019069,6471669.849376,1.000000
sem_tarifa_fixa,equilibrado,12,1,365,alto_2_0x,Retira integralmente a tarifa fixa evitada.,"Duas vezes o volume sintetico central; faixa de incerteza, nao dado observado.",2.000000,SUPOSICAO SINTETICA; NAO E DADO REAL,300,434966500.740000,470550776.500000,504253762.860000,869933001.480000,941101553.000000,1008507525.720000,110.742673,121.908735,132.751127,10047446.657621,11406444.038137,12943339.698751,1.000000
iof_incerto_zero,equilibrado,12,1,365,baixo_0_5x,Zera somente as duas aliquotas de IOF ainda nao confirmadas.,"Metade do volume sintetico central; faixa de incerteza, nao dado observado.",0.500000,SUPOSICAO SINTETICA; NAO E DADO REAL,300,434966500.740000,470550776.500000,504253762.860000,217483250.370000,235275388.250000,252126881.430000,70.619203,80.571308,91.031489,1605359.235279,1899354.334821,2198839.680325,1.000000
iof_incerto_zero,equilibrado,12,1,365,central_1_0x,Zera somente as duas aliquotas de IOF ainda nao confirmadas.,Volume produzido pelas hipoteses atuais de ticket e cadencia dos arquetipos.,1.000000,SUPOSICAO SINTETICA; NAO E DADO REAL,300,434966500.740000,470550776.500000,504253762.860000,434966500.740000,470550776.500000,504253762.860000,69.417729,79.246898,89.827991,3153115.101370,3740894.278037,4337399.352091,1.000000
iof_incerto_zero,equilibrado,12,1,365,alto_2_0x,Zera somente as duas aliquotas de IOF ainda nao confirmadas.,"Duas vezes o volume sintetico central; faixa de incerteza, nao dado observado.",2.000000,SUPOSICAO SINTETICA; NAO E DADO REAL,300,434966500.740000,470550776.500000,504253762.860000,869933001.480000,941101553.000000,1008507525.720000,68.804329,78.584693,89.226242,6251350.203178,7422625.890744,8614518.695621,1.000000
piso_sem_componentes_incertos,equilibrado,12,1,365,baixo_0_5x,"Zera spread, tarifa fixa e as duas aliquotas incertas; mantem carry em 4 bps.","Metade do volume sintetico central; faixa de incerteza, nao dado observado.",0.500000,SUPOSICAO SINTETICA; NAO E DADO REAL,300,434966500.740000,470550776.500000,504253762.860000,217483250.370000,235275388.250000,252126881.430000,48.049112,57.591022,67.480036,1112195.565078,1358974.204928,1629663.822732,1.000000
piso_sem_componentes_incertos,equilibrado,12,1,365,central_1_0x,"Zera spread, tarifa fixa e as duas aliquotas incertas; mantem carry em 4 bps.",Volume produzido pelas hipoteses atuais de ticket e cadencia dos arquetipos.,1.000000,SUPOSICAO SINTETICA; NAO E DADO REAL,300,434966500.740000,470550776.500000,504253762.860000,434966500.740000,470550776.500000,504253762.860000,48.049112,57.591022,67.480036,2224391.130156,2717948.409855,3259327.645463,1.000000
piso_sem_componentes_incertos,equilibrado,12,1,365,alto_2_0x,"Zera spread, tarifa fixa e as duas aliquotas incertas; mantem carry em 4 bps.","Duas vezes o volume sintetico central; faixa de incerteza, nao dado observado.",2.000000,SUPOSICAO SINTETICA; NAO E DADO REAL,300,434966500.740000,470550776.500000,504253762.860000,869933001.480000,941101553.000000,1008507525.720000,48.049112,57.591022,67.480036,4448782.260313,5435896.819710,6518655.290927,1.000000
carry_25bps,equilibrado,12,1,365,baixo_0_5x,"Eleva o carry de 4 para 25 bps, sem alterar os demais componentes.","Metade do volume sintetico central; faixa de incerteza, nao dado observado.",0.500000,SUPOSICAO SINTETICA; NAO E DADO REAL,300,434966500.740000,470550776.500000,504253762.860000,217483250.370000,235275388.250000,252126881.430000,96.426100,107.263377,116.868349,2206998.159250,2507686.029816,2843463.913959,1.000000
carry_25bps,equilibrado,12,1,365,central_1_0x,"Eleva o carry de 4 para 25 bps, sem alterar os demais componentes.",Volume produzido pelas hipoteses atuais de ticket e cadencia dos arquetipos.,1.000000,SUPOSICAO SINTETICA; NAO E DADO REAL,300,434966500.740000,470550776.500000,504253762.860000,434966500.740000,470550776.500000,504253762.860000,95.110528,106.017827,115.675257,4353364.473123,4955742.125476,5626847.843074,1.000000
carry_25bps,equilibrado,12,1,365,alto_2_0x,"Eleva o carry de 4 para 25 bps, sem alterar os demais componentes.","Duas vezes o volume sintetico central; faixa de incerteza, nao dado observado.",2.000000,SUPOSICAO SINTETICA; NAO E DADO REAL,300,434966500.740000,470550776.500000,504253762.860000,869933001.480000,941101553.000000,1008507525.720000,94.478029,105.374873,115.078711,8644408.943690,9853844.249081,11193615.701306,1.000000
combinado_severo,equilibrado,12,1,365,baixo_0_5x,Aplica o piso dos componentes incertos e eleva o carry para 25 bps.,"Metade do volume sintetico central; faixa de incerteza, nao dado observado.",0.500000,SUPOSICAO SINTETICA; NAO E DADO REAL,300,434966500.740000,470550776.500000,504253762.860000,217483250.370000,235275388.250000,252126881.430000,31.090104,40.598742,49.815929,728866.660765,946300.215351,1204588.837008,1.000000
combinado_severo,equilibrado,12,1,365,central_1_0x,Aplica o piso dos componentes incertos e eleva o carry para 25 bps.,Volume produzido pelas hipoteses atuais de ticket e cadencia dos arquetipos.,1.000000,SUPOSICAO SINTETICA; NAO E DADO REAL,300,434966500.740000,470550776.500000,504253762.860000,434966500.740000,470550776.500000,504253762.860000,31.090104,40.598742,49.815929,1457733.321530,1892600.430703,2409177.674015,1.000000
combinado_severo,equilibrado,12,1,365,alto_2_0x,Aplica o piso dos componentes incertos e eleva o carry para 25 bps.,"Duas vezes o volume sintetico central; faixa de incerteza, nao dado observado.",2.000000,SUPOSICAO SINTETICA; NAO E DADO REAL,300,434966500.740000,470550776.500000,504253762.860000,869933001.480000,941101553.000000,1008507525.720000,31.090104,40.598742,49.815929,2915466.643060,3785200.861406,4818355.348031,1.000000
sem_carry,equilibrado,12,1,365,baixo_0_5x,Limite superior simples: retira o custo de carry e mantem o restante na base.,"Metade do volume sintetico central; faixa de incerteza, nao dado observado.",0.500000,SUPOSICAO SINTETICA; NAO E DADO REAL,300,434966500.740000,470550776.500000,504253762.860000,217483250.370000,235275388.250000,252126881.430000,116.150979,127.754144,138.803699,2638685.621047,2986322.082674,3380690.381670,1.000000
sem_carry,equilibrado,12,1,365,central_1_0x,Limite superior simples: retira o custo de carry e mantem o restante na base.,Volume produzido pelas hipoteses atuais de ticket e cadencia dos arquetipos.,1.000000,SUPOSICAO SINTETICA; NAO E DADO REAL,300,434966500.740000,470550776.500000,504253762.860000,434966500.740000,470550776.500000,504253762.860000,114.908861,126.412031,137.488533,5215772.000043,5913804.155602,6701580.776304,1.000000
sem_carry,equilibrado,12,1,365,alto_2_0x,Limite superior simples: retira o custo de carry e mantem o restante na base.,"Duas vezes o volume sintetico central; faixa de incerteza, nao dado observado.",2.000000,SUPOSICAO SINTETICA; NAO E DADO REAL,300,434966500.740000,470550776.500000,504253762.860000,869933001.480000,941101553.000000,1008507525.720000,114.287802,125.794824,136.830950,10375063.991434,11768768.301459,13343361.565572,1.000000
base_hipotetica,equilibrado,12,7,365,baixo_0_5x,Hipoteses atuais do modelo; ainda nao calibradas.,"Metade do volume sintetico central; faixa de incerteza, nao dado observado.",0.500000,SUPOSICAO SINTETICA; NAO E DADO REAL,300,434966500.740000,470550776.500000,504253762.860000,217483250.370000,235275388.250000,252126881.430000,114.589798,125.986181,136.712864,2604273.204055,2953253.982786,3328512.623799,1.000000
base_hipotetica,equilibrado,12,7,365,central_1_0x,Hipoteses atuais do modelo; ainda nao calibradas.,Volume produzido pelas hipoteses atuais de ticket e cadencia dos arquetipos.,1.000000,SUPOSICAO SINTETICA; NAO E DADO REAL,300,434966500.740000,470550776.500000,504253762.860000,434966500.740000,470550776.500000,504253762.860000,113.311514,124.791119,135.462320,5148946.413827,5846107.958775,6596105.258043,1.000000
base_hipotetica,equilibrado,12,7,365,alto_2_0x,Hipoteses atuais do modelo; ainda nao calibradas.,"Duas vezes o volume sintetico central; faixa de incerteza, nao dado observado.",2.000000,SUPOSICAO SINTETICA; NAO E DADO REAL,300,434966500.740000,470550776.500000,504253762.860000,869933001.480000,941101553.000000,1008507525.720000,112.672372,124.141021,134.792612,10238292.833372,11631815.910753,13131290.526531,1.000000
sem_spread,equilibrado,12,7,365,baixo_0_5x,Retira integralmente o spread evitado.,"Metade do volume sintetico central; faixa de incerteza, nao dado observado.",0.500000,SUPOSICAO SINTETICA; NAO E DADO REAL,300,434966500.740000,470550776.500000,504253762.860000,217483250.370000,235275388.250000,252126881.430000,95.053811,105.267681,114.804664,2169325.738960,2466233.070706,2783298.189215,1.000000
sem_spread,equilibrado,12,7,365,central_1_0x,Retira integralmente o spread evitado.,Volume produzido pelas hipoteses atuais de ticket e cadencia dos arquetipos.,1.000000,SUPOSICAO SINTETICA; NAO E DADO REAL,300,434966500.740000,470550776.500000,504253762.860000,434966500.740000,470550776.500000,504253762.860000,93.778574,104.010059,113.606023,4278131.463335,4872506.142730,5506116.379898,1.000000
sem_spread,equilibrado,12,7,365,alto_2_0x,Retira integralmente o spread evitado.,"Duas vezes o volume sintetico central; faixa de incerteza, nao dado observado.",2.000000,SUPOSICAO SINTETICA; NAO E DADO REAL,300,434966500.740000,470550776.500000,504253762.860000,869933001.480000,941101553.000000,1008507525.720000,93.140956,103.352136,113.006703,8495742.912084,9685052.286779,10951752.761264,1.000000
sem_tarifa_fixa,equilibrado,12,7,365,baixo_0_5x,Retira integralmente a tarifa fixa evitada.,"Metade do volume sintetico central; faixa de incerteza, nao dado observado.",0.500000,SUPOSICAO SINTETICA; NAO E DADO REAL,300,434966500.740000,470550776.500000,504253762.860000,217483250.370000,235275388.250000,252126881.430000,112.033234,123.437888,134.122920,2544672.916916,2892853.883168,3267592.985231,1.000000
sem_tarifa_fixa,equilibrado,12,7,365,central_1_0x,Retira integralmente a tarifa fixa evitada.,Volume produzido pelas hipoteses atuais de ticket e cadencia dos arquetipos.,1.000000,SUPOSICAO SINTETICA; NAO E DADO REAL,300,434966500.740000,470550776.500000,504253762.860000,434966500.740000,470550776.500000,504253762.860000,112.033234,123.437888,134.122920,5089345.833832,5785707.766336,6535185.970461,1.000000
sem_tarifa_fixa,equilibrado,12,7,365,alto_2_0x,Retira integralmente a tarifa fixa evitada.,"Duas vezes o volume sintetico central; faixa de incerteza, nao dado observado.",2.000000,SUPOSICAO SINTETICA; NAO E DADO REAL,300,434966500.740000,470550776.500000,504253762.860000,869933001.480000,941101553.000000,1008507525.720000,112.033234,123.437888,134.122920,10178691.667664,11571415.532673,13070371.940923,1.000000
iof_incerto_zero,equilibrado,12,7,365,baixo_0_5x,Zera somente as duas aliquotas de IOF ainda nao confirmadas.,"Metade do volume sintetico central; faixa de incerteza, nao dado observado.",0.500000,SUPOSICAO SINTETICA; NAO E DADO REAL,300,434966500.740000,470550776.500000,504253762.860000,217483250.370000,235275388.250000,252126881.430000,69.933309,79.764339,90.112106,1598885.963108,1880595.530732,2178271.326154,1.000000
iof_incerto_zero,equilibrado,12,7,365,central_1_0x,Zera somente as duas aliquotas de IOF ainda nao confirmadas.,Volume produzido pelas hipoteses atuais de ticket e cadencia dos arquetipos.,1.000000,SUPOSICAO SINTETICA; NAO E DADO REAL,300,434966500.740000,470550776.500000,504253762.860000,434966500.740000,470550776.500000,504253762.860000,68.710214,78.562253,88.904228,3142731.936063,3701375.477447,4300982.641647,1.000000
iof_incerto_zero,equilibrado,12,7,365,alto_2_0x,Zera somente as duas aliquotas de IOF ainda nao confirmadas.,"Duas vezes o volume sintetico central; faixa de incerteza, nao dado observado.",2.000000,SUPOSICAO SINTETICA; NAO E DADO REAL,300,434966500.740000,470550776.500000,504253762.860000,869933001.480000,941101553.000000,1008507525.720000,68.098667,77.946567,88.300289,6230423.881971,7344070.942673,8546405.272631,1.000000
piso_sem_componentes_incertos,equilibrado,12,7,365,baixo_0_5x,"Zera spread, tarifa fixa e as duas aliquotas incertas; mantem carry em 4 bps.","Metade do volume sintetico central; faixa de incerteza, nao dado observado.",0.500000,SUPOSICAO SINTETICA; NAO E DADO REAL,300,434966500.740000,470550776.500000,504253762.860000,217483250.370000,235275388.250000,252126881.430000,47.427940,56.777966,66.447261,1097929.757205,1334299.606522,1600036.860303,1.000000
piso_sem_componentes_incertos,equilibrado,12,7,365,central_1_0x,"Zera spread, tarifa fixa e as duas aliquotas incertas; mantem carry em 4 bps.",Volume produzido pelas hipoteses atuais de ticket e cadencia dos arquetipos.,1.000000,SUPOSICAO SINTETICA; NAO E DADO REAL,300,434966500.740000,470550776.500000,504253762.860000,434966500.740000,470550776.500000,504253762.860000,47.427940,56.777966,66.447261,2195859.514409,2668599.213044,3200073.720606,1.000000
piso_sem_componentes_incertos,equilibrado,12,7,365,alto_2_0x,"Zera spread, tarifa fixa e as duas aliquotas incertas; mantem carry em 4 bps.","Duas vezes o volume sintetico central; faixa de incerteza, nao dado observado.",2.000000,SUPOSICAO SINTETICA; NAO E DADO REAL,300,434966500.740000,470550776.500000,504253762.860000,869933001.480000,941101553.000000,1008507525.720000,47.427940,56.777966,66.447261,4391719.028818,5337198.426088,6400147.441211,1.000000
carry_25bps,equilibrado,12,7,365,baixo_0_5x,"Eleva o carry de 4 para 25 bps, sem alterar os demais componentes.","Metade do volume sintetico central; faixa de incerteza, nao dado observado.",0.500000,SUPOSICAO SINTETICA; NAO E DADO REAL,300,434966500.740000,470550776.500000,504253762.860000,217483250.370000,235275388.250000,252126881.430000,98.068278,108.663335,118.309976,2241652.936865,2542312.772560,2871995.339370,1.000000
carry_25bps,equilibrado,12,7,365,central_1_0x,"Eleva o carry de 4 para 25 bps, sem alterar os demais componentes.",Volume produzido pelas hipoteses atuais de ticket e cadencia dos arquetipos.,1.000000,SUPOSICAO SINTETICA; NAO E DADO REAL,300,434966500.740000,470550776.500000,504253762.860000,434966500.740000,470550776.500000,504253762.860000,96.873340,107.418785,117.103123,4423852.896738,5027825.549079,5683670.680679,1.000000
carry_25bps,equilibrado,12,7,365,alto_2_0x,"Eleva o carry de 4 para 25 bps, sem alterar os demais componentes.","Duas vezes o volume sintetico central; faixa de incerteza, nao dado observado.",2.000000,SUPOSICAO SINTETICA; NAO E DADO REAL,300,434966500.740000,470550776.500000,504253762.860000,869933001.480000,941101553.000000,1008507525.720000,96.275871,106.796510,116.464077,8789585.777004,9998851.102118,11307021.363297,1.000000
combinado_severo,equilibrado,12,7,365,baixo_0_5x,Aplica o piso dos componentes incertos e eleva o carry para 25 bps.,"Metade do volume sintetico central; faixa de incerteza, nao dado observado.",0.500000,SUPOSICAO SINTETICA; NAO E DADO REAL,300,434966500.740000,470550776.500000,504253762.860000,217483250.370000,235275388.250000,252126881.430000,30.592329,39.434262,48.951798,714215.799040,919763.433643,1181112.593997,1.000000
combinado_severo,equilibrado,12,7,365,central_1_0x,Aplica o piso dos componentes incertos e eleva o carry para 25 bps.,Volume produzido pelas hipoteses atuais de ticket e cadencia dos arquetipos.,1.000000,SUPOSICAO SINTETICA; NAO E DADO REAL,300,434966500.740000,470550776.500000,504253762.860000,434966500.740000,470550776.500000,504253762.860000,30.592329,39.434262,48.951798,1428431.598079,1839526.867285,2362225.187994,1.000000
combinado_severo,equilibrado,12,7,365,alto_2_0x,Aplica o piso dos componentes incertos e eleva o carry para 25 bps.,"Duas vezes o volume sintetico central; faixa de incerteza, nao dado observado.",2.000000,SUPOSICAO SINTETICA; NAO E DADO REAL,300,434966500.740000,470550776.500000,504253762.860000,869933001.480000,941101553.000000,1008507525.720000,30.592329,39.434262,48.951798,2856863.196158,3679053.734571,4724450.375987,1.000000
sem_carry,equilibrado,12,7,365,baixo_0_5x,Limite superior simples: retira o custo de carry e mantem o restante na base.,"Metade do volume sintetico central; faixa de incerteza, nao dado observado.",0.500000,SUPOSICAO SINTETICA; NAO E DADO REAL,300,434966500.740000,470550776.500000,504253762.860000,217483250.370000,235275388.250000,252126881.430000,117.639602,129.366616,140.218176,2668794.787413,3028842.959786,3408295.751094,1.000000
sem_carry,equilibrado,12,7,365,central_1_0x,Limite superior simples: retira o custo de carry e mantem o restante na base.,Volume produzido pelas hipoteses atuais de ticket e cadencia dos arquetipos.,1.000000,SUPOSICAO SINTETICA; NAO E DADO REAL,300,434966500.740000,470550776.500000,504253762.860000,434966500.740000,470550776.500000,504253762.860000,116.389514,128.001691,138.994320,5277989.580545,5997285.912775,6755671.512631,1.000000
sem_carry,equilibrado,12,7,365,alto_2_0x,Limite superior simples: retira o custo de carry e mantem o restante na base.,"Duas vezes o volume sintetico central; faixa de incerteza, nao dado observado.",2.000000,SUPOSICAO SINTETICA; NAO E DADO REAL,300,434966500.740000,470550776.500000,504253762.860000,869933001.480000,941101553.000000,1008507525.720000,115.764470,127.316298,138.324612,10496379.166807,11934171.818753,13450423.035707,1.000000
base_hipotetica,retail_pesado,8,1,365,baixo_0_5x,Hipoteses atuais do modelo; ainda nao calibradas.,"Metade do volume sintetico central; faixa de incerteza, nao dado observado.",0.500000,SUPOSICAO SINTETICA; NAO E DADO REAL,300,173011310.200000,188415499.180000,202083987.010000,86505655.100000,94207749.590000,101041993.505000,114.246554,128.104719,140.562001,1044394.546657,1204455.210165,1355335.222897,1.000000
base_hipotetica,retail_pesado,8,1,365,central_1_0x,Hipoteses atuais do modelo; ainda nao calibradas.,Volume produzido pelas hipoteses atuais de ticket e cadencia dos arquetipos.,1.000000,SUPOSICAO SINTETICA; NAO E DADO REAL,300,173011310.200000,188415499.180000,202083987.010000,173011310.200000,188415499.180000,202083987.010000,108.912975,122.649312,135.100100,1987669.096932,2302630.423542,2604929.142764,1.000000
base_hipotetica,retail_pesado,8,1,365,alto_2_0x,Hipoteses atuais do modelo; ainda nao calibradas.,"Duas vezes o volume sintetico central; faixa de incerteza, nao dado observado.",2.000000,SUPOSICAO SINTETICA; NAO E DADO REAL,300,173011310.200000,188415499.180000,202083987.010000,346022620.400000,376830998.360000,404167974.020000,105.939462,119.852997,132.461195,3874218.197482,4498980.850295,5104058.281755,1.000000
sem_spread,retail_pesado,8,1,365,baixo_0_5x,Retira integralmente o spread evitado.,"Metade do volume sintetico central; faixa de incerteza, nao dado observado.",0.500000,SUPOSICAO SINTETICA; NAO E DADO REAL,300,173011310.200000,188415499.180000,202083987.010000,86505655.100000,94207749.590000,101041993.505000,102.172779,114.508964,125.557391,934711.546228,1076550.502851,1209733.535557,1.000000
sem_spread,retail_pesado,8,1,365,central_1_0x,Retira integralmente o spread evitado.,Volume produzido pelas hipoteses atuais de ticket e cadencia dos arquetipos.,1.000000,SUPOSICAO SINTETICA; NAO E DADO REAL,300,173011310.200000,188415499.180000,202083987.010000,173011310.200000,188415499.180000,202083987.010000,96.931531,108.984760,120.004475,1768303.096074,2047241.048133,2314332.817405,1.000000
sem_spread,retail_pesado,8,1,365,alto_2_0x,Retira integralmente o spread evitado.,"Duas vezes o volume sintetico central; faixa de incerteza, nao dado observado.",2.000000,SUPOSICAO SINTETICA; NAO E DADO REAL,300,173011310.200000,188415499.180000,202083987.010000,346022620.400000,376830998.360000,404167974.020000,93.936287,106.219697,117.365570,3435486.195766,3988202.099477,4522865.631038,1.000000
sem_tarifa_fixa,retail_pesado,8,1,365,baixo_0_5x,Retira integralmente a tarifa fixa evitada.,"Metade do volume sintetico central; faixa de incerteza, nao dado observado.",0.500000,SUPOSICAO SINTETICA; NAO E DADO REAL,300,173011310.200000,188415499.180000,202083987.010000,86505655.100000,94207749.590000,101041993.505000,103.227295,117.109470,129.822300,943274.583092,1098175.232305,1249564.682690,1.000000
sem_tarifa_fixa,retail_pesado,8,1,365,central_1_0x,Retira integralmente a tarifa fixa evitada.,Volume produzido pelas hipoteses atuais de ticket e cadencia dos arquetipos.,1.000000,SUPOSICAO SINTETICA; NAO E DADO REAL,300,173011310.200000,188415499.180000,202083987.010000,173011310.200000,188415499.180000,202083987.010000,103.227295,117.109470,129.822300,1886549.166184,2196350.464611,2499129.365380,1.000000
sem_tarifa_fixa,retail_pesado,8,1,365,alto_2_0x,Retira integralmente a tarifa fixa evitada.,"Duas vezes o volume sintetico central; faixa de incerteza, nao dado observado.",2.000000,SUPOSICAO SINTETICA; NAO E DADO REAL,300,173011310.200000,188415499.180000,202083987.010000,346022620.400000,376830998.360000,404167974.020000,103.227295,117.109470,129.822300,3773098.332368,4392700.929222,4998258.730760,1.000000
iof_incerto_zero,retail_pesado,8,1,365,baixo_0_5x,Zera somente as duas aliquotas de IOF ainda nao confirmadas.,"Metade do volume sintetico central; faixa de incerteza, nao dado observado.",0.500000,SUPOSICAO SINTETICA; NAO E DADO REAL,300,173011310.200000,188415499.180000,202083987.010000,86505655.100000,94207749.590000,101041993.505000,75.948973,86.083671,94.507435,702265.159002,799403.182509,910390.473258,1.000000
iof_incerto_zero,retail_pesado,8,1,365,central_1_0x,Zera somente as duas aliquotas de IOF ainda nao confirmadas.,Volume produzido pelas hipoteses atuais de ticket e cadencia dos arquetipos.,1.000000,SUPOSICAO SINTETICA; NAO E DADO REAL,300,173011310.200000,188415499.180000,202083987.010000,173011310.200000,188415499.180000,202083987.010000,70.518971,80.498911,88.780368,1304290.310996,1495205.709270,1716518.089888,1.000000
iof_incerto_zero,retail_pesado,8,1,365,alto_2_0x,Zera somente as duas aliquotas de IOF ainda nao confirmadas.,"Duas vezes o volume sintetico central; faixa de incerteza, nao dado observado.",2.000000,SUPOSICAO SINTETICA; NAO E DADO REAL,300,173011310.200000,188415499.180000,202083987.010000,346022620.400000,376830998.360000,404167974.020000,67.655671,77.706531,85.854583,2508340.614986,2885446.653792,3329156.170319,1.000000
piso_sem_componentes_incertos,retail_pesado,8,1,365,baixo_0_5x,"Zera spread, tarifa fixa e as duas aliquotas incertas; mantem carry em 4 bps.","Metade do volume sintetico central; faixa de incerteza, nao dado observado.",0.500000,SUPOSICAO SINTETICA; NAO E DADO REAL,300,173011310.200000,188415499.180000,202083987.010000,86505655.100000,94207749.590000,101041993.505000,52.796111,61.016970,68.597986,488944.778828,567078.299418,658861.304184,1.000000
piso_sem_componentes_incertos,retail_pesado,8,1,365,central_1_0x,"Zera spread, tarifa fixa e as duas aliquotas incertas; mantem carry em 4 bps.",Volume produzido pelas hipoteses atuais de ticket e cadencia dos arquetipos.,1.000000,SUPOSICAO SINTETICA; NAO E DADO REAL,300,173011310.200000,188415499.180000,202083987.010000,173011310.200000,188415499.180000,202083987.010000,52.796111,61.016970,68.597986,977889.557656,1134156.598836,1317722.608367,1.000000
piso_sem_componentes_incertos,retail_pesado,8,1,365,alto_2_0x,"Zera spread, tarifa fixa e as duas aliquotas incertas; mantem carry em 4 bps.","Duas vezes o volume sintetico central; faixa de incerteza, nao dado observado.",2.000000,SUPOSICAO SINTETICA; NAO E DADO REAL,300,173011310.200000,188415499.180000,202083987.010000,346022620.400000,376830998.360000,404167974.020000,52.796111,61.016970,68.597986,1955779.115312,2268313.197673,2635445.216734,1.000000
carry_25bps,retail_pesado,8,1,365,baixo_0_5x,"Eleva o carry de 4 para 25 bps, sem alterar os demais componentes.","Metade do volume sintetico central; faixa de incerteza, nao dado observado.",0.500000,SUPOSICAO SINTETICA; NAO E DADO REAL,300,173011310.200000,188415499.180000,202083987.010000,86505655.100000,94207749.590000,101041993.505000,104.104583,116.692716,127.954555,952260.826297,1097074.915980,1233029.805532,1.000000
carry_25bps,retail_pesado,8,1,365,central_1_0x,"Eleva o carry de 4 para 25 bps, sem alterar os demais componentes.",Volume produzido pelas hipoteses atuais de ticket e cadencia dos arquetipos.,1.000000,SUPOSICAO SINTETICA; NAO E DADO REAL,300,173011310.200000,188415499.180000,202083987.010000,173011310.200000,188415499.180000,202083987.010000,98.859587,111.172940,122.419775,1803401.656211,2088103.348199,2360828.229462,1.000000
carry_25bps,retail_pesado,8,1,365,alto_2_0x,"Eleva o carry de 4 para 25 bps, sem alterar os demais componentes.","Duas vezes o volume sintetico central; faixa de incerteza, nao dado observado.",2.000000,SUPOSICAO SINTETICA; NAO E DADO REAL,300,173011310.200000,188415499.180000,202083987.010000,346022620.400000,376830998.360000,404167974.020000,95.856795,108.401025,119.780870,3505683.316040,4069926.699608,4615856.455153,1.000000
combinado_severo,retail_pesado,8,1,365,baixo_0_5x,Aplica o piso dos componentes incertos e eleva o carry para 25 bps.,"Metade do volume sintetico central; faixa de incerteza, nao dado observado.",0.500000,SUPOSICAO SINTETICA; NAO E DADO REAL,300,173011310.200000,188415499.180000,202083987.010000,86505655.100000,94207749.590000,101041993.505000,42.195285,49.652082,56.408909,394546.151950,462650.270855,541099.915827,1.000000
combinado_severo,retail_pesado,8,1,365,central_1_0x,Aplica o piso dos componentes incertos e eleva o carry para 25 bps.,Volume produzido pelas hipoteses atuais de ticket e cadencia dos arquetipos.,1.000000,SUPOSICAO SINTETICA; NAO E DADO REAL,300,173011310.200000,188415499.180000,202083987.010000,173011310.200000,188415499.180000,202083987.010000,42.195285,49.652082,56.408909,789092.303899,925300.541710,1082199.831654,1.000000
combinado_severo,retail_pesado,8,1,365,alto_2_0x,Aplica o piso dos componentes incertos e eleva o carry para 25 bps.,"Duas vezes o volume sintetico central; faixa de incerteza, nao dado observado.",2.000000,SUPOSICAO SINTETICA; NAO E DADO REAL,300,173011310.200000,188415499.180000,202083987.010000,346022620.400000,376830998.360000,404167974.020000,42.195285,49.652082,56.408909,1578184.607799,1850601.083419,2164399.663308,1.000000
sem_carry,retail_pesado,8,1,365,baixo_0_5x,Limite superior simples: retira o custo de carry e mantem o restante na base.,"Metade do volume sintetico central; faixa de incerteza, nao dado observado.",0.500000,SUPOSICAO SINTETICA; NAO E DADO REAL,300,173011310.200000,188415499.180000,202083987.010000,86505655.100000,94207749.590000,101041993.505000,116.178358,130.273103,142.981645,1061943.826726,1224886.360198,1378612.279296,1.000000
sem_carry,retail_pesado,8,1,365,central_1_0x,Limite superior simples: retira o custo de carry e mantem o restante na base.,Volume produzido pelas hipoteses atuais de ticket e cadencia dos arquetipos.,1.000000,SUPOSICAO SINTETICA; NAO E DADO REAL,300,173011310.200000,188415499.180000,202083987.010000,173011310.200000,188415499.180000,202083987.010000,110.826367,124.822896,137.515400,2022767.657070,2343492.723607,2651424.554821,1.000000
sem_carry,retail_pesado,8,1,365,alto_2_0x,Limite superior simples: retira o custo de carry e mantem o restante na base.,"Duas vezes o volume sintetico central; faixa de incerteza, nao dado observado.",2.000000,SUPOSICAO SINTETICA; NAO E DADO REAL,300,173011310.200000,188415499.180000,202083987.010000,346022620.400000,376830998.360000,404167974.020000,107.859970,122.034325,134.876495,3944415.317757,4580705.450426,5197049.105870,1.000000
base_hipotetica,retail_pesado,8,7,365,baixo_0_5x,Hipoteses atuais do modelo; ainda nao calibradas.,"Metade do volume sintetico central; faixa de incerteza, nao dado observado.",0.500000,SUPOSICAO SINTETICA; NAO E DADO REAL,300,173011310.200000,188415499.180000,202083987.010000,86505655.100000,94207749.590000,101041993.505000,114.843452,128.562709,141.555597,1046448.981100,1210311.108775,1365731.005804,1.000000
base_hipotetica,retail_pesado,8,7,365,central_1_0x,Hipoteses atuais do modelo; ainda nao calibradas.,Volume produzido pelas hipoteses atuais de ticket e cadencia dos arquetipos.,1.000000,SUPOSICAO SINTETICA; NAO E DADO REAL,300,173011310.200000,188415499.180000,202083987.010000,173011310.200000,188415499.180000,202083987.010000,109.107936,123.337820,136.034807,1991857.956935,2315917.357637,2627222.013121,1.000000
base_hipotetica,retail_pesado,8,7,365,alto_2_0x,Hipoteses atuais do modelo; ainda nao calibradas.,"Duas vezes o volume sintetico central; faixa de incerteza, nao dado observado.",2.000000,SUPOSICAO SINTETICA; NAO E DADO REAL,300,173011310.200000,188415499.180000,202083987.010000,346022620.400000,376830998.360000,404167974.020000,106.338502,120.560309,133.204969,3882675.908606,4527204.446475,5150204.027756,1.000000
sem_spread,retail_pesado,8,7,365,baixo_0_5x,Retira integralmente o spread evitado.,"Metade do volume sintetico central; faixa de incerteza, nao dado observado.",0.500000,SUPOSICAO SINTETICA; NAO E DADO REAL,300,173011310.200000,188415499.180000,202083987.010000,86505655.100000,94207749.590000,101041993.505000,102.733002,114.968509,126.455722,937000.687966,1081749.281349,1219046.062795,1.000000
sem_spread,retail_pesado,8,7,365,central_1_0x,Retira integralmente o spread evitado.,Volume produzido pelas hipoteses atuais de ticket e cadencia dos arquetipos.,1.000000,SUPOSICAO SINTETICA; NAO E DADO REAL,300,173011310.200000,188415499.180000,202083987.010000,173011310.200000,188415499.180000,202083987.010000,97.103711,109.649680,120.940636,1771995.600935,2058818.566490,2333852.127104,1.000000
sem_spread,retail_pesado,8,7,365,alto_2_0x,Retira integralmente o spread evitado.,"Duas vezes o volume sintetico central; faixa de incerteza, nao dado observado.",2.000000,SUPOSICAO SINTETICA; NAO E DADO REAL,300,173011310.200000,188415499.180000,202083987.010000,346022620.400000,376830998.360000,404167974.020000,94.326502,106.865409,118.067694,3442951.196605,4012957.136771,4563464.255721,1.000000
sem_tarifa_fixa,retail_pesado,8,7,365,baixo_0_5x,Retira integralmente a tarifa fixa evitada.,"Metade do volume sintetico central; faixa de incerteza, nao dado observado.",0.500000,SUPOSICAO SINTETICA; NAO E DADO REAL,300,173011310.200000,188415499.180000,202083987.010000,86505655.100000,94207749.590000,101041993.505000,103.389430,117.776020,130.360206,945409.049673,1105630.971169,1261490.966710,1.000000
sem_tarifa_fixa,retail_pesado,8,7,365,central_1_0x,Retira integralmente a tarifa fixa evitada.,Volume produzido pelas hipoteses atuais de ticket e cadencia dos arquetipos.,1.000000,SUPOSICAO SINTETICA; NAO E DADO REAL,300,173011310.200000,188415499.180000,202083987.010000,173011310.200000,188415499.180000,202083987.010000,103.389430,117.776020,130.360206,1890818.099347,2211261.942338,2522981.933420,1.000000
sem_tarifa_fixa,retail_pesado,8,7,365,alto_2_0x,Retira integralmente a tarifa fixa evitada.,"Duas vezes o volume sintetico central; faixa de incerteza, nao dado observado.",2.000000,SUPOSICAO SINTETICA; NAO E DADO REAL,300,173011310.200000,188415499.180000,202083987.010000,346022620.400000,376830998.360000,404167974.020000,103.389430,117.776020,130.360206,3781636.198693,4422523.884675,5045963.866840,1.000000
iof_incerto_zero,retail_pesado,8,7,365,baixo_0_5x,Zera somente as duas aliquotas de IOF ainda nao confirmadas.,"Metade do volume sintetico central; faixa de incerteza, nao dado observado.",0.500000,SUPOSICAO SINTETICA; NAO E DADO REAL,300,173011310.200000,188415499.180000,202083987.010000,86505655.100000,94207749.590000,101041993.505000,74.684162,84.973252,93.027534,693528.134944,792055.754777,900210.340849,1.000000
iof_incerto_zero,retail_pesado,8,7,365,central_1_0x,Zera somente as duas aliquotas de IOF ainda nao confirmadas.,Volume produzido pelas hipoteses atuais de ticket e cadencia dos arquetipos.,1.000000,SUPOSICAO SINTETICA; NAO E DADO REAL,300,173011310.200000,188415499.180000,202083987.010000,173011310.200000,188415499.180000,202083987.010000,69.285589,79.376741,87.244570,1282998.203387,1478255.157233,1692505.560625,1.000000
iof_incerto_zero,retail_pesado,8,7,365,alto_2_0x,Zera somente as duas aliquotas de IOF ainda nao confirmadas.,"Duas vezes o volume sintetico central; faixa de incerteza, nao dado observado.",2.000000,SUPOSICAO SINTETICA; NAO E DADO REAL,300,173011310.200000,188415499.180000,202083987.010000,346022620.400000,376830998.360000,404167974.020000,66.662068,76.686890,84.353088,2461156.414214,2850510.312676,3277091.112020,1.000000
piso_sem_componentes_incertos,retail_pesado,8,7,365,baixo_0_5x,"Zera spread, tarifa fixa e as duas aliquotas incertas; mantem carry em 4 bps.","Metade do volume sintetico central; faixa de incerteza, nao dado observado.",0.500000,SUPOSICAO SINTETICA; NAO E DADO REAL,300,173011310.200000,188415499.180000,202083987.010000,86505655.100000,94207749.590000,101041993.505000,51.530931,59.924971,67.010248,477247.859907,555172.955605,646570.170625,1.000000
piso_sem_componentes_incertos,retail_pesado,8,7,365,central_1_0x,"Zera spread, tarifa fixa e as duas aliquotas incertas; mantem carry em 4 bps.",Volume produzido pelas hipoteses atuais de ticket e cadencia dos arquetipos.,1.000000,SUPOSICAO SINTETICA; NAO E DADO REAL,300,173011310.200000,188415499.180000,202083987.010000,173011310.200000,188415499.180000,202083987.010000,51.530931,59.924971,67.010248,954495.719814,1110345.911209,1293140.341251,1.000000
piso_sem_componentes_incertos,retail_pesado,8,7,365,alto_2_0x,"Zera spread, tarifa fixa e as duas aliquotas incertas; mantem carry em 4 bps.","Duas vezes o volume sintetico central; faixa de incerteza, nao dado observado.",2.000000,SUPOSICAO SINTETICA; NAO E DADO REAL,300,173011310.200000,188415499.180000,202083987.010000,346022620.400000,376830998.360000,404167974.020000,51.530931,59.924971,67.010248,1908991.439628,2220691.822419,2586280.682502,1.000000
carry_25bps,retail_pesado,8,7,365,baixo_0_5x,"Eleva o carry de 4 para 25 bps, sem alterar os demais componentes.","Metade do volume sintetico central; faixa de incerteza, nao dado observado.",0.500000,SUPOSICAO SINTETICA; NAO E DADO REAL,300,173011310.200000,188415499.180000,202083987.010000,86505655.100000,94207749.590000,101041993.505000,104.670674,117.143581,128.871702,954486.192395,1102319.173737,1242515.653676,1.000000
carry_25bps,retail_pesado,8,7,365,central_1_0x,"Eleva o carry de 4 para 25 bps, sem alterar os demais componentes.",Volume produzido pelas hipoteses atuais de ticket e cadencia dos arquetipos.,1.000000,SUPOSICAO SINTETICA; NAO E DADO REAL,300,173011310.200000,188415499.180000,202083987.010000,173011310.200000,188415499.180000,202083987.010000,99.024387,111.840864,123.370337,1807173.577895,2099958.351266,2380791.308866,1.000000
carry_25bps,retail_pesado,8,7,365,alto_2_0x,"Eleva o carry de 4 para 25 bps, sem alterar os demais componentes.","Duas vezes o volume sintetico central; faixa de incerteza, nao dado observado.",2.000000,SUPOSICAO SINTETICA; NAO E DADO REAL,300,173011310.200000,188415499.180000,202083987.010000,346022620.400000,376830998.360000,404167974.020000,96.248422,109.056593,120.489658,3513307.150525,4095236.706323,4657342.619246,1.000000
combinado_severo,retail_pesado,8,7,365,baixo_0_5x,Aplica o piso dos componentes incertos e eleva o carry para 25 bps.,"Metade do volume sintetico central; faixa de incerteza, nao dado observado.",0.500000,SUPOSICAO SINTETICA; NAO E DADO REAL,300,173011310.200000,188415499.180000,202083987.010000,86505655.100000,94207749.590000,101041993.505000,40.876164,48.187093,54.868083,380778.754963,447886.552704,520970.739136,1.000000
combinado_severo,retail_pesado,8,7,365,central_1_0x,Aplica o piso dos componentes incertos e eleva o carry para 25 bps.,Volume produzido pelas hipoteses atuais de ticket e cadencia dos arquetipos.,1.000000,SUPOSICAO SINTETICA; NAO E DADO REAL,300,173011310.200000,188415499.180000,202083987.010000,173011310.200000,188415499.180000,202083987.010000,40.876164,48.187093,54.868083,761557.509925,895773.105408,1041941.478272,1.000000
combinado_severo,retail_pesado,8,7,365,alto_2_0x,Aplica o piso dos componentes incertos e eleva o carry para 25 bps.,"Duas vezes o volume sintetico central; faixa de incerteza, nao dado observado.",2.000000,SUPOSICAO SINTETICA; NAO E DADO REAL,300,173011310.200000,188415499.180000,202083987.010000,346022620.400000,376830998.360000,404167974.020000,40.876164,48.187093,54.868083,1523115.019851,1791546.210816,2083882.956544,1.000000
sem_carry,retail_pesado,8,7,365,baixo_0_5x,Limite superior simples: retira o custo de carry e mantem o restante na base.,"Metade do volume sintetico central; faixa de incerteza, nao dado observado.",0.500000,SUPOSICAO SINTETICA; NAO E DADO REAL,300,173011310.200000,188415499.180000,202083987.010000,86505655.100000,94207749.590000,101041993.505000,116.781124,130.737781,143.971577,1064037.969580,1230881.001163,1389200.596685,1.000000
sem_carry,retail_pesado,8,7,365,central_1_0x,Limite superior simples: retira o custo de carry e mantem o restante na base.,Volume produzido pelas hipoteses atuais de ticket e cadencia dos arquetipos.,1.000000,SUPOSICAO SINTETICA; NAO E DADO REAL,300,173011310.200000,188415499.180000,202083987.010000,173011310.200000,188415499.180000,202083987.010000,111.028612,125.523984,138.447087,2027035.933895,2357047.740938,2674161.194884,1.000000
sem_carry,retail_pesado,8,7,365,alto_2_0x,Limite superior simples: retira o custo de carry e mantem o restante na base.,"Duas vezes o volume sintetico central; faixa de incerteza, nao dado observado.",2.000000,SUPOSICAO SINTETICA; NAO E DADO REAL,300,173011310.200000,188415499.180000,202083987.010000,346022620.400000,376830998.360000,404167974.020000,108.260422,122.751493,135.626933,3953031.862526,4609484.016027,5244082.391282,1.000000
base_hipotetica,retail_pesado,12,1,365,baixo_0_5x,Hipoteses atuais do modelo; ainda nao calibradas.,"Metade do volume sintetico central; faixa de incerteza, nao dado observado.",0.500000,SUPOSICAO SINTETICA; NAO E DADO REAL,300,255748454.010000,274668794.650000,290728262.950000,127874227.005000,137334397.325000,145364131.475000,115.392952,126.795032,137.882558,1548900.232767,1735917.360976,1936253.923327,1.000000
base_hipotetica,retail_pesado,12,1,365,central_1_0x,Hipoteses atuais do modelo; ainda nao calibradas.,Volume produzido pelas hipoteses atuais de ticket e cadencia dos arquetipos.,1.000000,SUPOSICAO SINTETICA; NAO E DADO REAL,300,255748454.010000,274668794.650000,290728262.950000,255748454.010000,274668794.650000,290728262.950000,109.392253,120.515973,131.900058,2928480.462055,3305072.074893,3699987.840067,1.000000
base_hipotetica,retail_pesado,12,1,365,alto_2_0x,Hipoteses atuais do modelo; ainda nao calibradas.,"Duas vezes o volume sintetico central; faixa de incerteza, nao dado observado.",2.000000,SUPOSICAO SINTETICA; NAO E DADO REAL,300,255748454.010000,274668794.650000,290728262.950000,511496908.020000,549337589.300000,581456525.900000,106.159933,117.442430,128.670527,5687640.920633,6443624.156546,7223205.845491,1.000000
sem_spread,retail_pesado,12,1,365,baixo_0_5x,Retira integralmente o spread evitado.,"Metade do volume sintetico central; faixa de incerteza, nao dado observado.",0.500000,SUPOSICAO SINTETICA; NAO E DADO REAL,300,255748454.010000,274668794.650000,290728262.950000,127874227.005000,137334397.325000,145364131.475000,103.370677,113.456722,123.277933,1388483.807118,1553336.361550,1730638.416187,1.000000
sem_spread,retail_pesado,12,1,365,central_1_0x,Retira integralmente o spread evitado.,Volume produzido pelas hipoteses atuais de ticket e cadencia dos arquetipos.,1.000000,SUPOSICAO SINTETICA; NAO E DADO REAL,300,255748454.010000,274668794.650000,290728262.950000,255748454.010000,274668794.650000,290728262.950000,97.369978,107.282973,117.257833,2607647.610757,2940124.148786,3289817.049604,1.000000
sem_spread,retail_pesado,12,1,365,alto_2_0x,Retira integralmente o spread evitado.,"Duas vezes o volume sintetico central; faixa de incerteza, nao dado observado.",2.000000,SUPOSICAO SINTETICA; NAO E DADO REAL,300,255748454.010000,274668794.650000,290728262.950000,511496908.020000,549337589.300000,581456525.900000,94.193858,104.135252,114.080545,5045975.218037,5713728.304333,6403861.390055,1.000000
sem_tarifa_fixa,retail_pesado,12,1,365,baixo_0_5x,Retira integralmente a tarifa fixa evitada.,"Metade do volume sintetico central; faixa de incerteza, nao dado observado.",0.500000,SUPOSICAO SINTETICA; NAO E DADO REAL,300,255748454.010000,274668794.650000,290728262.950000,127874227.005000,137334397.325000,145364131.475000,103.075838,114.392936,125.599844,1379580.047296,1569275.861290,1762394.239251,1.000000
sem_tarifa_fixa,retail_pesado,12,1,365,central_1_0x,Retira integralmente a tarifa fixa evitada.,Volume produzido pelas hipoteses atuais de ticket e cadencia dos arquetipos.,1.000000,SUPOSICAO SINTETICA; NAO E DADO REAL,300,255748454.010000,274668794.650000,290728262.950000,255748454.010000,274668794.650000,290728262.950000,103.075838,114.392936,125.599844,2759160.094592,3138551.722580,3524788.478503,1.000000
sem_tarifa_fixa,retail_pesado,12,1,365,alto_2_0x,Retira integralmente a tarifa fixa evitada.,"Duas vezes o volume sintetico central; faixa de incerteza, nao dado observado.",2.000000,SUPOSICAO SINTETICA; NAO E DADO REAL,300,255748454.010000,274668794.650000,290728262.950000,511496908.020000,549337589.300000,581456525.900000,103.075838,114.392936,125.599844,5518320.189184,6277103.445161,7049576.957005,1.000000
iof_incerto_zero,retail_pesado,12,1,365,baixo_0_5x,Zera somente as duas aliquotas de IOF ainda nao confirmadas.,"Metade do volume sintetico central; faixa de incerteza, nao dado observado.",0.500000,SUPOSICAO SINTETICA; NAO E DADO REAL,300,255748454.010000,274668794.650000,290728262.950000,127874227.005000,137334397.325000,145364131.475000,72.421773,81.205987,89.807059,992466.161906,1105265.994456,1237397.182394,1.000000
iof_incerto_zero,retail_pesado,12,1,365,central_1_0x,Zera somente as duas aliquotas de IOF ainda nao confirmadas.,Volume produzido pelas hipoteses atuais de ticket e cadencia dos arquetipos.,1.000000,SUPOSICAO SINTETICA; NAO E DADO REAL,300,255748454.010000,274668794.650000,290728262.950000,255748454.010000,274668794.650000,290728262.950000,66.402732,75.160859,83.651161,1817332.336737,2042518.594869,2303554.353689,1.000000
iof_incerto_zero,retail_pesado,12,1,365,alto_2_0x,Zera somente as duas aliquotas de IOF ainda nao confirmadas.,"Duas vezes o volume sintetico central; faixa de incerteza, nao dado observado.",2.000000,SUPOSICAO SINTETICA; NAO E DADO REAL,300,255748454.010000,274668794.650000,290728262.950000,511496908.020000,549337589.300000,581456525.900000,63.340429,72.153830,80.431035,3467064.686399,3916743.563231,4435868.696277,1.000000
piso_sem_componentes_incertos,retail_pesado,12,1,365,baixo_0_5x,"Zera spread, tarifa fixa e as duas aliquotas incertas; mantem carry em 4 bps.","Metade do volume sintetico central; faixa de incerteza, nao dado observado.",0.500000,SUPOSICAO SINTETICA; NAO E DADO REAL,300,255748454.010000,274668794.650000,290728262.950000,127874227.005000,137334397.325000,145364131.475000,47.952807,55.889612,62.298819,661747.270518,757846.873183,865028.242579,1.000000
piso_sem_componentes_incertos,retail_pesado,12,1,365,central_1_0x,"Zera spread, tarifa fixa e as duas aliquotas incertas; mantem carry em 4 bps.",Volume produzido pelas hipoteses atuais de ticket e cadencia dos arquetipos.,1.000000,SUPOSICAO SINTETICA; NAO E DADO REAL,300,255748454.010000,274668794.650000,290728262.950000,255748454.010000,274668794.650000,290728262.950000,47.952807,55.889612,62.298819,1323494.541035,1515693.746367,1730056.485158,1.000000
piso_sem_componentes_incertos,retail_pesado,12,1,365,alto_2_0x,"Zera spread, tarifa fixa e as duas aliquotas incertas; mantem carry em 4 bps.","Duas vezes o volume sintetico central; faixa de incerteza, nao dado observado.",2.000000,SUPOSICAO SINTETICA; NAO E DADO REAL,300,255748454.010000,274668794.650000,290728262.950000,511496908.020000,549337589.300000,581456525.900000,47.952807,55.889612,62.298819,2646989.082070,3031387.492734,3460112.970317,1.000000
carry_25bps,retail_pesado,12,1,365,baixo_0_5x,"Eleva o carry de 4 para 25 bps, sem alterar os demais componentes.","Metade do volume sintetico central; faixa de incerteza, nao dado observado.",0.500000,SUPOSICAO SINTETICA; NAO E DADO REAL,300,255748454.010000,274668794.650000,290728262.950000,127874227.005000,137334397.325000,145364131.475000,105.294241,115.581890,125.614673,1414150.435221,1582549.321458,1763570.612978,1.000000
carry_25bps,retail_pesado,12,1,365,central_1_0x,"Eleva o carry de 4 para 25 bps, sem alterar os demais componentes.",Volume produzido pelas hipoteses atuais de ticket e cadencia dos arquetipos.,1.000000,SUPOSICAO SINTETICA; NAO E DADO REAL,300,255748454.010000,274668794.650000,290728262.950000,255748454.010000,274668794.650000,290728262.950000,99.293542,109.400253,119.600589,2658980.866965,2998515.816963,3355444.376078,1.000000
carry_25bps,retail_pesado,12,1,365,alto_2_0x,"Eleva o carry de 4 para 25 bps, sem alterar os demais componentes.","Duas vezes o volume sintetico central; faixa de incerteza, nao dado observado.",2.000000,SUPOSICAO SINTETICA; NAO E DADO REAL,300,255748454.010000,274668794.650000,290728262.950000,511496908.020000,549337589.300000,581456525.900000,96.108430,106.266344,116.414033,5148641.730452,5830511.640687,6534956.502925,1.000000
combinado_severo,retail_pesado,12,1,365,baixo_0_5x,Aplica o piso dos componentes incertos e eleva o carry para 25 bps.,"Metade do volume sintetico central; faixa de incerteza, nao dado observado.",0.500000,SUPOSICAO SINTETICA; NAO E DADO REAL,300,255748454.010000,274668794.650000,290728262.950000,127874227.005000,137334397.325000,145364131.475000,37.758556,44.626019,50.388375,522643.380693,604621.147777,693329.694545,1.000000
combinado_severo,retail_pesado,12,1,365,central_1_0x,Aplica o piso dos componentes incertos e eleva o carry para 25 bps.,Volume produzido pelas hipoteses atuais de ticket e cadencia dos arquetipos.,1.000000,SUPOSICAO SINTETICA; NAO E DADO REAL,300,255748454.010000,274668794.650000,290728262.950000,255748454.010000,274668794.650000,290728262.950000,37.758556,44.626019,50.388375,1045286.761387,1209242.295554,1386659.389090,1.000000
combinado_severo,retail_pesado,12,1,365,alto_2_0x,Aplica o piso dos componentes incertos e eleva o carry para 25 bps.,"Duas vezes o volume sintetico central; faixa de incerteza, nao dado observado.",2.000000,SUPOSICAO SINTETICA; NAO E DADO REAL,300,255748454.010000,274668794.650000,290728262.950000,511496908.020000,549337589.300000,581456525.900000,37.758556,44.626019,50.388375,2090573.522774,2418484.591109,2773318.778181,1.000000
sem_carry,retail_pesado,12,1,365,baixo_0_5x,Limite superior simples: retira o custo de carry e mantem o restante na base.,"Metade do volume sintetico central; faixa de incerteza, nao dado observado.",0.500000,SUPOSICAO SINTETICA; NAO E DADO REAL,300,255748454.010000,274668794.650000,290728262.950000,127874227.005000,137334397.325000,145364131.475000,117.316516,128.938728,140.219759,1574566.860870,1765130.320884,1969067.586564,1.000000
sem_carry,retail_pesado,12,1,365,central_1_0x,Limite superior simples: retira o custo de carry e mantem o restante na base.,Volume produzido pelas hipoteses atuais de ticket e cadencia dos arquetipos.,1.000000,SUPOSICAO SINTETICA; NAO E DADO REAL,300,255748454.010000,274668794.650000,290728262.950000,255748454.010000,274668794.650000,290728262.950000,111.315817,122.633253,134.238208,2979813.718263,3363463.743070,3765570.482800,1.000000
sem_carry,retail_pesado,12,1,365,alto_2_0x,Limite superior simples: retira o custo de carry e mantem o restante na base.,"Duas vezes o volume sintetico central; faixa de incerteza, nao dado observado.",2.000000,SUPOSICAO SINTETICA; NAO E DADO REAL,300,255748454.010000,274668794.650000,290728262.950000,511496908.020000,549337589.300000,581456525.900000,108.074505,119.570498,131.007267,5790307.433049,6560407.492900,7354300.958361,1.000000
base_hipotetica,retail_pesado,12,7,365,baixo_0_5x,Hipoteses atuais do modelo; ainda nao calibradas.,"Metade do volume sintetico central; faixa de incerteza, nao dado observado.",0.500000,SUPOSICAO SINTETICA; NAO E DADO REAL,300,255748454.010000,274668794.650000,290728262.950000,127874227.005000,137334397.325000,145364131.475000,115.554322,127.010567,138.717659,1557077.855989,1744771.294747,1937286.637270,1.000000
base_hipotetica,retail_pesado,12,7,365,central_1_0x,Hipoteses atuais do modelo; ainda nao calibradas.,Volume produzido pelas hipoteses atuais de ticket e cadencia dos arquetipos.,1.000000,SUPOSICAO SINTETICA; NAO E DADO REAL,300,255748454.010000,274668794.650000,290728262.950000,255748454.010000,274668794.650000,290728262.950000,109.550733,120.985733,132.395837,2945275.701002,3320662.600346,3701933.272349,1.000000
base_hipotetica,retail_pesado,12,7,365,alto_2_0x,Hipoteses atuais do modelo; ainda nao calibradas.,"Duas vezes o volume sintetico central; faixa de incerteza, nao dado observado.",2.000000,SUPOSICAO SINTETICA; NAO E DADO REAL,300,255748454.010000,274668794.650000,290728262.950000,511496908.020000,549337589.300000,581456525.900000,106.391152,117.926946,129.189205,5721671.391030,6472445.211545,7231965.703286,1.000000
sem_spread,retail_pesado,12,7,365,baixo_0_5x,Retira integralmente o spread evitado.,"Metade do volume sintetico central; faixa de incerteza, nao dado observado.",0.500000,SUPOSICAO SINTETICA; NAO E DADO REAL,300,255748454.010000,274668794.650000,290728262.950000,127874227.005000,137334397.325000,145364131.475000,103.513947,113.694985,124.096034,1395659.634354,1561528.262346,1732095.217554,1.000000
sem_spread,retail_pesado,12,7,365,central_1_0x,Retira integralmente o spread evitado.,Volume produzido pelas hipoteses atuais de ticket e cadencia dos arquetipos.,1.000000,SUPOSICAO SINTETICA; NAO E DADO REAL,300,255748454.010000,274668794.650000,290728262.950000,255748454.010000,274668794.650000,290728262.950000,97.510358,107.628958,117.696137,2622439.257733,2954176.535545,3291550.432916,1.000000
sem_spread,retail_pesado,12,7,365,alto_2_0x,Retira integralmente o spread evitado.,"Duas vezes o volume sintetico central; faixa de incerteza, nao dado observado.",2.000000,SUPOSICAO SINTETICA; NAO E DADO REAL,300,255748454.010000,274668794.650000,290728262.950000,511496908.020000,549337589.300000,581456525.900000,94.390077,104.570171,114.560180,5075998.504490,5739473.081943,6410672.623690,1.000000
sem_tarifa_fixa,retail_pesado,12,7,365,baixo_0_5x,Retira integralmente a tarifa fixa evitada.,"Metade do volume sintetico central; faixa de incerteza, nao dado observado.",0.500000,SUPOSICAO SINTETICA; NAO E DADO REAL,300,255748454.010000,274668794.650000,290728262.950000,127874227.005000,137334397.325000,145364131.475000,103.367046,114.931971,125.809647,1388197.937719,1575153.657568,1765744.418308,1.000000
sem_tarifa_fixa,retail_pesado,12,7,365,central_1_0x,Retira integralmente a tarifa fixa evitada.,Volume produzido pelas hipoteses atuais de ticket e cadencia dos arquetipos.,1.000000,SUPOSICAO SINTETICA; NAO E DADO REAL,300,255748454.010000,274668794.650000,290728262.950000,255748454.010000,274668794.650000,290728262.950000,103.367046,114.931971,125.809647,2776395.875438,3150307.315135,3531488.836616,1.000000
sem_tarifa_fixa,retail_pesado,12,7,365,alto_2_0x,Retira integralmente a tarifa fixa evitada.,"Duas vezes o volume sintetico central; faixa de incerteza, nao dado observado.",2.000000,SUPOSICAO SINTETICA; NAO E DADO REAL,300,255748454.010000,274668794.650000,290728262.950000,511496908.020000,549337589.300000,581456525.900000,103.367046,114.931971,125.809647,5552791.750877,6300614.630270,7062977.673232,1.000000
iof_incerto_zero,retail_pesado,12,7,365,baixo_0_5x,Zera somente as duas aliquotas de IOF ainda nao confirmadas.,"Metade do volume sintetico central; faixa de incerteza, nao dado observado.",0.500000,SUPOSICAO SINTETICA; NAO E DADO REAL,300,255748454.010000,274668794.650000,290728262.950000,127874227.005000,137334397.325000,145364131.475000,71.450985,80.520016,88.814450,983799.684874,1092963.966487,1214862.553136,1.000000
iof_incerto_zero,retail_pesado,12,7,365,central_1_0x,Zera somente as duas aliquotas de IOF ainda nao confirmadas.,Volume produzido pelas hipoteses atuais de ticket e cadencia dos arquetipos.,1.000000,SUPOSICAO SINTETICA; NAO E DADO REAL,300,255748454.010000,274668794.650000,290728262.950000,255748454.010000,274668794.650000,290728262.950000,65.287187,74.475849,82.673352,1798646.784542,2021964.234237,2260965.099885,1.000000
iof_incerto_zero,retail_pesado,12,7,365,alto_2_0x,Zera somente as duas aliquotas de IOF ainda nao confirmadas.,"Duas vezes o volume sintetico central; faixa de incerteza, nao dado observado.",2.000000,SUPOSICAO SINTETICA; NAO E DADO REAL,300,255748454.010000,274668794.650000,290728262.950000,511496908.020000,549337589.300000,581456525.900000,62.230627,71.440004,79.509421,3428213.559231,3879372.776823,4353170.193383,1.000000
piso_sem_componentes_incertos,retail_pesado,12,7,365,baixo_0_5x,"Zera spread, tarifa fixa e as duas aliquotas incertas; mantem carry em 4 bps.","Metade do volume sintetico central; faixa de incerteza, nao dado observado.",0.500000,SUPOSICAO SINTETICA; NAO E DADO REAL,300,255748454.010000,274668794.650000,290728262.950000,127874227.005000,137334397.325000,145364131.475000,47.122298,54.971085,61.469771,651705.102871,745284.554049,844547.697005,1.000000
piso_sem_componentes_incertos,retail_pesado,12,7,365,central_1_0x,"Zera spread, tarifa fixa e as duas aliquotas incertas; mantem carry em 4 bps.",Volume produzido pelas hipoteses atuais de ticket e cadencia dos arquetipos.,1.000000,SUPOSICAO SINTETICA; NAO E DADO REAL,300,255748454.010000,274668794.650000,290728262.950000,255748454.010000,274668794.650000,290728262.950000,47.122298,54.971085,61.469771,1303410.205741,1490569.108098,1689095.394009,1.000000
piso_sem_componentes_incertos,retail_pesado,12,7,365,alto_2_0x,"Zera spread, tarifa fixa e as duas aliquotas incertas; mantem carry em 4 bps.","Duas vezes o volume sintetico central; faixa de incerteza, nao dado observado.",2.000000,SUPOSICAO SINTETICA; NAO E DADO REAL,300,255748454.010000,274668794.650000,290728262.950000,511496908.020000,549337589.300000,581456525.900000,47.122298,54.971085,61.469771,2606820.411482,2981138.216196,3378190.788019,1.000000
carry_25bps,retail_pesado,12,7,365,baixo_0_5x,"Eleva o carry de 4 para 25 bps, sem alterar os demais componentes.","Metade do volume sintetico central; faixa de incerteza, nao dado observado.",0.500000,SUPOSICAO SINTETICA; NAO E DADO REAL,300,255748454.010000,274668794.650000,290728262.950000,127874227.005000,137334397.325000,145364131.475000,105.440407,115.825457,126.435494,1421486.549816,1590847.147530,1764925.844709,1.000000
carry_25bps,retail_pesado,12,7,365,central_1_0x,"Eleva o carry de 4 para 25 bps, sem alterar os demais componentes.",Volume produzido pelas hipoteses atuais de ticket e cadencia dos arquetipos.,1.000000,SUPOSICAO SINTETICA; NAO E DADO REAL,300,255748454.010000,274668794.650000,290728262.950000,255748454.010000,274668794.650000,290728262.950000,99.436818,109.766042,120.048089,2674093.088656,3012814.305913,3357211.687225,1.000000
carry_25bps,retail_pesado,12,7,365,alto_2_0x,"Eleva o carry de 4 para 25 bps, sem alterar os demais componentes.","Duas vezes o volume sintetico central; faixa de incerteza, nao dado observado.",2.000000,SUPOSICAO SINTETICA; NAO E DADO REAL,300,255748454.010000,274668794.650000,290728262.950000,511496908.020000,549337589.300000,581456525.900000,96.310249,106.707255,116.900824,5179306.166336,5856748.622679,6542079.516426,1.000000
combinado_severo,retail_pesado,12,7,365,baixo_0_5x,Aplica o piso dos componentes incertos e eleva o carry para 25 bps.,"Metade do volume sintetico central; faixa de incerteza, nao dado observado.",0.500000,SUPOSICAO SINTETICA; NAO E DADO REAL,300,255748454.010000,274668794.650000,290728262.950000,127874227.005000,137334397.325000,145364131.475000,36.995160,43.734679,49.151676,508213.403906,591402.349984,678200.577159,1.000000
combinado_severo,retail_pesado,12,7,365,central_1_0x,Aplica o piso dos componentes incertos e eleva o carry para 25 bps.,Volume produzido pelas hipoteses atuais de ticket e cadencia dos arquetipos.,1.000000,SUPOSICAO SINTETICA; NAO E DADO REAL,300,255748454.010000,274668794.650000,290728262.950000,255748454.010000,274668794.650000,290728262.950000,36.995160,43.734679,49.151676,1016426.807811,1182804.699969,1356401.154318,1.000000
combinado_severo,retail_pesado,12,7,365,alto_2_0x,Aplica o piso dos componentes incertos e eleva o carry para 25 bps.,"Duas vezes o volume sintetico central; faixa de incerteza, nao dado observado.",2.000000,SUPOSICAO SINTETICA; NAO E DADO REAL,300,255748454.010000,274668794.650000,290728262.950000,511496908.020000,549337589.300000,581456525.900000,36.995160,43.734679,49.151676,2032853.615623,2365609.399937,2712802.308637,1.000000
sem_carry,retail_pesado,12,7,365,baixo_0_5x,Limite superior simples: retira o custo de carry e mantem o restante na base.,"Metade do volume sintetico central; faixa de incerteza, nao dado observado.",0.500000,SUPOSICAO SINTETICA; NAO E DADO REAL,300,255748454.010000,274668794.650000,290728262.950000,127874227.005000,137334397.325000,145364131.475000,117.480782,129.155223,141.057119,1582904.771450,1774090.179931,1970117.264425,1.000000
sem_carry,retail_pesado,12,7,365,central_1_0x,Limite superior simples: retira o custo de carry e mantem o restante na base.,Volume produzido pelas hipoteses atuais de ticket e cadencia dos arquetipos.,1.000000,SUPOSICAO SINTETICA; NAO E DADO REAL,300,255748454.010000,274668794.650000,290728262.950000,255748454.010000,274668794.650000,290728262.950000,111.477193,123.122817,134.747789,2996929.531926,3379300.370714,3767594.526658,1.000000
sem_carry,retail_pesado,12,7,365,alto_2_0x,Limite superior simples: retira o custo de carry e mantem o restante na base.,"Duas vezes o volume sintetico central; faixa de incerteza, nao dado observado.",2.000000,SUPOSICAO SINTETICA; NAO E DADO REAL,300,255748454.010000,274668794.650000,290728262.950000,511496908.020000,549337589.300000,581456525.900000,108.311324,120.064030,131.529849,5824979.052876,6589720.752281,7363372.596022,1.000000
base_hipotetica,corporativo_pesado,8,1,365,baixo_0_5x,Hipoteses atuais do modelo; ainda nao calibradas.,"Metade do volume sintetico central; faixa de incerteza, nao dado observado.",0.500000,SUPOSICAO SINTETICA; NAO E DADO REAL,300,309046131.680000,343034397.510000,380881210.370000,154523065.840000,171517198.755000,190440605.185000,78.942358,93.723403,108.611502,1309214.004694,1615909.686499,1975226.018718,1.000000
base_hipotetica,corporativo_pesado,8,1,365,central_1_0x,Hipoteses atuais do modelo; ainda nao calibradas.,Volume produzido pelas hipoteses atuais de ticket e cadencia dos arquetipos.,1.000000,SUPOSICAO SINTETICA; NAO E DADO REAL,300,309046131.680000,343034397.510000,380881210.370000,309046131.680000,343034397.510000,380881210.370000,78.661137,93.458954,108.342611,2611028.023640,3223539.379261,3941572.051596,1.000000
base_hipotetica,corporativo_pesado,8,1,365,alto_2_0x,Hipoteses atuais do modelo; ainda nao calibradas.,"Duas vezes o volume sintetico central; faixa de incerteza, nao dado observado.",2.000000,SUPOSICAO SINTETICA; NAO E DADO REAL,300,309046131.680000,343034397.510000,380881210.370000,618092263.360000,686068795.020000,761762420.740000,78.520527,93.322578,108.208166,5214656.061534,6438798.764786,7874264.117354,1.000000
sem_spread,corporativo_pesado,8,1,365,baixo_0_5x,Retira integralmente o spread evitado.,"Metade do volume sintetico central; faixa de incerteza, nao dado observado.",0.500000,SUPOSICAO SINTETICA; NAO E DADO REAL,300,309046131.680000,343034397.510000,380881210.370000,154523065.840000,171517198.755000,190440605.185000,58.674535,72.576803,86.612353,979806.860079,1253954.466485,1576147.204094,1.000000
sem_spread,corporativo_pesado,8,1,365,central_1_0x,Retira integralmente o spread evitado.,Volume produzido pelas hipoteses atuais de ticket e cadencia dos arquetipos.,1.000000,SUPOSICAO SINTETICA; NAO E DADO REAL,300,309046131.680000,343034397.510000,380881210.370000,309046131.680000,343034397.510000,380881210.370000,58.426017,72.332512,86.352479,1951653.717282,2499308.923061,3143414.422350,1.000000
sem_spread,corporativo_pesado,8,1,365,alto_2_0x,Retira integralmente o spread evitado.,"Duas vezes o volume sintetico central; faixa de incerteza, nao dado observado.",2.000000,SUPOSICAO SINTETICA; NAO E DADO REAL,300,309046131.680000,343034397.510000,380881210.370000,618092263.360000,686068795.020000,761762420.740000,58.301758,72.210367,86.222542,3895347.431687,4989779.303024,6277948.858861,1.000000
sem_tarifa_fixa,corporativo_pesado,8,1,365,baixo_0_5x,Retira integralmente a tarifa fixa evitada.,"Metade do volume sintetico central; faixa de incerteza, nao dado observado.",0.500000,SUPOSICAO SINTETICA; NAO E DADO REAL,300,309046131.680000,343034397.510000,380881210.370000,154523065.840000,171517198.755000,190440605.185000,78.379897,93.186194,108.073731,1301813.854933,1607629.591964,1966346.066322,1.000000
sem_tarifa_fixa,corporativo_pesado,8,1,365,central_1_0x,Retira integralmente a tarifa fixa evitada.,Volume produzido pelas hipoteses atuais de ticket e cadencia dos arquetipos.,1.000000,SUPOSICAO SINTETICA; NAO E DADO REAL,300,309046131.680000,343034397.510000,380881210.370000,309046131.680000,343034397.510000,380881210.370000,78.379897,93.186194,108.073731,2603627.709865,3215259.183929,3932692.132645,1.000000
sem_tarifa_fixa,corporativo_pesado,8,1,365,alto_2_0x,Retira integralmente a tarifa fixa evitada.,"Duas vezes o volume sintetico central; faixa de incerteza, nao dado observado.",2.000000,SUPOSICAO SINTETICA; NAO E DADO REAL,300,309046131.680000,343034397.510000,380881210.370000,618092263.360000,686068795.020000,761762420.740000,78.379897,93.186194,108.073731,5207255.419731,6430518.367857,7865384.265289,1.000000
iof_incerto_zero,corporativo_pesado,8,1,365,baixo_0_5x,Zera somente as duas aliquotas de IOF ainda nao confirmadas.,"Metade do volume sintetico central; faixa de incerteza, nao dado observado.",0.500000,SUPOSICAO SINTETICA; NAO E DADO REAL,300,309046131.680000,343034397.510000,380881210.370000,154523065.840000,171517198.755000,190440605.185000,68.326272,83.979201,99.812310,1137847.977807,1451968.778624,1818500.181473,1.000000
iof_incerto_zero,corporativo_pesado,8,1,365,central_1_0x,Zera somente as duas aliquotas de IOF ainda nao confirmadas.,Volume produzido pelas hipoteses atuais de ticket e cadencia dos arquetipos.,1.000000,SUPOSICAO SINTETICA; NAO E DADO REAL,300,309046131.680000,343034397.510000,380881210.370000,309046131.680000,343034397.510000,380881210.370000,68.101805,83.717751,99.552436,2267255.943915,2895013.380834,3628120.377107,1.000000
iof_incerto_zero,corporativo_pesado,8,1,365,alto_2_0x,Zera somente as duas aliquotas de IOF ainda nao confirmadas.,"Duas vezes o volume sintetico central; faixa de incerteza, nao dado observado.",2.000000,SUPOSICAO SINTETICA; NAO E DADO REAL,300,309046131.680000,343034397.510000,380881210.370000,618092263.360000,686068795.020000,761762420.740000,67.989572,83.587026,99.422499,4526071.876130,5780751.560228,7247360.768374,1.000000
piso_sem_componentes_incertos,corporativo_pesado,8,1,365,baixo_0_5x,"Zera spread, tarifa fixa e as duas aliquotas incertas; mantem carry em 4 bps.","Metade do volume sintetico central; faixa de incerteza, nao dado observado.",0.500000,SUPOSICAO SINTETICA; NAO E DADO REAL,300,309046131.680000,343034397.510000,380881210.370000,154523065.840000,171517198.755000,190440605.185000,48.139282,62.454886,77.597396,798349.800494,1079626.570998,1400189.746078,1.000000
piso_sem_componentes_incertos,corporativo_pesado,8,1,365,central_1_0x,"Zera spread, tarifa fixa e as duas aliquotas incertas; mantem carry em 4 bps.",Volume produzido pelas hipoteses atuais de ticket e cadencia dos arquetipos.,1.000000,SUPOSICAO SINTETICA; NAO E DADO REAL,300,309046131.680000,343034397.510000,380881210.370000,309046131.680000,343034397.510000,380881210.370000,48.139282,62.454886,77.597396,1596699.600987,2159253.141996,2800379.492156,1.000000
piso_sem_componentes_incertos,corporativo_pesado,8,1,365,alto_2_0x,"Zera spread, tarifa fixa e as duas aliquotas incertas; mantem carry em 4 bps.","Duas vezes o volume sintetico central; faixa de incerteza, nao dado observado.",2.000000,SUPOSICAO SINTETICA; NAO E DADO REAL,300,309046131.680000,343034397.510000,380881210.370000,618092263.360000,686068795.020000,761762420.740000,48.139282,62.454886,77.597396,3193399.201975,4318506.283992,5600758.984313,1.000000
carry_25bps,corporativo_pesado,8,1,365,baixo_0_5x,"Eleva o carry de 4 para 25 bps, sem alterar os demais componentes.","Metade do volume sintetico central; faixa de incerteza, nao dado observado.",0.500000,SUPOSICAO SINTETICA; NAO E DADO REAL,300,309046131.680000,343034397.510000,380881210.370000,154523065.840000,171517198.755000,190440605.185000,61.941732,75.946438,90.116981,1028611.672886,1313594.993674,1639999.814434,1.000000
carry_25bps,corporativo_pesado,8,1,365,central_1_0x,"Eleva o carry de 4 para 25 bps, sem alterar os demais componentes.",Volume produzido pelas hipoteses atuais de ticket e cadencia dos arquetipos.,1.000000,SUPOSICAO SINTETICA; NAO E DADO REAL,300,309046131.680000,343034397.510000,380881210.370000,309046131.680000,343034397.510000,380881210.370000,61.705319,75.705029,89.857107,2049263.342896,2618149.995914,3271119.643029,1.000000
carry_25bps,corporativo_pesado,8,1,365,alto_2_0x,"Eleva o carry de 4 para 25 bps, sem alterar os demais componentes.","Duas vezes o volume sintetico central; faixa de incerteza, nao dado observado.",2.000000,SUPOSICAO SINTETICA; NAO E DADO REAL,300,309046131.680000,343034397.510000,380881210.370000,618092263.360000,686068795.020000,761762420.740000,61.587113,75.584325,89.727170,4090566.682916,5227260.000393,6533359.300220,1.000000
combinado_severo,corporativo_pesado,8,1,365,baixo_0_5x,Aplica o piso dos componentes incertos e eleva o carry para 25 bps.,"Metade do volume sintetico central; faixa de incerteza, nao dado observado.",0.500000,SUPOSICAO SINTETICA; NAO E DADO REAL,300,309046131.680000,343034397.510000,380881210.370000,154523065.840000,171517198.755000,190440605.185000,31.149405,44.813689,60.028957,525632.515286,779440.836119,1064900.316453,1.000000
combinado_severo,corporativo_pesado,8,1,365,central_1_0x,Aplica o piso dos componentes incertos e eleva o carry para 25 bps.,Volume produzido pelas hipoteses atuais de ticket e cadencia dos arquetipos.,1.000000,SUPOSICAO SINTETICA; NAO E DADO REAL,300,309046131.680000,343034397.510000,380881210.370000,309046131.680000,343034397.510000,380881210.370000,31.149405,44.813689,60.028957,1051265.030571,1558881.672239,2129800.632905,1.000000
combinado_severo,corporativo_pesado,8,1,365,alto_2_0x,Aplica o piso dos componentes incertos e eleva o carry para 25 bps.,"Duas vezes o volume sintetico central; faixa de incerteza, nao dado observado.",2.000000,SUPOSICAO SINTETICA; NAO E DADO REAL,300,309046131.680000,343034397.510000,380881210.370000,618092263.360000,686068795.020000,761762420.740000,31.149405,44.813689,60.028957,2102530.061143,3117763.344477,4259601.265811,1.000000
sem_carry,corporativo_pesado,8,1,365,baixo_0_5x,Limite superior simples: retira o custo de carry e mantem o restante na base.,"Metade do volume sintetico central; faixa de incerteza, nao dado observado.",0.500000,SUPOSICAO SINTETICA; NAO E DADO REAL,300,309046131.680000,343034397.510000,380881210.370000,154523065.840000,171517198.755000,190440605.185000,82.320970,96.907307,112.227010,1358167.538670,1674749.405015,2039078.629057,1.000000
sem_carry,corporativo_pesado,8,1,365,central_1_0x,Limite superior simples: retira o custo de carry e mantem o restante na base.,Volume produzido pelas hipoteses atuais de ticket e cadencia dos arquetipos.,1.000000,SUPOSICAO SINTETICA; NAO E DADO REAL,300,309046131.680000,343034397.510000,380881210.370000,309046131.680000,343034397.510000,380881210.370000,82.039749,96.674428,111.958119,2707455.074792,3340967.072673,4069277.272276,1.000000
sem_carry,corporativo_pesado,8,1,365,alto_2_0x,Limite superior simples: retira o custo de carry e mantem o restante na base.,"Duas vezes o volume sintetico central; faixa de incerteza, nao dado observado.",2.000000,SUPOSICAO SINTETICA; NAO E DADO REAL,300,309046131.680000,343034397.510000,380881210.370000,618092263.360000,686068795.020000,761762420.740000,81.899139,96.557989,111.823674,5406030.147037,6673094.154598,8129674.558713,1.000000
base_hipotetica,corporativo_pesado,8,7,365,baixo_0_5x,Hipoteses atuais do modelo; ainda nao calibradas.,"Metade do volume sintetico central; faixa de incerteza, nao dado observado.",0.500000,SUPOSICAO SINTETICA; NAO E DADO REAL,300,309046131.680000,343034397.510000,380881210.370000,154523065.840000,171517198.755000,190440605.185000,78.652295,93.500762,108.611871,1306037.156857,1611077.553257,1975235.537566,1.000000
base_hipotetica,corporativo_pesado,8,7,365,central_1_0x,Hipoteses atuais do modelo; ainda nao calibradas.,Volume produzido pelas hipoteses atuais de ticket e cadencia dos arquetipos.,1.000000,SUPOSICAO SINTETICA; NAO E DADO REAL,300,309046131.680000,343034397.510000,380881210.370000,309046131.680000,343034397.510000,380881210.370000,78.396790,93.278632,108.388548,2604634.323970,3213580.588791,3941391.078425,1.000000
base_hipotetica,corporativo_pesado,8,7,365,alto_2_0x,Hipoteses atuais do modelo; ainda nao calibradas.,"Duas vezes o volume sintetico central; faixa de incerteza, nao dado observado.",2.000000,SUPOSICAO SINTETICA; NAO E DADO REAL,300,309046131.680000,343034397.510000,380881210.370000,618092263.360000,686068795.020000,761762420.740000,78.269038,93.173421,108.276887,5201828.658195,6418681.167267,7873702.160142,1.000000
sem_spread,corporativo_pesado,8,7,365,baixo_0_5x,Retira integralmente o spread evitado.,"Metade do volume sintetico central; faixa de incerteza, nao dado observado.",0.500000,SUPOSICAO SINTETICA; NAO E DADO REAL,300,309046131.680000,343034397.510000,380881210.370000,154523065.840000,171517198.755000,190440605.185000,58.422636,72.401024,86.464571,973340.633700,1245513.239846,1565917.278306,1.000000
sem_spread,corporativo_pesado,8,7,365,central_1_0x,Retira integralmente o spread evitado.,Volume produzido pelas hipoteses atuais de ticket e cadencia dos arquetipos.,1.000000,SUPOSICAO SINTETICA; NAO E DADO REAL,300,309046131.680000,343034397.510000,380881210.370000,309046131.680000,343034397.510000,380881210.370000,58.171075,72.167143,86.241248,1938201.266853,2482626.487245,3122074.561777,1.000000
sem_spread,corporativo_pesado,8,7,365,alto_2_0x,Retira integralmente o spread evitado.,"Duas vezes o volume sintetico central; faixa de incerteza, nao dado observado.",2.000000,SUPOSICAO SINTETICA; NAO E DADO REAL,300,309046131.680000,343034397.510000,380881210.370000,618092263.360000,686068795.020000,761762420.740000,58.045295,72.053922,86.129587,3867922.533158,4956852.982044,6234389.128719,1.000000
sem_tarifa_fixa,corporativo_pesado,8,7,365,baixo_0_5x,Retira integralmente a tarifa fixa evitada.,"Metade do volume sintetico central; faixa de incerteza, nao dado observado.",0.500000,SUPOSICAO SINTETICA; NAO E DADO REAL,300,309046131.680000,343034397.510000,380881210.370000,154523065.840000,171517198.755000,190440605.185000,78.141270,93.068192,108.165228,1298596.951466,1602550.573223,1966113.197010,1.000000
sem_tarifa_fixa,corporativo_pesado,8,7,365,central_1_0x,Retira integralmente a tarifa fixa evitada.,Volume produzido pelas hipoteses atuais de ticket e cadencia dos arquetipos.,1.000000,SUPOSICAO SINTETICA; NAO E DADO REAL,300,309046131.680000,343034397.510000,380881210.370000,309046131.680000,343034397.510000,380881210.370000,78.141270,93.068192,108.165228,2597193.902932,3205101.146445,3932226.394020,1.000000
sem_tarifa_fixa,corporativo_pesado,8,7,365,alto_2_0x,Retira integralmente a tarifa fixa evitada.,"Duas vezes o volume sintetico central; faixa de incerteza, nao dado observado.",2.000000,SUPOSICAO SINTETICA; NAO E DADO REAL,300,309046131.680000,343034397.510000,380881210.370000,618092263.360000,686068795.020000,761762420.740000,78.141270,93.068192,108.165228,5194387.805863,6410202.292890,7864452.788041,1.000000
iof_incerto_zero,corporativo_pesado,8,7,365,baixo_0_5x,Zera somente as duas aliquotas de IOF ainda nao confirmadas.,"Metade do volume sintetico central; faixa de incerteza, nao dado observado.",0.500000,SUPOSICAO SINTETICA; NAO E DADO REAL,300,309046131.680000,343034397.510000,380881210.370000,154523065.840000,171517198.755000,190440605.185000,68.181706,83.772016,99.728640,1135368.170608,1444114.736073,1807536.203610,1.000000
iof_incerto_zero,corporativo_pesado,8,7,365,central_1_0x,Zera somente as duas aliquotas de IOF ainda nao confirmadas.,Volume produzido pelas hipoteses atuais de ticket e cadencia dos arquetipos.,1.000000,SUPOSICAO SINTETICA; NAO E DADO REAL,300,309046131.680000,343034397.510000,380881210.370000,309046131.680000,343034397.510000,380881210.370000,67.947081,83.539780,99.505317,2262936.333913,2878869.461623,3606192.403159,1.000000
iof_incerto_zero,corporativo_pesado,8,7,365,alto_2_0x,Zera somente as duas aliquotas de IOF ainda nao confirmadas.,"Duas vezes o volume sintetico central; faixa de incerteza, nao dado observado.",2.000000,SUPOSICAO SINTETICA; NAO E DADO REAL,300,309046131.680000,343034397.510000,380881210.370000,618092263.360000,686068795.020000,761762420.740000,67.821301,83.423662,99.393656,4518072.660521,5748378.912722,7203504.802256,1.000000
piso_sem_componentes_incertos,corporativo_pesado,8,7,365,baixo_0_5x,"Zera spread, tarifa fixa e as duas aliquotas incertas; mantem carry em 4 bps.","Metade do volume sintetico central; faixa de incerteza, nao dado observado.",0.500000,SUPOSICAO SINTETICA; NAO E DADO REAL,300,309046131.680000,343034397.510000,380881210.370000,154523065.840000,171517198.755000,190440605.185000,47.725408,62.472165,77.252766,792256.688156,1073832.212544,1397632.305853,1.000000
piso_sem_componentes_incertos,corporativo_pesado,8,7,365,central_1_0x,"Zera spread, tarifa fixa e as duas aliquotas incertas; mantem carry em 4 bps.",Volume produzido pelas hipoteses atuais de ticket e cadencia dos arquetipos.,1.000000,SUPOSICAO SINTETICA; NAO E DADO REAL,300,309046131.680000,343034397.510000,380881210.370000,309046131.680000,343034397.510000,380881210.370000,47.725408,62.472165,77.252766,1584513.376312,2147664.425088,2795264.611707,1.000000
piso_sem_componentes_incertos,corporativo_pesado,8,7,365,alto_2_0x,"Zera spread, tarifa fixa e as duas aliquotas incertas; mantem carry em 4 bps.","Duas vezes o volume sintetico central; faixa de incerteza, nao dado observado.",2.000000,SUPOSICAO SINTETICA; NAO E DADO REAL,300,309046131.680000,343034397.510000,380881210.370000,618092263.360000,686068795.020000,761762420.740000,47.725408,62.472165,77.252766,3169026.752625,4295328.850176,5590529.223414,1.000000
carry_25bps,corporativo_pesado,8,7,365,baixo_0_5x,"Eleva o carry de 4 para 25 bps, sem alterar os demais componentes.","Metade do volume sintetico central; faixa de incerteza, nao dado observado.",0.500000,SUPOSICAO SINTETICA; NAO E DADO REAL,300,309046131.680000,343034397.510000,380881210.370000,154523065.840000,171517198.755000,190440605.185000,61.602456,75.719792,90.008139,1024979.425239,1305540.219038,1629981.142204,1.000000
carry_25bps,corporativo_pesado,8,7,365,central_1_0x,"Eleva o carry de 4 para 25 bps, sem alterar os demais componentes.",Volume produzido pelas hipoteses atuais de ticket e cadencia dos arquetipos.,1.000000,SUPOSICAO SINTETICA; NAO E DADO REAL,300,309046131.680000,343034397.510000,380881210.370000,309046131.680000,343034397.510000,380881210.370000,61.372936,75.490925,89.784816,2042158.843173,2603760.441863,3251093.372362,1.000000
carry_25bps,corporativo_pesado,8,7,365,alto_2_0x,"Eleva o carry de 4 para 25 bps, sem alterar os demais componentes.","Duas vezes o volume sintetico central; faixa de incerteza, nao dado observado.",2.000000,SUPOSICAO SINTETICA; NAO E DADO REAL,300,309046131.680000,343034397.510000,380881210.370000,618092263.360000,686068795.020000,761762420.740000,61.258176,75.376492,89.673155,4076517.679042,5199284.079843,6493186.730152,1.000000
combinado_severo,corporativo_pesado,8,7,365,baixo_0_5x,Aplica o piso dos componentes incertos e eleva o carry para 25 bps.,"Metade do volume sintetico central; faixa de incerteza, nao dado observado.",0.500000,SUPOSICAO SINTETICA; NAO E DADO REAL,300,309046131.680000,343034397.510000,380881210.370000,154523065.840000,171517198.755000,190440605.185000,31.182427,44.448598,59.124934,520055.541973,770372.592995,1057779.649532,1.000000
combinado_severo,corporativo_pesado,8,7,365,central_1_0x,Aplica o piso dos componentes incertos e eleva o carry para 25 bps.,Volume produzido pelas hipoteses atuais de ticket e cadencia dos arquetipos.,1.000000,SUPOSICAO SINTETICA; NAO E DADO REAL,300,309046131.680000,343034397.510000,380881210.370000,309046131.680000,343034397.510000,380881210.370000,31.182427,44.448598,59.124934,1040111.083945,1540745.185991,2115559.299064,1.000000
combinado_severo,corporativo_pesado,8,7,365,alto_2_0x,Aplica o piso dos componentes incertos e eleva o carry para 25 bps.,"Duas vezes o volume sintetico central; faixa de incerteza, nao dado observado.",2.000000,SUPOSICAO SINTETICA; NAO E DADO REAL,300,309046131.680000,343034397.510000,380881210.370000,618092263.360000,686068795.020000,761762420.740000,31.182427,44.448598,59.124934,2080222.167890,3081490.371982,4231118.598128,1.000000
sem_carry,corporativo_pesado,8,7,365,baixo_0_5x,Limite superior simples: retira o custo de carry e mantem o restante na base.,"Metade do volume sintetico central; faixa de incerteza, nao dado observado.",0.500000,SUPOSICAO SINTETICA; NAO E DADO REAL,300,309046131.680000,343034397.510000,380881210.370000,154523065.840000,171517198.755000,190440605.185000,82.100491,96.897851,112.155439,1355862.090640,1670134.857931,2041466.200910,1.000000
sem_carry,corporativo_pesado,8,7,365,central_1_0x,Limite superior simples: retira o custo de carry e mantem o restante na base.,Volume produzido pelas hipoteses atuais de ticket e cadencia dos arquetipos.,1.000000,SUPOSICAO SINTETICA; NAO E DADO REAL,300,309046131.680000,343034397.510000,380881210.370000,309046131.680000,343034397.510000,380881210.370000,81.844986,96.633579,111.932116,2703764.179979,3331149.706845,4073172.406985,1.000000
sem_carry,corporativo_pesado,8,7,365,alto_2_0x,Limite superior simples: retira o custo de carry e mantem o restante na base.,"Duas vezes o volume sintetico central; faixa de incerteza, nao dado observado.",2.000000,SUPOSICAO SINTETICA; NAO E DADO REAL,300,309046131.680000,343034397.510000,380881210.370000,618092263.360000,686068795.020000,761762420.740000,81.717234,96.501443,111.820455,5399568.358657,6653179.404673,8136584.819135,1.000000
base_hipotetica,corporativo_pesado,12,1,365,baixo_0_5x,Hipoteses atuais do modelo; ainda nao calibradas.,"Metade do volume sintetico central; faixa de incerteza, nao dado observado.",0.500000,SUPOSICAO SINTETICA; NAO E DADO REAL,300,498041841.210000,546283041.080000,595274533.470000,249020920.605000,273141520.540000,297637266.735000,94.574866,108.540410,120.991519,2494116.871863,2961310.593956,3465717.845577,1.000000
base_hipotetica,corporativo_pesado,12,1,365,central_1_0x,Hipoteses atuais do modelo; ainda nao calibradas.,Volume produzido pelas hipoteses atuais de ticket e cadencia dos arquetipos.,1.000000,SUPOSICAO SINTETICA; NAO E DADO REAL,300,498041841.210000,546283041.080000,595274533.470000,498041841.210000,546283041.080000,595274533.470000,94.342834,108.312700,120.763064,4976353.743191,5910261.169624,6918155.715584,1.000000
base_hipotetica,corporativo_pesado,12,1,365,alto_2_0x,Hipoteses atuais do modelo; ainda nao calibradas.,"Duas vezes o volume sintetico central; faixa de incerteza, nao dado observado.",2.000000,SUPOSICAO SINTETICA; NAO E DADO REAL,300,498041841.210000,546283041.080000,595274533.470000,996083682.420000,1092566082.160000,1190549066.940000,94.226818,108.198845,120.648837,9940827.485847,11808162.320962,13823031.455599,1.000000
sem_spread,corporativo_pesado,12,1,365,baixo_0_5x,Retira integralmente o spread evitado.,"Metade do volume sintetico central; faixa de incerteza, nao dado observado.",0.500000,SUPOSICAO SINTETICA; NAO E DADO REAL,300,498041841.210000,546283041.080000,595274533.470000,249020920.605000,273141520.540000,297637266.735000,73.844651,86.083889,97.998612,1949651.388743,2358838.054776,2789346.476275,1.000000
sem_spread,corporativo_pesado,12,1,365,central_1_0x,Retira integralmente o spread evitado.,Volume produzido pelas hipoteses atuais de ticket e cadencia dos arquetipos.,1.000000,SUPOSICAO SINTETICA; NAO E DADO REAL,300,498041841.210000,546283041.080000,595274533.470000,498041841.210000,546283041.080000,595274533.470000,73.624898,85.831787,97.750494,3887422.759913,4704996.121690,5566172.945687,1.000000
sem_spread,corporativo_pesado,12,1,365,alto_2_0x,Retira integralmente o spread evitado.,"Duas vezes o volume sintetico central; faixa de incerteza, nao dado observado.",2.000000,SUPOSICAO SINTETICA; NAO E DADO REAL,300,498041841.210000,546283041.080000,595274533.470000,996083682.420000,1092566082.160000,1190549066.940000,73.515022,85.705736,97.626435,7762965.502253,9397312.255519,11119825.884511,1.000000
sem_tarifa_fixa,corporativo_pesado,12,1,365,baixo_0_5x,Retira integralmente a tarifa fixa evitada.,"Metade do volume sintetico central; faixa de incerteza, nao dado observado.",0.500000,SUPOSICAO SINTETICA; NAO E DADO REAL,300,498041841.210000,546283041.080000,595274533.470000,249020920.605000,273141520.540000,297637266.735000,94.110794,108.084980,120.534624,2482237.286336,2948950.191021,3452438.400975,1.000000
sem_tarifa_fixa,corporativo_pesado,12,1,365,central_1_0x,Retira integralmente a tarifa fixa evitada.,Volume produzido pelas hipoteses atuais de ticket e cadencia dos arquetipos.,1.000000,SUPOSICAO SINTETICA; NAO E DADO REAL,300,498041841.210000,546283041.080000,595274533.470000,498041841.210000,546283041.080000,595274533.470000,94.110794,108.084980,120.534624,4964474.572671,5897900.382043,6904876.801951,1.000000
sem_tarifa_fixa,corporativo_pesado,12,1,365,alto_2_0x,Retira integralmente a tarifa fixa evitada.,"Duas vezes o volume sintetico central; faixa de incerteza, nao dado observado.",2.000000,SUPOSICAO SINTETICA; NAO E DADO REAL,300,498041841.210000,546283041.080000,595274533.470000,996083682.420000,1092566082.160000,1190549066.940000,94.110794,108.084980,120.534624,9928949.145342,11795800.764086,13809753.603902,1.000000
iof_incerto_zero,corporativo_pesado,12,1,365,baixo_0_5x,Zera somente as duas aliquotas de IOF ainda nao confirmadas.,"Metade do volume sintetico central; faixa de incerteza, nao dado observado.",0.500000,SUPOSICAO SINTETICA; NAO E DADO REAL,300,498041841.210000,546283041.080000,595274533.470000,249020920.605000,273141520.540000,297637266.735000,85.278037,99.291654,112.620669,2248683.332942,2718592.491231,3202365.945558,1.000000
iof_incerto_zero,corporativo_pesado,12,1,365,central_1_0x,Zera somente as duas aliquotas de IOF ainda nao confirmadas.,Volume produzido pelas hipoteses atuais de ticket e cadencia dos arquetipos.,1.000000,SUPOSICAO SINTETICA; NAO E DADO REAL,300,498041841.210000,546283041.080000,595274533.470000,498041841.210000,546283041.080000,595274533.470000,85.067066,99.045697,112.397037,4485486.648312,5424504.994601,6392211.884254,1.000000
iof_incerto_zero,corporativo_pesado,12,1,365,alto_2_0x,Zera somente as duas aliquotas de IOF ainda nao confirmadas.,"Duas vezes o volume sintetico central; faixa de incerteza, nao dado observado.",2.000000,SUPOSICAO SINTETICA; NAO E DADO REAL,300,498041841.210000,546283041.080000,595274533.470000,996083682.420000,1092566082.160000,1190549066.940000,84.961581,98.919646,112.285221,8959093.279052,10836330.001340,12771903.761646,1.000000
piso_sem_componentes_incertos,corporativo_pesado,12,1,365,baixo_0_5x,"Zera spread, tarifa fixa e as duas aliquotas incertas; mantem carry em 4 bps.","Metade do volume sintetico central; faixa de incerteza, nao dado observado.",0.500000,SUPOSICAO SINTETICA; NAO E DADO REAL,300,498041841.210000,546283041.080000,595274533.470000,249020920.605000,273141520.540000,297637266.735000,64.406214,76.468908,88.485560,1697292.474341,2100063.988285,2551798.355156,1.000000
piso_sem_componentes_incertos,corporativo_pesado,12,1,365,central_1_0x,"Zera spread, tarifa fixa e as duas aliquotas incertas; mantem carry em 4 bps.",Volume produzido pelas hipoteses atuais de ticket e cadencia dos arquetipos.,1.000000,SUPOSICAO SINTETICA; NAO E DADO REAL,300,498041841.210000,546283041.080000,595274533.470000,498041841.210000,546283041.080000,595274533.470000,64.406214,76.468908,88.485560,3394584.948681,4200127.976570,5103596.710312,1.000000
piso_sem_componentes_incertos,corporativo_pesado,12,1,365,alto_2_0x,"Zera spread, tarifa fixa e as duas aliquotas incertas; mantem carry em 4 bps.","Duas vezes o volume sintetico central; faixa de incerteza, nao dado observado.",2.000000,SUPOSICAO SINTETICA; NAO E DADO REAL,300,498041841.210000,546283041.080000,595274533.470000,996083682.420000,1092566082.160000,1190549066.940000,64.406214,76.468908,88.485560,6789169.897362,8400255.953141,10207193.420624,1.000000
carry_25bps,corporativo_pesado,12,1,365,baixo_0_5x,"Eleva o carry de 4 para 25 bps, sem alterar os demais componentes.","Metade do volume sintetico central; faixa de incerteza, nao dado observado.",0.500000,SUPOSICAO SINTETICA; NAO E DADO REAL,300,498041841.210000,546283041.080000,595274533.470000,249020920.605000,273141520.540000,297637266.735000,77.266284,89.717969,101.819468,2036705.900312,2453278.453148,2890911.674521,1.000000
carry_25bps,corporativo_pesado,12,1,365,central_1_0x,"Eleva o carry de 4 para 25 bps, sem alterar os demais componentes.",Volume produzido pelas hipoteses atuais de ticket e cadencia dos arquetipos.,1.000000,SUPOSICAO SINTETICA; NAO E DADO REAL,300,498041841.210000,546283041.080000,595274533.470000,498041841.210000,546283041.080000,595274533.470000,77.055313,89.465867,101.595564,4062931.780367,4893876.905653,5768743.343714,1.000000
carry_25bps,corporativo_pesado,12,1,365,alto_2_0x,"Eleva o carry de 4 para 25 bps, sem alterar os demais componentes.","Duas vezes o volume sintetico central; faixa de incerteza, nao dado observado.",2.000000,SUPOSICAO SINTETICA; NAO E DADO REAL,300,498041841.210000,546283041.080000,595274533.470000,996083682.420000,1092566082.160000,1190549066.940000,76.937115,89.339816,101.476392,8114754.875657,9775073.810663,11524406.682100,1.000000
combinado_severo,corporativo_pesado,12,1,365,baixo_0_5x,Aplica o piso dos componentes incertos e eleva o carry para 25 bps.,"Metade do volume sintetico central; faixa de incerteza, nao dado observado.",0.500000,SUPOSICAO SINTETICA; NAO E DADO REAL,300,498041841.210000,546283041.080000,595274533.470000,249020920.605000,273141520.540000,297637266.735000,46.365450,57.621681,69.438741,1223063.311740,1577027.225081,1994599.517219,1.000000
combinado_severo,corporativo_pesado,12,1,365,central_1_0x,Aplica o piso dos componentes incertos e eleva o carry para 25 bps.,Volume produzido pelas hipoteses atuais de ticket e cadencia dos arquetipos.,1.000000,SUPOSICAO SINTETICA; NAO E DADO REAL,300,498041841.210000,546283041.080000,595274533.470000,498041841.210000,546283041.080000,595274533.470000,46.365450,57.621681,69.438741,2446126.623481,3154054.450161,3989199.034439,1.000000
combinado_severo,corporativo_pesado,12,1,365,alto_2_0x,Aplica o piso dos componentes incertos e eleva o carry para 25 bps.,"Duas vezes o volume sintetico central; faixa de incerteza, nao dado observado.",2.000000,SUPOSICAO SINTETICA; NAO E DADO REAL,300,498041841.210000,546283041.080000,595274533.470000,996083682.420000,1092566082.160000,1190549066.940000,46.365450,57.621681,69.438741,4892253.246962,6308108.900323,7978398.068877,1.000000
sem_carry,corporativo_pesado,12,1,365,baixo_0_5x,Limite superior simples: retira o custo de carry e mantem o restante na base.,"Metade do volume sintetico central; faixa de incerteza, nao dado observado.",0.500000,SUPOSICAO SINTETICA; NAO E DADO REAL,300,498041841.210000,546283041.080000,595274533.470000,249020920.605000,273141520.540000,297637266.735000,97.808820,112.063376,124.536735,2580882.182832,3060241.247108,3571415.001080,1.000000
sem_carry,corporativo_pesado,12,1,365,central_1_0x,Limite superior simples: retira o custo de carry e mantem o restante na base.,Volume produzido pelas hipoteses atuais de ticket e cadencia dos arquetipos.,1.000000,SUPOSICAO SINTETICA; NAO E DADO REAL,300,498041841.210000,546283041.080000,595274533.470000,498041841.210000,546283041.080000,595274533.470000,97.598994,111.809403,124.308264,5149884.365130,6106882.473819,7129550.026591,1.000000
sem_carry,corporativo_pesado,12,1,365,alto_2_0x,Limite superior simples: retira o custo de carry e mantem o restante na base.,"Duas vezes o volume sintetico central; faixa de incerteza, nao dado observado.",2.000000,SUPOSICAO SINTETICA; NAO E DADO REAL,300,498041841.210000,546283041.080000,595274533.470000,996083682.420000,1092566082.160000,1190549066.940000,97.494081,111.690809,124.194029,10287888.729725,12200164.927240,14245820.077613,1.000000
base_hipotetica,corporativo_pesado,12,7,365,baixo_0_5x,Hipoteses atuais do modelo; ainda nao calibradas.,"Metade do volume sintetico central; faixa de incerteza, nao dado observado.",0.500000,SUPOSICAO SINTETICA; NAO E DADO REAL,300,498041841.210000,546283041.080000,595274533.470000,249020920.605000,273141520.540000,297637266.735000,94.349218,108.276506,120.805517,2470336.598428,2958384.404225,3449339.648834,1.000000
base_hipotetica,corporativo_pesado,12,7,365,central_1_0x,Hipoteses atuais do modelo; ainda nao calibradas.,Volume produzido pelas hipoteses atuais de ticket e cadencia dos arquetipos.,1.000000,SUPOSICAO SINTETICA; NAO E DADO REAL,300,498041841.210000,546283041.080000,595274533.470000,498041841.210000,546283041.080000,595274533.470000,94.119653,108.034930,120.576250,4930153.187767,5904368.810396,6885919.311333,1.000000
base_hipotetica,corporativo_pesado,12,7,365,alto_2_0x,Hipoteses atuais do modelo; ainda nao calibradas.,"Duas vezes o volume sintetico central; faixa de incerteza, nao dado observado.",2.000000,SUPOSICAO SINTETICA; NAO E DADO REAL,300,498041841.210000,546283041.080000,595274533.470000,996083682.420000,1092566082.160000,1190549066.940000,94.004871,107.914142,120.461617,9849786.366446,11796337.622739,13759078.636331,1.000000
sem_spread,corporativo_pesado,12,7,365,baixo_0_5x,Retira integralmente o spread evitado.,"Metade do volume sintetico central; faixa de incerteza, nao dado observado.",0.500000,SUPOSICAO SINTETICA; NAO E DADO REAL,300,498041841.210000,546283041.080000,595274533.470000,249020920.605000,273141520.540000,297637266.735000,73.665068,85.570908,97.476771,1949651.388743,2350077.217295,2786417.728191,1.000000
sem_spread,corporativo_pesado,12,7,365,central_1_0x,Retira integralmente o spread evitado.,Volume produzido pelas hipoteses atuais de ticket e cadencia dos arquetipos.,1.000000,SUPOSICAO SINTETICA; NAO E DADO REAL,300,498041841.210000,546283041.080000,595274533.470000,498041841.210000,546283041.080000,595274533.470000,73.435503,85.316935,97.221921,3886063.037865,4687434.452483,5560315.434453,1.000000
sem_spread,corporativo_pesado,12,7,365,alto_2_0x,Retira integralmente o spread evitado.,"Duas vezes o volume sintetico central; faixa de incerteza, nao dado observado.",2.000000,SUPOSICAO SINTETICA; NAO E DADO REAL,300,498041841.210000,546283041.080000,595274533.470000,996083682.420000,1092566082.160000,1190549066.940000,73.320721,85.189949,97.094496,7758886.097071,9362148.922860,11108110.846978,1.000000
sem_tarifa_fixa,corporativo_pesado,12,7,365,baixo_0_5x,Retira integralmente a tarifa fixa evitada.,"Metade do volume sintetico central; faixa de incerteza, nao dado observado.",0.500000,SUPOSICAO SINTETICA; NAO E DADO REAL,300,498041841.210000,546283041.080000,595274533.470000,249020920.605000,273141520.540000,297637266.735000,93.890093,107.793370,120.346970,2459816.776422,2945984.196669,3436579.487091,1.000000
sem_tarifa_fixa,corporativo_pesado,12,7,365,central_1_0x,Retira integralmente a tarifa fixa evitada.,Volume produzido pelas hipoteses atuais de ticket e cadencia dos arquetipos.,1.000000,SUPOSICAO SINTETICA; NAO E DADO REAL,300,498041841.210000,546283041.080000,595274533.470000,498041841.210000,546283041.080000,595274533.470000,93.890093,107.793370,120.346970,4919633.552843,5891968.393339,6873158.974182,1.000000
sem_tarifa_fixa,corporativo_pesado,12,7,365,alto_2_0x,Retira integralmente a tarifa fixa evitada.,"Duas vezes o volume sintetico central; faixa de incerteza, nao dado observado.",2.000000,SUPOSICAO SINTETICA; NAO E DADO REAL,300,498041841.210000,546283041.080000,595274533.470000,996083682.420000,1092566082.160000,1190549066.940000,93.890093,107.793370,120.346970,9839267.105686,11783936.786678,13746317.948364,1.000000
iof_incerto_zero,corporativo_pesado,12,7,365,baixo_0_5x,Zera somente as duas aliquotas de IOF ainda nao confirmadas.,"Metade do volume sintetico central; faixa de incerteza, nao dado observado.",0.500000,SUPOSICAO SINTETICA; NAO E DADO REAL,300,498041841.210000,546283041.080000,595274533.470000,249020920.605000,273141520.540000,297637266.735000,84.829941,98.690858,112.085333,2248683.332942,2706312.460822,3197054.432832,1.000000
iof_incerto_zero,corporativo_pesado,12,7,365,central_1_0x,Zera somente as duas aliquotas de IOF ainda nao confirmadas.,Volume produzido pelas hipoteses atuais de ticket e cadencia dos arquetipos.,1.000000,SUPOSICAO SINTETICA; NAO E DADO REAL,300,498041841.210000,546283041.080000,595274533.470000,498041841.210000,546283041.080000,595274533.470000,84.600376,98.426956,111.830483,4485486.648312,5398824.947037,6381588.843735,1.000000
iof_incerto_zero,corporativo_pesado,12,7,365,alto_2_0x,Zera somente as duas aliquotas de IOF ainda nao confirmadas.,"Duas vezes o volume sintetico central; faixa de incerteza, nao dado observado.",2.000000,SUPOSICAO SINTETICA; NAO E DADO REAL,300,498041841.210000,546283041.080000,595274533.470000,996083682.420000,1092566082.160000,1190549066.940000,84.485594,98.297620,111.703058,8959093.279052,10783849.919468,12750657.665542,1.000000
piso_sem_componentes_incertos,corporativo_pesado,12,7,365,baixo_0_5x,"Zera spread, tarifa fixa e as duas aliquotas incertas; mantem carry em 4 bps.","Metade do volume sintetico central; faixa de incerteza, nao dado observado.",0.500000,SUPOSICAO SINTETICA; NAO E DADO REAL,300,498041841.210000,546283041.080000,595274533.470000,249020920.605000,273141520.540000,297637266.735000,64.110780,75.764998,88.253440,1687132.916789,2088928.417028,2541572.537078,1.000000
piso_sem_componentes_incertos,corporativo_pesado,12,7,365,central_1_0x,"Zera spread, tarifa fixa e as duas aliquotas incertas; mantem carry em 4 bps.",Volume produzido pelas hipoteses atuais de ticket e cadencia dos arquetipos.,1.000000,SUPOSICAO SINTETICA; NAO E DADO REAL,300,498041841.210000,546283041.080000,595274533.470000,498041841.210000,546283041.080000,595274533.470000,64.110780,75.764998,88.253440,3374265.833577,4177856.834055,5083145.074155,1.000000
piso_sem_componentes_incertos,corporativo_pesado,12,7,365,alto_2_0x,"Zera spread, tarifa fixa e as duas aliquotas incertas; mantem carry em 4 bps.","Duas vezes o volume sintetico central; faixa de incerteza, nao dado observado.",2.000000,SUPOSICAO SINTETICA; NAO E DADO REAL,300,498041841.210000,546283041.080000,595274533.470000,996083682.420000,1092566082.160000,1190549066.940000,64.110780,75.764998,88.253440,6748531.667155,8355713.668110,10166290.148311,1.000000
carry_25bps,corporativo_pesado,12,7,365,baixo_0_5x,"Eleva o carry de 4 para 25 bps, sem alterar os demais componentes.","Metade do volume sintetico central; faixa de incerteza, nao dado observado.",0.500000,SUPOSICAO SINTETICA; NAO E DADO REAL,300,498041841.210000,546283041.080000,595274533.470000,249020920.605000,273141520.540000,297637266.735000,76.974532,89.184293,101.338471,2037598.732094,2444126.528127,2886390.452697,1.000000
carry_25bps,corporativo_pesado,12,7,365,central_1_0x,"Eleva o carry de 4 para 25 bps, sem alterar os demais componentes.",Volume produzido pelas hipoteses atuais de ticket e cadencia dos arquetipos.,1.000000,SUPOSICAO SINTETICA; NAO E DADO REAL,300,498041841.210000,546283041.080000,595274533.470000,498041841.210000,546283041.080000,595274533.470000,76.744967,88.938451,101.083621,4063317.446615,4875533.074147,5760260.883464,1.000000
carry_25bps,corporativo_pesado,12,7,365,alto_2_0x,"Eleva o carry de 4 para 25 bps, sem alterar os demais componentes.","Duas vezes o volume sintetico central; faixa de incerteza, nao dado observado.",2.000000,SUPOSICAO SINTETICA; NAO E DADO REAL,300,498041841.210000,546283041.080000,595274533.470000,996083682.420000,1092566082.160000,1190549066.940000,76.630185,88.811465,100.956196,8114754.875657,9738346.166188,11508001.744999,1.000000
combinado_severo,corporativo_pesado,12,7,365,baixo_0_5x,Aplica o piso dos componentes incertos e eleva o carry para 25 bps.,"Metade do volume sintetico central; faixa de incerteza, nao dado observado.",0.500000,SUPOSICAO SINTETICA; NAO E DADO REAL,300,498041841.210000,546283041.080000,595274533.470000,249020920.605000,273141520.540000,297637266.735000,45.728682,57.116514,68.641127,1215019.700109,1580079.271570,1981570.717881,1.000000
combinado_severo,corporativo_pesado,12,7,365,central_1_0x,Aplica o piso dos componentes incertos e eleva o carry para 25 bps.,Volume produzido pelas hipoteses atuais de ticket e cadencia dos arquetipos.,1.000000,SUPOSICAO SINTETICA; NAO E DADO REAL,300,498041841.210000,546283041.080000,595274533.470000,498041841.210000,546283041.080000,595274533.470000,45.728682,57.116514,68.641127,2430039.400218,3160158.543139,3963141.435761,1.000000
combinado_severo,corporativo_pesado,12,7,365,alto_2_0x,Aplica o piso dos componentes incertos e eleva o carry para 25 bps.,"Duas vezes o volume sintetico central; faixa de incerteza, nao dado observado.",2.000000,SUPOSICAO SINTETICA; NAO E DADO REAL,300,498041841.210000,546283041.080000,595274533.470000,996083682.420000,1092566082.160000,1190549066.940000,45.728682,57.116514,68.641127,4860078.800437,6320317.086279,7926282.871522,1.000000
sem_carry,corporativo_pesado,12,7,365,baixo_0_5x,Limite superior simples: retira o custo de carry e mantem o restante na base.,"Metade do volume sintetico central; faixa de incerteza, nao dado observado.",0.500000,SUPOSICAO SINTETICA; NAO E DADO REAL,300,498041841.210000,546283041.080000,595274533.470000,249020920.605000,273141520.540000,297637266.735000,97.658682,111.818674,124.333909,2559762.617146,3053773.968222,3552023.059495,1.000000
sem_carry,corporativo_pesado,12,7,365,central_1_0x,Limite superior simples: retira o custo de carry e mantem o restante na base.,Volume produzido pelas hipoteses atuais de ticket e cadencia dos arquetipos.,1.000000,SUPOSICAO SINTETICA; NAO E DADO REAL,300,498041841.210000,546283041.080000,595274533.470000,498041841.210000,546283041.080000,595274533.470000,97.429117,111.572926,124.104642,5107365.229940,6095147.938390,7091286.132654,1.000000
sem_carry,corporativo_pesado,12,7,365,alto_2_0x,Limite superior simples: retira o custo de carry e mantem o restante na base.,"Duas vezes o volume sintetico central; faixa de incerteza, nao dado observado.",2.000000,SUPOSICAO SINTETICA; NAO E DADO REAL,300,498041841.210000,546283041.080000,595274533.470000,996083682.420000,1092566082.160000,1190549066.940000,97.314335,111.445940,123.990009,10202570.455529,12177895.878727,14169812.278974,1.000000
base_hipotetica,psp_dominante,8,1,365,baixo_0_5x,Hipoteses atuais do modelo; ainda nao calibradas.,"Metade do volume sintetico central; faixa de incerteza, nao dado observado.",0.500000,SUPOSICAO SINTETICA; NAO E DADO REAL,300,201145717.520000,219701315.620000,239145758.590000,100572858.760000,109850657.810000,119572879.295000,164.154493,180.184778,192.276449,1743633.056733,1961073.451435,2197782.595442,1.000000
base_hipotetica,psp_dominante,8,1,365,central_1_0x,Hipoteses atuais do modelo; ainda nao calibradas.,Volume produzido pelas hipoteses atuais de ticket e cadencia dos arquetipos.,1.000000,SUPOSICAO SINTETICA; NAO E DADO REAL,300,201145717.520000,219701315.620000,239145758.590000,201145717.520000,219701315.620000,239145758.590000,162.659162,178.605027,190.724630,3453506.118569,3889746.906703,4361965.202045,1.000000
base_hipotetica,psp_dominante,8,1,365,alto_2_0x,Hipoteses atuais do modelo; ainda nao calibradas.,"Duas vezes o volume sintetico central; faixa de incerteza, nao dado observado.",2.000000,SUPOSICAO SINTETICA; NAO E DADO REAL,300,201145717.520000,219701315.620000,239145758.590000,402291435.040000,439402631.240000,478291517.180000,161.943791,177.815152,190.043799,6873252.242240,7747093.817239,8690330.415252,1.000000
sem_spread,psp_dominante,8,1,365,baixo_0_5x,Retira integralmente o spread evitado.,"Metade do volume sintetico central; faixa de incerteza, nao dado observado.",0.500000,SUPOSICAO SINTETICA; NAO E DADO REAL,300,201145717.520000,219701315.620000,239145758.590000,100572858.760000,109850657.810000,119572879.295000,145.356243,159.589435,170.251899,1544810.547619,1736809.175713,1946133.405380,1.000000
sem_spread,psp_dominante,8,1,365,central_1_0x,Retira integralmente o spread evitado.,Volume produzido pelas hipoteses atuais de ticket e cadencia dos arquetipos.,1.000000,SUPOSICAO SINTETICA; NAO E DADO REAL,300,201145717.520000,219701315.620000,239145758.590000,201145717.520000,219701315.620000,239145758.590000,143.929637,158.020702,168.705680,3055861.100341,3441218.355259,3858666.821921,1.000000
sem_spread,psp_dominante,8,1,365,alto_2_0x,Retira integralmente o spread evitado.,"Duas vezes o volume sintetico central; faixa de incerteza, nao dado observado.",2.000000,SUPOSICAO SINTETICA; NAO E DADO REAL,300,201145717.520000,219701315.620000,239145758.590000,402291435.040000,439402631.240000,478291517.180000,143.193241,157.230827,168.024849,6077962.205786,6850036.714350,7683733.655003,1.000000
sem_tarifa_fixa,psp_dominante,8,1,365,baixo_0_5x,Retira integralmente a tarifa fixa evitada.,"Metade do volume sintetico central; faixa de incerteza, nao dado observado.",0.500000,SUPOSICAO SINTETICA; NAO E DADO REAL,300,201145717.520000,219701315.620000,239145758.590000,100572858.760000,109850657.810000,119572879.295000,161.254652,177.025267,189.362950,1709872.914253,1928673.234605,2164182.452072,1.000000
sem_tarifa_fixa,psp_dominante,8,1,365,central_1_0x,Retira integralmente a tarifa fixa evitada.,Volume produzido pelas hipoteses atuais de ticket e cadencia dos arquetipos.,1.000000,SUPOSICAO SINTETICA; NAO E DADO REAL,300,201145717.520000,219701315.620000,239145758.590000,201145717.520000,219701315.620000,239145758.590000,161.254652,177.025267,189.362950,3419745.828505,3857346.469210,4328364.904144,1.000000
sem_tarifa_fixa,psp_dominante,8,1,365,alto_2_0x,Retira integralmente a tarifa fixa evitada.,"Duas vezes o volume sintetico central; faixa de incerteza, nao dado observado.",2.000000,SUPOSICAO SINTETICA; NAO E DADO REAL,300,201145717.520000,219701315.620000,239145758.590000,402291435.040000,439402631.240000,478291517.180000,161.254652,177.025267,189.362950,6839491.657010,7714692.938419,8656729.808288,1.000000
iof_incerto_zero,psp_dominante,8,1,365,baixo_0_5x,Zera somente as duas aliquotas de IOF ainda nao confirmadas.,"Metade do volume sintetico central; faixa de incerteza, nao dado observado.",0.500000,SUPOSICAO SINTETICA; NAO E DADO REAL,300,201145717.520000,219701315.620000,239145758.590000,100572858.760000,109850657.810000,119572879.295000,106.193545,120.016043,134.678291,1129901.644707,1304914.132724,1516460.522955,1.000000
iof_incerto_zero,psp_dominante,8,1,365,central_1_0x,Zera somente as duas aliquotas de IOF ainda nao confirmadas.,Volume produzido pelas hipoteses atuais de ticket e cadencia dos arquetipos.,1.000000,SUPOSICAO SINTETICA; NAO E DADO REAL,300,201145717.520000,219701315.620000,239145758.590000,201145717.520000,219701315.620000,239145758.590000,104.570320,118.460076,133.174107,2228123.289032,2577868.271814,3001881.049991,1.000000
iof_incerto_zero,psp_dominante,8,1,365,alto_2_0x,Zera somente as duas aliquotas de IOF ainda nao confirmadas.,"Duas vezes o volume sintetico central; faixa de incerteza, nao dado observado.",2.000000,SUPOSICAO SINTETICA; NAO E DADO REAL,300,201145717.520000,219701315.620000,239145758.590000,402291435.040000,439402631.240000,478291517.180000,103.758708,117.710283,132.422015,4424566.577681,5123776.549994,5972722.104061,1.000000
piso_sem_componentes_incertos,psp_dominante,8,1,365,baixo_0_5x,"Zera spread, tarifa fixa e as duas aliquotas incertas; mantem carry em 4 bps.","Metade do volume sintetico central; faixa de incerteza, nao dado observado.",0.500000,SUPOSICAO SINTETICA; NAO E DADO REAL,300,201145717.520000,219701315.620000,239145758.590000,100572858.760000,109850657.810000,119572879.295000,83.618082,96.440472,110.591219,890162.833026,1048962.399587,1250365.386143,1.000000
piso_sem_componentes_incertos,psp_dominante,8,1,365,central_1_0x,"Zera spread, tarifa fixa e as duas aliquotas incertas; mantem carry em 4 bps.",Volume produzido pelas hipoteses atuais de ticket e cadencia dos arquetipos.,1.000000,SUPOSICAO SINTETICA; NAO E DADO REAL,300,201145717.520000,219701315.620000,239145758.590000,201145717.520000,219701315.620000,239145758.590000,83.618082,96.440472,110.591219,1780325.666052,2097924.799174,2500730.772286,1.000000
piso_sem_componentes_incertos,psp_dominante,8,1,365,alto_2_0x,"Zera spread, tarifa fixa e as duas aliquotas incertas; mantem carry em 4 bps.","Duas vezes o volume sintetico central; faixa de incerteza, nao dado observado.",2.000000,SUPOSICAO SINTETICA; NAO E DADO REAL,300,201145717.520000,219701315.620000,239145758.590000,402291435.040000,439402631.240000,478291517.180000,83.618082,96.440472,110.591219,3560651.332103,4195849.598348,5001461.544571,1.000000
carry_25bps,psp_dominante,8,1,365,baixo_0_5x,"Eleva o carry de 4 para 25 bps, sem alterar os demais componentes.","Metade do volume sintetico central; faixa de incerteza, nao dado observado.",0.500000,SUPOSICAO SINTETICA; NAO E DADO REAL,300,201145717.520000,219701315.620000,239145758.590000,100572858.760000,109850657.810000,119572879.295000,148.363963,162.889871,173.775827,1576622.149077,1772691.459828,1986397.275790,1.000000
carry_25bps,psp_dominante,8,1,365,central_1_0x,"Eleva o carry de 4 para 25 bps, sem alterar os demais componentes.",Volume produzido pelas hipoteses atuais de ticket e cadencia dos arquetipos.,1.000000,SUPOSICAO SINTETICA; NAO E DADO REAL,300,201145717.520000,219701315.620000,239145758.590000,201145717.520000,219701315.620000,239145758.590000,146.926361,161.314194,172.228712,3119484.303258,3512982.923490,3939194.562741,1.000000
carry_25bps,psp_dominante,8,1,365,alto_2_0x,"Eleva o carry de 4 para 25 bps, sem alterar os demais componentes.","Duas vezes o volume sintetico central; faixa de incerteza, nao dado observado.",2.000000,SUPOSICAO SINTETICA; NAO E DADO REAL,300,201145717.520000,219701315.620000,239145758.590000,402291435.040000,439402631.240000,478291517.180000,146.193329,160.524319,171.547881,6205208.611618,6993565.850812,7844789.136643,1.000000
combinado_severo,psp_dominante,8,1,365,baixo_0_5x,Aplica o piso dos componentes incertos e eleva o carry para 25 bps.,"Metade do volume sintetico central; faixa de incerteza, nao dado observado.",0.500000,SUPOSICAO SINTETICA; NAO E DADO REAL,300,201145717.520000,219701315.620000,239145758.590000,100572858.760000,109850657.810000,119572879.295000,67.397218,79.126233,92.567265,718749.415167,863633.043238,1041732.943232,1.000000
combinado_severo,psp_dominante,8,1,365,central_1_0x,Aplica o piso dos componentes incertos e eleva o carry para 25 bps.,Volume produzido pelas hipoteses atuais de ticket e cadencia dos arquetipos.,1.000000,SUPOSICAO SINTETICA; NAO E DADO REAL,300,201145717.520000,219701315.620000,239145758.590000,201145717.520000,219701315.620000,239145758.590000,67.397218,79.126233,92.567265,1437498.830335,1727266.086477,2083465.886464,1.000000
combinado_severo,psp_dominante,8,1,365,alto_2_0x,Aplica o piso dos componentes incertos e eleva o carry para 25 bps.,"Duas vezes o volume sintetico central; faixa de incerteza, nao dado observado.",2.000000,SUPOSICAO SINTETICA; NAO E DADO REAL,300,201145717.520000,219701315.620000,239145758.590000,402291435.040000,439402631.240000,478291517.180000,67.397218,79.126233,92.567265,2874997.660669,3454532.172953,4166931.772928,1.000000
sem_carry,psp_dominante,8,1,365,baixo_0_5x,Limite superior simples: retira o custo de carry e mantem o restante na base.,"Metade do volume sintetico central; faixa de incerteza, nao dado observado.",0.500000,SUPOSICAO SINTETICA; NAO E DADO REAL,300,201145717.520000,219701315.620000,239145758.590000,100572858.760000,109850657.810000,119572879.295000,167.162213,183.478270,195.800377,1775444.658191,1996955.735551,2238046.465852,1.000000
sem_carry,psp_dominante,8,1,365,central_1_0x,Limite superior simples: retira o custo de carry e mantem o restante na base.,Volume produzido pelas hipoteses atuais de ticket e cadencia dos arquetipos.,1.000000,SUPOSICAO SINTETICA; NAO E DADO REAL,300,201145717.520000,219701315.620000,239145758.590000,201145717.520000,219701315.620000,239145758.590000,165.655886,181.898519,194.247662,3517129.321485,3961511.474934,4442492.942865,1.000000
sem_carry,psp_dominante,8,1,365,alto_2_0x,Limite superior simples: retira o custo de carry e mantem o restante na base.,"Duas vezes o volume sintetico central; faixa de incerteza, nao dado observado.",2.000000,SUPOSICAO SINTETICA; NAO E DADO REAL,300,201145717.520000,219701315.620000,239145758.590000,402291435.040000,439402631.240000,478291517.180000,164.943879,181.108644,193.566831,7000498.648073,7890622.953702,8851385.896892,1.000000
base_hipotetica,psp_dominante,8,7,365,baixo_0_5x,Hipoteses atuais do modelo; ainda nao calibradas.,"Metade do volume sintetico central; faixa de incerteza, nao dado observado.",0.500000,SUPOSICAO SINTETICA; NAO E DADO REAL,300,201145717.520000,219701315.620000,239145758.590000,100572858.760000,109850657.810000,119572879.295000,164.531206,181.963031,194.033755,1755159.819353,1975275.959170,2215500.949416,1.000000
base_hipotetica,psp_dominante,8,7,365,central_1_0x,Hipoteses atuais do modelo; ainda nao calibradas.,Volume produzido pelas hipoteses atuais de ticket e cadencia dos arquetipos.,1.000000,SUPOSICAO SINTETICA; NAO E DADO REAL,300,201145717.520000,219701315.620000,239145758.590000,201145717.520000,219701315.620000,239145758.590000,163.144883,180.360086,192.475822,3476959.636733,3915911.918798,4397121.895511,1.000000
base_hipotetica,psp_dominante,8,7,365,alto_2_0x,Hipoteses atuais do modelo; ainda nao calibradas.,"Duas vezes o volume sintetico central; faixa de incerteza, nao dado observado.",2.000000,SUPOSICAO SINTETICA; NAO E DADO REAL,300,201145717.520000,219701315.620000,239145758.590000,402291435.040000,439402631.240000,478291517.180000,162.451722,179.550192,191.787629,6920559.271494,7797183.838055,8760363.787700,1.000000
sem_spread,psp_dominante,8,7,365,baixo_0_5x,Retira integralmente o spread evitado.,"Metade do volume sintetico central; faixa de incerteza, nao dado observado.",0.500000,SUPOSICAO SINTETICA; NAO E DADO REAL,300,201145717.520000,219701315.620000,239145758.590000,100572858.760000,109850657.810000,119572879.295000,145.722081,161.184406,171.821794,1554950.516947,1749620.511793,1961824.029144,1.000000
sem_spread,psp_dominante,8,7,365,central_1_0x,Retira integralmente o spread evitado.,Volume produzido pelas hipoteses atuais de ticket e cadencia dos arquetipos.,1.000000,SUPOSICAO SINTETICA; NAO E DADO REAL,300,201145717.520000,219701315.620000,239145758.590000,201145717.520000,219701315.620000,239145758.590000,144.335758,159.576336,170.276072,3076541.031922,3464601.024044,3889768.054967,1.000000
sem_spread,psp_dominante,8,7,365,alto_2_0x,Retira integralmente o spread evitado.,"Duas vezes o volume sintetico central; faixa de incerteza, nao dado observado.",2.000000,SUPOSICAO SINTETICA; NAO E DADO REAL,300,201145717.520000,219701315.620000,239145758.590000,402291435.040000,439402631.240000,478291517.180000,143.642597,158.766442,169.566604,6119722.061871,6894562.048547,7745656.106613,1.000000
sem_tarifa_fixa,psp_dominante,8,7,365,baixo_0_5x,Retira integralmente a tarifa fixa evitada.,"Metade do volume sintetico central; faixa de incerteza, nao dado observado.",0.500000,SUPOSICAO SINTETICA; NAO E DADO REAL,300,201145717.520000,219701315.620000,239145758.590000,100572858.760000,109850657.810000,119572879.295000,161.758563,178.789827,191.100749,1721799.942802,1940635.929362,2181621.135509,1.000000
sem_tarifa_fixa,psp_dominante,8,7,365,central_1_0x,Retira integralmente a tarifa fixa evitada.,Volume produzido pelas hipoteses atuais de ticket e cadencia dos arquetipos.,1.000000,SUPOSICAO SINTETICA; NAO E DADO REAL,300,201145717.520000,219701315.620000,239145758.590000,201145717.520000,219701315.620000,239145758.590000,161.758563,178.789827,191.100749,3443599.885603,3881271.858724,4363242.271018,1.000000
sem_tarifa_fixa,psp_dominante,8,7,365,alto_2_0x,Retira integralmente a tarifa fixa evitada.,"Duas vezes o volume sintetico central; faixa de incerteza, nao dado observado.",2.000000,SUPOSICAO SINTETICA; NAO E DADO REAL,300,201145717.520000,219701315.620000,239145758.590000,402291435.040000,439402631.240000,478291517.180000,161.758563,178.789827,191.100749,6887199.771207,7762543.717448,8726484.542037,1.000000
iof_incerto_zero,psp_dominante,8,7,365,baixo_0_5x,Zera somente as duas aliquotas de IOF ainda nao confirmadas.,"Metade do volume sintetico central; faixa de incerteza, nao dado observado.",0.500000,SUPOSICAO SINTETICA; NAO E DADO REAL,300,201145717.520000,219701315.620000,239145758.590000,100572858.760000,109850657.810000,119572879.295000,106.208301,120.080240,135.106013,1132384.471304,1304383.407845,1524047.938634,1.000000
iof_incerto_zero,psp_dominante,8,7,365,central_1_0x,Zera somente as duas aliquotas de IOF ainda nao confirmadas.,Volume produzido pelas hipoteses atuais de ticket e cadencia dos arquetipos.,1.000000,SUPOSICAO SINTETICA; NAO E DADO REAL,300,201145717.520000,219701315.620000,239145758.590000,201145717.520000,219701315.620000,239145758.590000,104.602068,118.567309,133.589140,2232128.938889,2575566.809906,3016495.880394,1.000000
iof_incerto_zero,psp_dominante,8,7,365,alto_2_0x,Zera somente as duas aliquotas de IOF ainda nao confirmadas.,"Duas vezes o volume sintetico central; faixa de incerteza, nao dado observado.",2.000000,SUPOSICAO SINTETICA; NAO E DADO REAL,300,201145717.520000,219701315.620000,239145758.590000,402291435.040000,439402631.240000,478291517.180000,103.841561,117.771656,132.810887,4431617.874059,5117933.614030,6001391.763914,1.000000
piso_sem_componentes_incertos,psp_dominante,8,7,365,baixo_0_5x,"Zera spread, tarifa fixa e as duas aliquotas incertas; mantem carry em 4 bps.","Metade do volume sintetico central; faixa de incerteza, nao dado observado.",0.500000,SUPOSICAO SINTETICA; NAO E DADO REAL,300,201145717.520000,219701315.620000,239145758.590000,100572858.760000,109850657.810000,119572879.295000,83.651611,96.360656,110.550380,890162.868251,1043069.810105,1251948.052318,1.000000
piso_sem_componentes_incertos,psp_dominante,8,7,365,central_1_0x,"Zera spread, tarifa fixa e as duas aliquotas incertas; mantem carry em 4 bps.",Volume produzido pelas hipoteses atuais de ticket e cadencia dos arquetipos.,1.000000,SUPOSICAO SINTETICA; NAO E DADO REAL,300,201145717.520000,219701315.620000,239145758.590000,201145717.520000,219701315.620000,239145758.590000,83.651611,96.360656,110.550380,1780325.736502,2086139.620209,2503896.104635,1.000000
piso_sem_componentes_incertos,psp_dominante,8,7,365,alto_2_0x,"Zera spread, tarifa fixa e as duas aliquotas incertas; mantem carry em 4 bps.","Duas vezes o volume sintetico central; faixa de incerteza, nao dado observado.",2.000000,SUPOSICAO SINTETICA; NAO E DADO REAL,300,201145717.520000,219701315.620000,239145758.590000,402291435.040000,439402631.240000,478291517.180000,83.651611,96.360656,110.550380,3560651.473004,4172279.240419,5007792.209270,1.000000
carry_25bps,psp_dominante,8,7,365,baixo_0_5x,"Eleva o carry de 4 para 25 bps, sem alterar os demais componentes.","Metade do volume sintetico central; faixa de incerteza, nao dado observado.",0.500000,SUPOSICAO SINTETICA; NAO E DADO REAL,300,201145717.520000,219701315.620000,239145758.590000,100572858.760000,109850657.810000,119572879.295000,148.731541,164.508986,175.377594,1586984.005332,1785725.383373,2002412.336388,1.000000
carry_25bps,psp_dominante,8,7,365,central_1_0x,"Eleva o carry de 4 para 25 bps, sem alterar os demais componentes.",Volume produzido pelas hipoteses atuais de ticket e cadencia dos arquetipos.,1.000000,SUPOSICAO SINTETICA; NAO E DADO REAL,300,201145717.520000,219701315.620000,239145758.590000,201145717.520000,219701315.620000,239145758.590000,147.345218,162.901736,173.828032,3140608.008692,3536810.767205,3970944.669454,1.000000
carry_25bps,psp_dominante,8,7,365,alto_2_0x,"Eleva o carry de 4 para 25 bps, sem alterar os demais componentes.","Duas vezes o volume sintetico central; faixa de incerteza, nao dado observado.",2.000000,SUPOSICAO SINTETICA; NAO E DADO REAL,300,201145717.520000,219701315.620000,239145758.590000,402291435.040000,439402631.240000,478291517.180000,146.652057,162.091842,173.121968,6247856.015411,7038981.534868,7908009.335587,1.000000
combinado_severo,psp_dominante,8,7,365,baixo_0_5x,Aplica o piso dos componentes incertos e eleva o carry para 25 bps.,"Metade do volume sintetico central; faixa de incerteza, nao dado observado.",0.500000,SUPOSICAO SINTETICA; NAO E DADO REAL,300,201145717.520000,219701315.620000,239145758.590000,100572858.760000,109850657.810000,119572879.295000,67.347424,78.964476,92.548687,717712.972444,859963.984234,1036399.589076,1.000000
combinado_severo,psp_dominante,8,7,365,central_1_0x,Aplica o piso dos componentes incertos e eleva o carry para 25 bps.,Volume produzido pelas hipoteses atuais de ticket e cadencia dos arquetipos.,1.000000,SUPOSICAO SINTETICA; NAO E DADO REAL,300,201145717.520000,219701315.620000,239145758.590000,201145717.520000,219701315.620000,239145758.590000,67.347424,78.964476,92.548687,1435425.944888,1719927.968469,2072799.178151,1.000000
combinado_severo,psp_dominante,8,7,365,alto_2_0x,Aplica o piso dos componentes incertos e eleva o carry para 25 bps.,"Duas vezes o volume sintetico central; faixa de incerteza, nao dado observado.",2.000000,SUPOSICAO SINTETICA; NAO E DADO REAL,300,201145717.520000,219701315.620000,239145758.590000,402291435.040000,439402631.240000,478291517.180000,67.347424,78.964476,92.548687,2870851.889776,3439855.936937,4145598.356302,1.000000
sem_carry,psp_dominante,8,7,365,baixo_0_5x,Limite superior simples: retira o custo de carry e mantem o restante na base.,"Metade do volume sintetico central; faixa de incerteza, nao dado observado.",0.500000,SUPOSICAO SINTETICA; NAO E DADO REAL,300,201145717.520000,219701315.620000,239145758.590000,100572858.760000,109850657.810000,119572879.295000,167.540666,185.287611,197.585715,1787193.307738,2011380.830750,2256089.256660,1.000000
sem_carry,psp_dominante,8,7,365,central_1_0x,Limite superior simples: retira o custo de carry e mantem o restante na base.,Volume produzido pelas hipoteses atuais de ticket e cadencia dos arquetipos.,1.000000,SUPOSICAO SINTETICA; NAO E DADO REAL,300,201145717.520000,219701315.620000,239145758.590000,201145717.520000,219701315.620000,239145758.590000,166.154343,183.685486,196.029873,3541026.613503,3988121.661959,4478298.509998,1.000000
sem_carry,psp_dominante,8,7,365,alto_2_0x,Limite superior simples: retira o custo de carry e mantem o restante na base.,"Duas vezes o volume sintetico central; faixa de incerteza, nao dado observado.",2.000000,SUPOSICAO SINTETICA; NAO E DADO REAL,300,201145717.520000,219701315.620000,239145758.590000,402291435.040000,439402631.240000,478291517.180000,165.461182,182.875592,195.342993,7048693.225033,7941603.324376,8922717.016674,1.000000
base_hipotetica,psp_dominante,12,1,365,baixo_0_5x,Hipoteses atuais do modelo; ainda nao calibradas.,"Metade do volume sintetico central; faixa de incerteza, nao dado observado.",0.500000,SUPOSICAO SINTETICA; NAO E DADO REAL,300,317340071.470000,337282452.430000,364750296.010000,158670035.735000,168641226.215000,182375148.005000,182.616469,191.646434,199.774518,2981018.619097,3223535.912655,3506740.865884,1.000000
base_hipotetica,psp_dominante,12,1,365,central_1_0x,Hipoteses atuais do modelo; ainda nao calibradas.,Volume produzido pelas hipoteses atuais de ticket e cadencia dos arquetipos.,1.000000,SUPOSICAO SINTETICA; NAO E DADO REAL,300,317340071.470000,337282452.430000,364750296.010000,317340071.470000,337282452.430000,364750296.010000,180.768745,189.761620,197.890373,5900495.315926,6383412.067492,6948164.486995,1.000000
base_hipotetica,psp_dominante,12,1,365,alto_2_0x,Hipoteses atuais do modelo; ainda nao calibradas.,"Duas vezes o volume sintetico central; faixa de incerteza, nao dado observado.",2.000000,SUPOSICAO SINTETICA; NAO E DADO REAL,300,317340071.470000,337282452.430000,364750296.010000,634680142.940000,674564904.860000,729500592.020000,179.831536,188.796123,196.943998,11740830.641980,12704047.704380,13834128.987476,1.000000
sem_spread,psp_dominante,12,1,365,baixo_0_5x,Retira integralmente o spread evitado.,"Metade do volume sintetico central; faixa de incerteza, nao dado observado.",0.500000,SUPOSICAO SINTETICA; NAO E DADO REAL,300,317340071.470000,337282452.430000,364750296.010000,158670035.735000,168641226.215000,182375148.005000,161.792319,169.785509,176.954493,2641704.749531,2855948.033423,3106617.719631,1.000000
sem_spread,psp_dominante,12,1,365,central_1_0x,Retira integralmente o spread evitado.,Volume produzido pelas hipoteses atuais de ticket e cadencia dos arquetipos.,1.000000,SUPOSICAO SINTETICA; NAO E DADO REAL,300,317340071.470000,337282452.430000,364750296.010000,317340071.470000,337282452.430000,364750296.010000,159.967070,167.918161,175.099948,5221386.465444,5648559.134909,6147555.427747,1.000000
sem_spread,psp_dominante,12,1,365,alto_2_0x,Retira integralmente o spread evitado.,"Duas vezes o volume sintetico central; faixa de incerteza, nao dado observado.",2.000000,SUPOSICAO SINTETICA; NAO E DADO REAL,300,317340071.470000,337282452.430000,364750296.010000,634680142.940000,674564904.860000,729500592.020000,159.029861,166.955073,174.153573,10382612.941015,11233917.068617,12232741.099119,1.000000
sem_tarifa_fixa,psp_dominante,12,1,365,baixo_0_5x,Retira integralmente a tarifa fixa evitada.,"Metade do volume sintetico central; faixa de incerteza, nao dado observado.",0.500000,SUPOSICAO SINTETICA; NAO E DADO REAL,300,317340071.470000,337282452.430000,364750296.010000,158670035.735000,168641226.215000,182375148.005000,178.894345,187.833051,196.010685,2920167.599979,3160781.651052,3442982.144484,1.000000
sem_tarifa_fixa,psp_dominante,12,1,365,central_1_0x,Retira integralmente a tarifa fixa evitada.,Volume produzido pelas hipoteses atuais de ticket e cadencia dos arquetipos.,1.000000,SUPOSICAO SINTETICA; NAO E DADO REAL,300,317340071.470000,337282452.430000,364750296.010000,317340071.470000,337282452.430000,364750296.010000,178.894345,187.833051,196.010685,5840335.199958,6321563.302104,6885964.288968,1.000000
sem_tarifa_fixa,psp_dominante,12,1,365,alto_2_0x,Retira integralmente a tarifa fixa evitada.,"Duas vezes o volume sintetico central; faixa de incerteza, nao dado observado.",2.000000,SUPOSICAO SINTETICA; NAO E DADO REAL,300,317340071.470000,337282452.430000,364750296.010000,634680142.940000,674564904.860000,729500592.020000,178.894345,187.833051,196.010685,11680670.399917,12643126.604208,13771928.577936,1.000000
iof_incerto_zero,psp_dominante,12,1,365,baixo_0_5x,Zera somente as duas aliquotas de IOF ainda nao confirmadas.,"Metade do volume sintetico central; faixa de incerteza, nao dado observado.",0.500000,SUPOSICAO SINTETICA; NAO E DADO REAL,300,317340071.470000,337282452.430000,364750296.010000,158670035.735000,168641226.215000,182375148.005000,106.162861,117.302504,127.663845,1753948.274512,1963752.476719,2215468.154765,1.000000
iof_incerto_zero,psp_dominante,12,1,365,central_1_0x,Zera somente as duas aliquotas de IOF ainda nao confirmadas.,Volume produzido pelas hipoteses atuais de ticket e cadencia dos arquetipos.,1.000000,SUPOSICAO SINTETICA; NAO E DADO REAL,300,317340071.470000,337282452.430000,364750296.010000,317340071.470000,337282452.430000,364750296.010000,104.392437,115.454963,125.856741,3446642.809140,3863716.992622,4367376.291537,1.000000
iof_incerto_zero,psp_dominante,12,1,365,alto_2_0x,Zera somente as duas aliquotas de IOF ainda nao confirmadas.,"Duas vezes o volume sintetico central; faixa de incerteza, nao dado observado.",2.000000,SUPOSICAO SINTETICA; NAO E DADO REAL,300,317340071.470000,337282452.430000,364750296.010000,634680142.940000,674564904.860000,729500592.020000,103.507225,114.472924,124.953189,6836845.605405,7662793.976586,8671192.565080,1.000000
piso_sem_componentes_incertos,psp_dominante,12,1,365,baixo_0_5x,"Zera spread, tarifa fixa e as duas aliquotas incertas; mantem carry em 4 bps.","Metade do volume sintetico central; faixa de incerteza, nao dado observado.",0.500000,SUPOSICAO SINTETICA; NAO E DADO REAL,300,317340071.470000,337282452.430000,364750296.010000,158670035.735000,168641226.215000,182375148.005000,81.070372,91.923004,101.490578,1339712.633703,1526441.943645,1756707.631393,1.000000
piso_sem_componentes_incertos,psp_dominante,12,1,365,central_1_0x,"Zera spread, tarifa fixa e as duas aliquotas incertas; mantem carry em 4 bps.",Volume produzido pelas hipoteses atuais de ticket e cadencia dos arquetipos.,1.000000,SUPOSICAO SINTETICA; NAO E DADO REAL,300,317340071.470000,337282452.430000,364750296.010000,317340071.470000,337282452.430000,364750296.010000,81.070372,91.923004,101.490578,2679425.267407,3052883.887290,3513415.262785,1.000000
piso_sem_componentes_incertos,psp_dominante,12,1,365,alto_2_0x,"Zera spread, tarifa fixa e as duas aliquotas incertas; mantem carry em 4 bps.","Duas vezes o volume sintetico central; faixa de incerteza, nao dado observado.",2.000000,SUPOSICAO SINTETICA; NAO E DADO REAL,300,317340071.470000,337282452.430000,364750296.010000,634680142.940000,674564904.860000,729500592.020000,81.070372,91.923004,101.490578,5358850.534813,6105767.774579,7026830.525571,1.000000
carry_25bps,psp_dominante,12,1,365,baixo_0_5x,"Eleva o carry de 4 para 25 bps, sem alterar os demais componentes.","Metade do volume sintetico central; faixa de incerteza, nao dado observado.",0.500000,SUPOSICAO SINTETICA; NAO E DADO REAL,300,317340071.470000,337282452.430000,364750296.010000,158670035.735000,168641226.215000,182375148.005000,165.124183,173.283257,180.605697,2695994.968661,2914762.094100,3170637.423032,1.000000
carry_25bps,psp_dominante,12,1,365,central_1_0x,"Eleva o carry de 4 para 25 bps, sem alterar os demais componentes.",Volume produzido pelas hipoteses atuais de ticket e cadencia dos arquetipos.,1.000000,SUPOSICAO SINTETICA; NAO E DADO REAL,300,317340071.470000,337282452.430000,364750296.010000,317340071.470000,337282452.430000,364750296.010000,163.295338,171.412729,178.746416,5330043.881521,5766135.604123,6275624.580770,1.000000
carry_25bps,psp_dominante,12,1,365,alto_2_0x,"Eleva o carry de 4 para 25 bps, sem alterar os demais componentes.","Duas vezes o volume sintetico central; faixa de incerteza, nao dado observado.",2.000000,SUPOSICAO SINTETICA; NAO E DADO REAL,300,317340071.470000,337282452.430000,364750296.010000,634680142.940000,674564904.860000,729500592.020000,162.358129,170.449641,177.800041,10599927.773169,11469137.970339,12488963.161256,1.000000
combinado_severo,psp_dominante,12,1,365,baixo_0_5x,Aplica o piso dos componentes incertos e eleva o carry para 25 bps.,"Metade do volume sintetico central; faixa de incerteza, nao dado observado.",0.500000,SUPOSICAO SINTETICA; NAO E DADO REAL,300,317340071.470000,337282452.430000,364750296.010000,158670035.735000,168641226.215000,182375148.005000,62.967007,73.578412,83.133948,1048303.153497,1216941.988987,1429921.773026,1.000000
combinado_severo,psp_dominante,12,1,365,central_1_0x,Aplica o piso dos componentes incertos e eleva o carry para 25 bps.,Volume produzido pelas hipoteses atuais de ticket e cadencia dos arquetipos.,1.000000,SUPOSICAO SINTETICA; NAO E DADO REAL,300,317340071.470000,337282452.430000,364750296.010000,317340071.470000,337282452.430000,364750296.010000,62.967007,73.578412,83.133948,2096606.306994,2433883.977974,2859843.546052,1.000000
combinado_severo,psp_dominante,12,1,365,alto_2_0x,Aplica o piso dos componentes incertos e eleva o carry para 25 bps.,"Duas vezes o volume sintetico central; faixa de incerteza, nao dado observado.",2.000000,SUPOSICAO SINTETICA; NAO E DADO REAL,300,317340071.470000,337282452.430000,364750296.010000,634680142.940000,674564904.860000,729500592.020000,62.967007,73.578412,83.133948,4193212.613988,4867767.955948,5719687.092103,1.000000
sem_carry,psp_dominante,12,1,365,baixo_0_5x,Limite superior simples: retira o custo de carry e mantem o restante na base.,"Metade do volume sintetico central; faixa de incerteza, nao dado observado.",0.500000,SUPOSICAO SINTETICA; NAO E DADO REAL,300,317340071.470000,337282452.430000,364750296.010000,158670035.735000,168641226.215000,182375148.005000,185.948333,195.144182,203.425722,3035308.838228,3282334.273403,3570760.569285,1.000000
sem_carry,psp_dominante,12,1,365,central_1_0x,Limite superior simples: retira o custo de carry e mantem o restante na base.,Volume produzido pelas hipoteses atuais de ticket e cadencia dos arquetipos.,1.000000,SUPOSICAO SINTETICA; NAO E DADO REAL,300,317340071.470000,337282452.430000,364750296.010000,317340071.470000,337282452.430000,364750296.010000,184.097013,193.257560,201.536841,6009152.732003,6500988.536705,7076275.518064,1.000000
sem_carry,psp_dominante,12,1,365,alto_2_0x,Limite superior simples: retira o custo de carry e mantem o restante na base.,"Duas vezes o volume sintetico central; faixa de incerteza, nao dado observado.",2.000000,SUPOSICAO SINTETICA; NAO E DADO REAL,300,317340071.470000,337282452.430000,364750296.010000,634680142.940000,674564904.860000,729500592.020000,183.159804,192.290691,200.590466,11958145.474134,12939268.606102,14090351.049613,1.000000
base_hipotetica,psp_dominante,12,7,365,baixo_0_5x,Hipoteses atuais do modelo; ainda nao calibradas.,"Metade do volume sintetico central; faixa de incerteza, nao dado observado.",0.500000,SUPOSICAO SINTETICA; NAO E DADO REAL,300,317340071.470000,337282452.430000,364750296.010000,158670035.735000,168641226.215000,182375148.005000,183.053832,193.218643,201.442527,3012504.677407,3257085.146325,3539641.680798,1.000000
base_hipotetica,psp_dominante,12,7,365,central_1_0x,Hipoteses atuais do modelo; ainda nao calibradas.,Volume produzido pelas hipoteses atuais de ticket e cadencia dos arquetipos.,1.000000,SUPOSICAO SINTETICA; NAO E DADO REAL,300,317340071.470000,337282452.430000,364750296.010000,317340071.470000,337282452.430000,364750296.010000,181.262394,191.278802,199.510007,5964489.362571,6452410.292679,7013003.361520,1.000000
base_hipotetica,psp_dominante,12,7,365,alto_2_0x,Hipoteses atuais do modelo; ainda nao calibradas.,"Duas vezes o volume sintetico central; faixa de incerteza, nao dado observado.",2.000000,SUPOSICAO SINTETICA; NAO E DADO REAL,300,317340071.470000,337282452.430000,364750296.010000,634680142.940000,674564904.860000,729500592.020000,180.421538,190.367770,198.596895,11867729.145170,12843060.585387,13959726.722963,1.000000
sem_spread,psp_dominante,12,7,365,baixo_0_5x,Retira integralmente o spread evitado.,"Metade do volume sintetico central; faixa de incerteza, nao dado observado.",0.500000,SUPOSICAO SINTETICA; NAO E DADO REAL,300,317340071.470000,337282452.430000,364750296.010000,158670035.735000,168641226.215000,182375148.005000,162.231407,171.182568,178.468402,2669250.534282,2885535.844588,3135762.189638,1.000000
sem_spread,psp_dominante,12,7,365,central_1_0x,Retira integralmente o spread evitado.,Volume produzido pelas hipoteses atuais de ticket e cadencia dos arquetipos.,1.000000,SUPOSICAO SINTETICA; NAO E DADO REAL,300,317340071.470000,337282452.430000,364750296.010000,317340071.470000,337282452.430000,364750296.010000,160.380919,169.259502,176.535882,5277981.076320,5709311.689205,6205244.379200,1.000000
sem_spread,psp_dominante,12,7,365,alto_2_0x,Retira integralmente o spread evitado.,"Duas vezes o volume sintetico central; faixa de incerteza, nao dado observado.",2.000000,SUPOSICAO SINTETICA; NAO E DADO REAL,300,317340071.470000,337282452.430000,364750296.010000,634680142.940000,674564904.860000,729500592.020000,159.540063,168.337070,175.607145,10494942.618827,11356863.378438,12344208.758324,1.000000
sem_tarifa_fixa,psp_dominante,12,7,365,baixo_0_5x,Retira integralmente a tarifa fixa evitada.,"Metade do volume sintetico central; faixa de incerteza, nao dado observado.",0.500000,SUPOSICAO SINTETICA; NAO E DADO REAL,300,317340071.470000,337282452.430000,364750296.010000,158670035.735000,168641226.215000,182375148.005000,179.580674,189.463905,197.711934,2951492.159008,3195325.329118,3473361.515728,1.000000
sem_tarifa_fixa,psp_dominante,12,7,365,central_1_0x,Retira integralmente a tarifa fixa evitada.,Volume produzido pelas hipoteses atuais de ticket e cadencia dos arquetipos.,1.000000,SUPOSICAO SINTETICA; NAO E DADO REAL,300,317340071.470000,337282452.430000,364750296.010000,317340071.470000,337282452.430000,364750296.010000,179.580674,189.463905,197.711934,5902984.318016,6390650.658236,6946723.031457,1.000000
sem_tarifa_fixa,psp_dominante,12,7,365,alto_2_0x,Retira integralmente a tarifa fixa evitada.,"Duas vezes o volume sintetico central; faixa de incerteza, nao dado observado.",2.000000,SUPOSICAO SINTETICA; NAO E DADO REAL,300,317340071.470000,337282452.430000,364750296.010000,634680142.940000,674564904.860000,729500592.020000,179.580674,189.463905,197.711934,11805968.636032,12781301.316472,13893446.062914,1.000000
iof_incerto_zero,psp_dominante,12,7,365,baixo_0_5x,Zera somente as duas aliquotas de IOF ainda nao confirmadas.,"Metade do volume sintetico central; faixa de incerteza, nao dado observado.",0.500000,SUPOSICAO SINTETICA; NAO E DADO REAL,300,317340071.470000,337282452.430000,364750296.010000,158670035.735000,168641226.215000,182375148.005000,106.218219,117.225301,127.793791,1750660.322962,1965498.155818,2213883.646172,1.000000
iof_incerto_zero,psp_dominante,12,7,365,central_1_0x,Zera somente as duas aliquotas de IOF ainda nao confirmadas.,Volume produzido pelas hipoteses atuais de ticket e cadencia dos arquetipos.,1.000000,SUPOSICAO SINTETICA; NAO E DADO REAL,300,317340071.470000,337282452.430000,364750296.010000,317340071.470000,337282452.430000,364750296.010000,104.441156,115.366002,125.869977,3440400.661870,3866694.756408,4364567.295043,1.000000
iof_incerto_zero,psp_dominante,12,7,365,alto_2_0x,Zera somente as duas aliquotas de IOF ainda nao confirmadas.,"Duas vezes o volume sintetico central; faixa de incerteza, nao dado observado.",2.000000,SUPOSICAO SINTETICA; NAO E DADO REAL,300,317340071.470000,337282452.430000,364750296.010000,634680142.940000,674564904.860000,729500592.020000,103.552625,114.421954,124.908070,6819881.339685,7668469.502197,8665934.592786,1.000000
piso_sem_componentes_incertos,psp_dominante,12,7,365,baixo_0_5x,"Zera spread, tarifa fixa e as duas aliquotas incertas; mantem carry em 4 bps.","Metade do volume sintetico central; faixa de incerteza, nao dado observado.",0.500000,SUPOSICAO SINTETICA; NAO E DADO REAL,300,317340071.470000,337282452.430000,364750296.010000,158670035.735000,168641226.215000,182375148.005000,80.996488,91.268407,101.434902,1341164.471663,1525226.390668,1754094.090666,1.000000
piso_sem_componentes_incertos,psp_dominante,12,7,365,central_1_0x,"Zera spread, tarifa fixa e as duas aliquotas incertas; mantem carry em 4 bps.",Volume produzido pelas hipoteses atuais de ticket e cadencia dos arquetipos.,1.000000,SUPOSICAO SINTETICA; NAO E DADO REAL,300,317340071.470000,337282452.430000,364750296.010000,317340071.470000,337282452.430000,364750296.010000,80.996488,91.268407,101.434902,2682328.943326,3050452.781337,3508188.181333,1.000000
piso_sem_componentes_incertos,psp_dominante,12,7,365,alto_2_0x,"Zera spread, tarifa fixa e as duas aliquotas incertas; mantem carry em 4 bps.","Duas vezes o volume sintetico central; faixa de incerteza, nao dado observado.",2.000000,SUPOSICAO SINTETICA; NAO E DADO REAL,300,317340071.470000,337282452.430000,364750296.010000,634680142.940000,674564904.860000,729500592.020000,80.996488,91.268407,101.434902,5364657.886653,6100905.562673,7016376.362666,1.000000
carry_25bps,psp_dominante,12,7,365,baixo_0_5x,"Eleva o carry de 4 para 25 bps, sem alterar os demais componentes.","Metade do volume sintetico central; faixa de incerteza, nao dado observado.",0.500000,SUPOSICAO SINTETICA; NAO E DADO REAL,300,317340071.470000,337282452.430000,364750296.010000,158670035.735000,168641226.215000,182375148.005000,165.562995,174.708340,182.144262,2724171.197182,2944983.732866,3200382.908224,1.000000
carry_25bps,psp_dominante,12,7,365,central_1_0x,"Eleva o carry de 4 para 25 bps, sem alterar os demais componentes.",Volume produzido pelas hipoteses atuais de ticket e cadencia dos arquetipos.,1.000000,SUPOSICAO SINTETICA; NAO E DADO REAL,300,317340071.470000,337282452.430000,364750296.010000,317340071.470000,337282452.430000,364750296.010000,163.721955,172.782590,180.211742,5387822.402120,5828207.465761,6334485.816371,1.000000
carry_25bps,psp_dominante,12,7,365,alto_2_0x,"Eleva o carry de 4 para 25 bps, sem alterar os demais componentes.","Duas vezes o volume sintetico central; faixa de incerteza, nao dado observado.",2.000000,SUPOSICAO SINTETICA; NAO E DADO REAL,300,317340071.470000,337282452.430000,364750296.010000,634680142.940000,674564904.860000,729500592.020000,162.881099,171.861982,179.285505,10714588.463042,11594654.931550,12602691.632666,1.000000
combinado_severo,psp_dominante,12,7,365,baixo_0_5x,Aplica o piso dos componentes incertos e eleva o carry para 25 bps.,"Metade do volume sintetico central; faixa de incerteza, nao dado observado.",0.500000,SUPOSICAO SINTETICA; NAO E DADO REAL,300,317340071.470000,337282452.430000,364750296.010000,158670035.735000,168641226.215000,182375148.005000,62.710290,73.038513,82.525431,1047872.663194,1214922.073875,1423173.958626,1.000000
combinado_severo,psp_dominante,12,7,365,central_1_0x,Aplica o piso dos componentes incertos e eleva o carry para 25 bps.,Volume produzido pelas hipoteses atuais de ticket e cadencia dos arquetipos.,1.000000,SUPOSICAO SINTETICA; NAO E DADO REAL,300,317340071.470000,337282452.430000,364750296.010000,317340071.470000,337282452.430000,364750296.010000,62.710290,73.038513,82.525431,2095745.326387,2429844.147749,2846347.917252,1.000000
combinado_severo,psp_dominante,12,7,365,alto_2_0x,Aplica o piso dos componentes incertos e eleva o carry para 25 bps.,"Duas vezes o volume sintetico central; faixa de incerteza, nao dado observado.",2.000000,SUPOSICAO SINTETICA; NAO E DADO REAL,300,317340071.470000,337282452.430000,364750296.010000,634680142.940000,674564904.860000,729500592.020000,62.710290,73.038513,82.525431,4191490.652775,4859688.295498,5692695.834503,1.000000
sem_carry,psp_dominante,12,7,365,baixo_0_5x,Limite superior simples: retira o custo de carry e mantem o restante na base.,"Metade do volume sintetico central; faixa de incerteza, nao dado observado.",0.500000,SUPOSICAO SINTETICA; NAO E DADO REAL,300,317340071.470000,337282452.430000,364750296.010000,158670035.735000,168641226.215000,182375148.005000,186.385420,196.744415,205.118387,3067425.340307,3316533.034603,3604262.399384,1.000000
sem_carry,psp_dominante,12,7,365,central_1_0x,Limite superior simples: retira o custo de carry e mantem o restante na base.,Volume produzido pelas hipoteses atuais de ticket e cadencia dos arquetipos.,1.000000,SUPOSICAO SINTETICA; NAO E DADO REAL,300,317340071.470000,337282452.430000,364750296.010000,317340071.470000,337282452.430000,364750296.010000,184.603430,194.801890,203.185867,6074330.688371,6571306.069235,7142244.798691,1.000000
sem_carry,psp_dominante,12,7,365,alto_2_0x,Limite superior simples: retira o custo de carry e mantem o restante na base.,"Duas vezes o volume sintetico central; faixa de incerteza, nao dado observado.",2.000000,SUPOSICAO SINTETICA; NAO E DADO REAL,300,317340071.470000,337282452.430000,364750296.010000,634680142.940000,674564904.860000,729500592.020000,183.762574,193.892682,202.275255,12087374.989385,13080852.138499,14218209.597305,1.000000
base_hipotetica,outbound_extremo,8,1,365,baixo_0_5x,Hipoteses atuais do modelo; ainda nao calibradas.,"Metade do volume sintetico central; faixa de incerteza, nao dado observado.",0.500000,SUPOSICAO SINTETICA; NAO E DADO REAL,300,241851728.450000,264018553.890000,282969118.070000,120925864.225000,132009276.945000,141484559.035000,24.623046,29.913071,34.990249,325335.316342,390543.083438,459918.521140,1.000000
base_hipotetica,outbound_extremo,8,1,365,central_1_0x,Hipoteses atuais do modelo; ainda nao calibradas.,Volume produzido pelas hipoteses atuais de ticket e cadencia dos arquetipos.,1.000000,SUPOSICAO SINTETICA; NAO E DADO REAL,300,241851728.450000,264018553.890000,282969118.070000,241851728.450000,264018553.890000,282969118.070000,22.338154,27.574880,32.534841,590405.269159,719741.175223,855837.044503,1.000000
base_hipotetica,outbound_extremo,8,1,365,alto_2_0x,Hipoteses atuais do modelo; ainda nao calibradas.,"Duas vezes o volume sintetico central; faixa de incerteza, nao dado observado.",2.000000,SUPOSICAO SINTETICA; NAO E DADO REAL,300,241851728.450000,264018553.890000,282969118.070000,483703456.900000,528037107.780000,565938236.140000,21.208101,26.397920,31.399085,1118610.551108,1379602.337335,1649450.744326,1.000000
sem_spread,outbound_extremo,8,1,365,baixo_0_5x,Retira integralmente o spread evitado.,"Metade do volume sintetico central; faixa de incerteza, nao dado observado.",0.500000,SUPOSICAO SINTETICA; NAO E DADO REAL,300,241851728.450000,264018553.890000,282969118.070000,120925864.225000,132009276.945000,141484559.035000,20.134326,24.340904,28.222023,267423.042028,319428.459612,373569.843595,1.000000
sem_spread,outbound_extremo,8,1,365,central_1_0x,Retira integralmente o spread evitado.,Volume produzido pelas hipoteses atuais de ticket e cadencia dos arquetipos.,1.000000,SUPOSICAO SINTETICA; NAO E DADO REAL,300,241851728.450000,264018553.890000,282969118.070000,241851728.450000,264018553.890000,282969118.070000,17.835641,22.019131,25.901566,474670.137626,577447.095425,687899.677712,1.000000
sem_spread,outbound_extremo,8,1,365,alto_2_0x,Retira integralmente o spread evitado.,"Duas vezes o volume sintetico central; faixa de incerteza, nao dado observado.",2.000000,SUPOSICAO SINTETICA; NAO E DADO REAL,300,241851728.450000,264018553.890000,282969118.070000,483703456.900000,528037107.780000,565938236.140000,16.678717,20.832110,24.738250,890460.265366,1092374.199306,1316559.345945,1.000000
sem_tarifa_fixa,outbound_extremo,8,1,365,baixo_0_5x,Retira integralmente a tarifa fixa evitada.,"Metade do volume sintetico central; faixa de incerteza, nao dado observado.",0.500000,SUPOSICAO SINTETICA; NAO E DADO REAL,300,241851728.450000,264018553.890000,282969118.070000,120925864.225000,132009276.945000,141484559.035000,20.081681,25.201673,30.272599,264596.504564,329388.468551,397476.323128,1.000000
sem_tarifa_fixa,outbound_extremo,8,1,365,central_1_0x,Retira integralmente a tarifa fixa evitada.,Volume produzido pelas hipoteses atuais de ticket e cadencia dos arquetipos.,1.000000,SUPOSICAO SINTETICA; NAO E DADO REAL,300,241851728.450000,264018553.890000,282969118.070000,241851728.450000,264018553.890000,282969118.070000,20.081681,25.201673,30.272599,529193.009127,658776.937102,794952.646256,1.000000
sem_tarifa_fixa,outbound_extremo,8,1,365,alto_2_0x,Retira integralmente a tarifa fixa evitada.,"Duas vezes o volume sintetico central; faixa de incerteza, nao dado observado.",2.000000,SUPOSICAO SINTETICA; NAO E DADO REAL,300,241851728.450000,264018553.890000,282969118.070000,483703456.900000,528037107.780000,565938236.140000,20.081681,25.201673,30.272599,1058386.018255,1317553.874203,1589905.292512,1.000000
iof_incerto_zero,outbound_extremo,8,1,365,baixo_0_5x,Zera somente as duas aliquotas de IOF ainda nao confirmadas.,"Metade do volume sintetico central; faixa de incerteza, nao dado observado.",0.500000,SUPOSICAO SINTETICA; NAO E DADO REAL,300,241851728.450000,264018553.890000,282969118.070000,120925864.225000,132009276.945000,141484559.035000,17.001789,20.217272,23.601158,225498.257970,265391.633486,307838.901990,1.000000
iof_incerto_zero,outbound_extremo,8,1,365,central_1_0x,Zera somente as duas aliquotas de IOF ainda nao confirmadas.,Volume produzido pelas hipoteses atuais de ticket e cadencia dos arquetipos.,1.000000,SUPOSICAO SINTETICA; NAO E DADO REAL,300,241851728.450000,264018553.890000,282969118.070000,241851728.450000,264018553.890000,282969118.070000,14.691828,17.931679,21.118375,390316.523195,470043.463430,554715.983152,1.000000
iof_incerto_zero,outbound_extremo,8,1,365,alto_2_0x,Zera somente as duas aliquotas de IOF ainda nao confirmadas.,"Duas vezes o volume sintetico central; faixa de incerteza, nao dado observado.",2.000000,SUPOSICAO SINTETICA; NAO E DADO REAL,300,241851728.450000,264018553.890000,282969118.070000,483703456.900000,528037107.780000,565938236.140000,13.510322,16.801658,19.928329,719953.053646,877164.303712,1046435.640188,1.000000
piso_sem_componentes_incertos,outbound_extremo,8,1,365,baixo_0_5x,"Zera spread, tarifa fixa e as duas aliquotas incertas; mantem carry em 4 bps.","Metade do volume sintetico central; faixa de incerteza, nao dado observado.",0.500000,SUPOSICAO SINTETICA; NAO E DADO REAL,300,241851728.450000,264018553.890000,282969118.070000,120925864.225000,132009276.945000,141484559.035000,7.914025,10.009863,12.275124,105243.156807,130996.081515,158106.717668,1.000000
piso_sem_componentes_incertos,outbound_extremo,8,1,365,central_1_0x,"Zera spread, tarifa fixa e as duas aliquotas incertas; mantem carry em 4 bps.",Volume produzido pelas hipoteses atuais de ticket e cadencia dos arquetipos.,1.000000,SUPOSICAO SINTETICA; NAO E DADO REAL,300,241851728.450000,264018553.890000,282969118.070000,241851728.450000,264018553.890000,282969118.070000,7.914025,10.009863,12.275124,210486.313614,261992.163030,316213.435335,1.000000
piso_sem_componentes_incertos,outbound_extremo,8,1,365,alto_2_0x,"Zera spread, tarifa fixa e as duas aliquotas incertas; mantem carry em 4 bps.","Duas vezes o volume sintetico central; faixa de incerteza, nao dado observado.",2.000000,SUPOSICAO SINTETICA; NAO E DADO REAL,300,241851728.450000,264018553.890000,282969118.070000,483703456.900000,528037107.780000,565938236.140000,7.914025,10.009863,12.275124,420972.627229,523984.326060,632426.870671,1.000000
carry_25bps,outbound_extremo,8,1,365,baixo_0_5x,"Eleva o carry de 4 para 25 bps, sem alterar os demais componentes.","Metade do volume sintetico central; faixa de incerteza, nao dado observado.",0.500000,SUPOSICAO SINTETICA; NAO E DADO REAL,300,241851728.450000,264018553.890000,282969118.070000,120925864.225000,132009276.945000,141484559.035000,20.841702,25.209477,29.288170,277528.307714,331241.546117,388320.407722,1.000000
carry_25bps,outbound_extremo,8,1,365,central_1_0x,"Eleva o carry de 4 para 25 bps, sem alterar os demais componentes.",Volume produzido pelas hipoteses atuais de ticket e cadencia dos arquetipos.,1.000000,SUPOSICAO SINTETICA; NAO E DADO REAL,300,241851728.450000,264018553.890000,282969118.070000,241851728.450000,264018553.890000,282969118.070000,18.590722,22.845924,26.962890,494216.618002,600755.933637,716274.608981,1.000000
carry_25bps,outbound_extremo,8,1,365,alto_2_0x,"Eleva o carry de 4 para 25 bps, sem alterar os demais componentes.","Duas vezes o volume sintetico central; faixa de incerteza, nao dado observado.",2.000000,SUPOSICAO SINTETICA; NAO E DADO REAL,300,241851728.450000,264018553.890000,282969118.070000,483703456.900000,528037107.780000,565938236.140000,17.473433,21.702701,25.832745,929593.240082,1139153.723592,1373022.232484,1.000000
combinado_severo,outbound_extremo,8,1,365,baixo_0_5x,Aplica o piso dos componentes incertos e eleva o carry para 25 bps.,"Metade do volume sintetico central; faixa de incerteza, nao dado observado.",0.500000,SUPOSICAO SINTETICA; NAO E DADO REAL,300,241851728.450000,264018553.890000,282969118.070000,120925864.225000,132009276.945000,141484559.035000,4.035045,5.354384,6.839511,53925.761545,69564.365930,88279.093105,1.000000
combinado_severo,outbound_extremo,8,1,365,central_1_0x,Aplica o piso dos componentes incertos e eleva o carry para 25 bps.,Volume produzido pelas hipoteses atuais de ticket e cadencia dos arquetipos.,1.000000,SUPOSICAO SINTETICA; NAO E DADO REAL,300,241851728.450000,264018553.890000,282969118.070000,241851728.450000,264018553.890000,282969118.070000,4.035045,5.354384,6.839511,107851.523091,139128.731860,176558.186209,1.000000
combinado_severo,outbound_extremo,8,1,365,alto_2_0x,Aplica o piso dos componentes incertos e eleva o carry para 25 bps.,"Duas vezes o volume sintetico central; faixa de incerteza, nao dado observado.",2.000000,SUPOSICAO SINTETICA; NAO E DADO REAL,300,241851728.450000,264018553.890000,282969118.070000,483703456.900000,528037107.780000,565938236.140000,4.035045,5.354384,6.839511,215703.046181,278257.463720,353116.372418,1.000000
sem_carry,outbound_extremo,8,1,365,baixo_0_5x,Limite superior simples: retira o custo de carry e mantem o restante na base.,"Metade do volume sintetico central; faixa de incerteza, nao dado observado.",0.500000,SUPOSICAO SINTETICA; NAO E DADO REAL,300,241851728.450000,264018553.890000,282969118.070000,120925864.225000,132009276.945000,141484559.035000,25.333273,30.741049,36.009661,334546.789229,401499.427751,471913.638439,1.000000
sem_carry,outbound_extremo,8,1,365,central_1_0x,Limite superior simples: retira o custo de carry e mantem o restante na base.,Volume produzido pelas hipoteses atuais de ticket e cadencia dos arquetipos.,1.000000,SUPOSICAO SINTETICA; NAO E DADO REAL,300,241851728.450000,264018553.890000,282969118.070000,241851728.450000,264018553.890000,282969118.070000,23.050011,28.387128,33.596165,608032.429677,742278.855354,881358.850909,1.000000
sem_carry,outbound_extremo,8,1,365,alto_2_0x,Limite superior simples: retira o custo de carry e mantem o restante na base.,"Duas vezes o volume sintetico central; faixa de incerteza, nao dado observado.",2.000000,SUPOSICAO SINTETICA; NAO E DADO REAL,300,241851728.450000,264018553.890000,282969118.070000,483703456.900000,528037107.780000,565938236.140000,21.908870,27.241161,32.416270,1157224.863431,1423238.514183,1702998.315906,1.000000
base_hipotetica,outbound_extremo,8,7,365,baixo_0_5x,Hipoteses atuais do modelo; ainda nao calibradas.,"Metade do volume sintetico central; faixa de incerteza, nao dado observado.",0.500000,SUPOSICAO SINTETICA; NAO E DADO REAL,300,241851728.450000,264018553.890000,282969118.070000,120925864.225000,132009276.945000,141484559.035000,24.718891,30.098030,35.226101,328117.023658,395180.719568,464825.119969,1.000000
base_hipotetica,outbound_extremo,8,7,365,central_1_0x,Hipoteses atuais do modelo; ainda nao calibradas.,Volume produzido pelas hipoteses atuais de ticket e cadencia dos arquetipos.,1.000000,SUPOSICAO SINTETICA; NAO E DADO REAL,300,241851728.450000,264018553.890000,282969118.070000,241851728.450000,264018553.890000,282969118.070000,22.490617,27.768631,32.812175,592870.396843,728921.100411,867330.248469,1.000000
base_hipotetica,outbound_extremo,8,7,365,alto_2_0x,Hipoteses atuais do modelo; ainda nao calibradas.,"Duas vezes o volume sintetico central; faixa de incerteza, nao dado observado.",2.000000,SUPOSICAO SINTETICA; NAO E DADO REAL,300,241851728.450000,264018553.890000,282969118.070000,483703456.900000,528037107.780000,565938236.140000,21.333693,26.632499,31.623826,1127660.790868,1396602.192965,1672340.505470,1.000000
sem_spread,outbound_extremo,8,7,365,baixo_0_5x,Retira integralmente o spread evitado.,"Metade do volume sintetico central; faixa de incerteza, nao dado observado.",0.500000,SUPOSICAO SINTETICA; NAO E DADO REAL,300,241851728.450000,264018553.890000,282969118.070000,120925864.225000,132009276.945000,141484559.035000,20.196555,24.574274,28.652199,269300.681802,322087.712871,379359.043137,1.000000
sem_spread,outbound_extremo,8,7,365,central_1_0x,Retira integralmente o spread evitado.,Volume produzido pelas hipoteses atuais de ticket e cadencia dos arquetipos.,1.000000,SUPOSICAO SINTETICA; NAO E DADO REAL,300,241851728.450000,264018553.890000,282969118.070000,241851728.450000,264018553.890000,282969118.070000,17.987795,22.185056,26.242146,477937.533031,582034.531003,695751.670463,1.000000
sem_spread,outbound_extremo,8,7,365,alto_2_0x,Retira integralmente o spread evitado.,"Duas vezes o volume sintetico central; faixa de incerteza, nao dado observado.",2.000000,SUPOSICAO SINTETICA; NAO E DADO REAL,300,241851728.450000,264018553.890000,282969118.070000,483703456.900000,528037107.780000,565938236.140000,16.914530,21.047145,25.057648,895755.066794,1102317.194492,1327983.333934,1.000000
sem_tarifa_fixa,outbound_extremo,8,7,365,baixo_0_5x,Retira integralmente a tarifa fixa evitada.,"Metade do volume sintetico central; faixa de incerteza, nao dado observado.",0.500000,SUPOSICAO SINTETICA; NAO E DADO REAL,300,241851728.450000,264018553.890000,282969118.070000,120925864.225000,132009276.945000,141484559.035000,20.176777,25.452459,30.439648,267157.479320,333714.153153,402505.178905,1.000000
sem_tarifa_fixa,outbound_extremo,8,7,365,central_1_0x,Retira integralmente a tarifa fixa evitada.,Volume produzido pelas hipoteses atuais de ticket e cadencia dos arquetipos.,1.000000,SUPOSICAO SINTETICA; NAO E DADO REAL,300,241851728.450000,264018553.890000,282969118.070000,241851728.450000,264018553.890000,282969118.070000,20.176777,25.452459,30.439648,534314.958640,667428.306306,805010.357810,1.000000
sem_tarifa_fixa,outbound_extremo,8,7,365,alto_2_0x,Retira integralmente a tarifa fixa evitada.,"Duas vezes o volume sintetico central; faixa de incerteza, nao dado observado.",2.000000,SUPOSICAO SINTETICA; NAO E DADO REAL,300,241851728.450000,264018553.890000,282969118.070000,483703456.900000,528037107.780000,565938236.140000,20.176777,25.452459,30.439648,1068629.917280,1334856.612612,1610020.715619,1.000000
iof_incerto_zero,outbound_extremo,8,7,365,baixo_0_5x,Zera somente as duas aliquotas de IOF ainda nao confirmadas.,"Metade do volume sintetico central; faixa de incerteza, nao dado observado.",0.500000,SUPOSICAO SINTETICA; NAO E DADO REAL,300,241851728.450000,264018553.890000,282969118.070000,120925864.225000,132009276.945000,141484559.035000,16.968374,20.155638,23.521715,225049.020995,264561.523017,307393.684272,1.000000
iof_incerto_zero,outbound_extremo,8,7,365,central_1_0x,Zera somente as duas aliquotas de IOF ainda nao confirmadas.,Volume produzido pelas hipoteses atuais de ticket e cadencia dos arquetipos.,1.000000,SUPOSICAO SINTETICA; NAO E DADO REAL,300,241851728.450000,264018553.890000,282969118.070000,241851728.450000,264018553.890000,282969118.070000,14.654525,17.823487,21.167383,389418.049246,468323.053955,553494.473575,1.000000
iof_incerto_zero,outbound_extremo,8,7,365,alto_2_0x,Zera somente as duas aliquotas de IOF ainda nao confirmadas.,"Duas vezes o volume sintetico central; faixa de incerteza, nao dado observado.",2.000000,SUPOSICAO SINTETICA; NAO E DADO REAL,300,241851728.450000,264018553.890000,282969118.070000,483703456.900000,528037107.780000,565938236.140000,13.515878,16.703286,20.029768,718156.105747,875846.115831,1044654.769315,1.000000
piso_sem_componentes_incertos,outbound_extremo,8,7,365,baixo_0_5x,"Zera spread, tarifa fixa e as duas aliquotas incertas; mantem carry em 4 bps.","Metade do volume sintetico central; faixa de incerteza, nao dado observado.",0.500000,SUPOSICAO SINTETICA; NAO E DADO REAL,300,241851728.450000,264018553.890000,282969118.070000,120925864.225000,132009276.945000,141484559.035000,7.880680,9.908959,12.256103,104837.390817,130332.166948,157897.017486,1.000000
piso_sem_componentes_incertos,outbound_extremo,8,7,365,central_1_0x,"Zera spread, tarifa fixa e as duas aliquotas incertas; mantem carry em 4 bps.",Volume produzido pelas hipoteses atuais de ticket e cadencia dos arquetipos.,1.000000,SUPOSICAO SINTETICA; NAO E DADO REAL,300,241851728.450000,264018553.890000,282969118.070000,241851728.450000,264018553.890000,282969118.070000,7.880680,9.908959,12.256103,209674.781634,260664.333896,315794.034971,1.000000
piso_sem_componentes_incertos,outbound_extremo,8,7,365,alto_2_0x,"Zera spread, tarifa fixa e as duas aliquotas incertas; mantem carry em 4 bps.","Duas vezes o volume sintetico central; faixa de incerteza, nao dado observado.",2.000000,SUPOSICAO SINTETICA; NAO E DADO REAL,300,241851728.450000,264018553.890000,282969118.070000,483703456.900000,528037107.780000,565938236.140000,7.880680,9.908959,12.256103,419349.563267,521328.667793,631588.069942,1.000000
carry_25bps,outbound_extremo,8,7,365,baixo_0_5x,"Eleva o carry de 4 para 25 bps, sem alterar os demais componentes.","Metade do volume sintetico central; faixa de incerteza, nao dado observado.",0.500000,SUPOSICAO SINTETICA; NAO E DADO REAL,300,241851728.450000,264018553.890000,282969118.070000,120925864.225000,132009276.945000,141484559.035000,20.966728,25.457649,29.671611,279087.734327,333662.705389,393757.800480,1.000000
carry_25bps,outbound_extremo,8,7,365,central_1_0x,"Eleva o carry de 4 para 25 bps, sem alterar os demais componentes.",Volume produzido pelas hipoteses atuais de ticket e cadencia dos arquetipos.,1.000000,SUPOSICAO SINTETICA; NAO E DADO REAL,300,241851728.450000,264018553.890000,282969118.070000,241851728.450000,264018553.890000,282969118.070000,18.731295,23.084898,27.315390,496375.480316,606045.405775,725195.609492,1.000000
carry_25bps,outbound_extremo,8,7,365,alto_2_0x,"Eleva o carry de 4 para 25 bps, sem alterar os demais componentes.","Duas vezes o volume sintetico central; faixa de incerteza, nao dado observado.",2.000000,SUPOSICAO SINTETICA; NAO E DADO REAL,300,241851728.450000,264018553.890000,282969118.070000,483703456.900000,528037107.780000,565938236.140000,17.658030,21.936038,26.130892,933473.201197,1153440.292315,1386451.224817,1.000000
combinado_severo,outbound_extremo,8,7,365,baixo_0_5x,Aplica o piso dos componentes incertos e eleva o carry para 25 bps.,"Metade do volume sintetico central; faixa de incerteza, nao dado observado.",0.500000,SUPOSICAO SINTETICA; NAO E DADO REAL,300,241851728.450000,264018553.890000,282969118.070000,120925864.225000,132009276.945000,141484559.035000,3.892667,5.284064,6.808809,53550.527702,69302.318994,87353.265598,1.000000
combinado_severo,outbound_extremo,8,7,365,central_1_0x,Aplica o piso dos componentes incertos e eleva o carry para 25 bps.,Volume produzido pelas hipoteses atuais de ticket e cadencia dos arquetipos.,1.000000,SUPOSICAO SINTETICA; NAO E DADO REAL,300,241851728.450000,264018553.890000,282969118.070000,241851728.450000,264018553.890000,282969118.070000,3.892667,5.284064,6.808809,107101.055404,138604.637988,174706.531196,1.000000
combinado_severo,outbound_extremo,8,7,365,alto_2_0x,Aplica o piso dos componentes incertos e eleva o carry para 25 bps.,"Duas vezes o volume sintetico central; faixa de incerteza, nao dado observado.",2.000000,SUPOSICAO SINTETICA; NAO E DADO REAL,300,241851728.450000,264018553.890000,282969118.070000,483703456.900000,528037107.780000,565938236.140000,3.892667,5.284064,6.808809,214202.110808,277209.275976,349413.062393,1.000000
sem_carry,outbound_extremo,8,7,365,baixo_0_5x,Limite superior simples: retira o custo de carry e mantem o restante na base.,"Metade do volume sintetico central; faixa de incerteza, nao dado observado.",0.500000,SUPOSICAO SINTETICA; NAO E DADO REAL,300,241851728.450000,264018553.890000,282969118.070000,120925864.225000,132009276.945000,141484559.035000,25.376413,30.989332,36.298522,337222.288592,406070.521557,478350.774124,1.000000
sem_carry,outbound_extremo,8,7,365,central_1_0x,Limite superior simples: retira o custo de carry e mantem o restante na base.,Volume produzido pelas hipoteses atuais de ticket e cadencia dos arquetipos.,1.000000,SUPOSICAO SINTETICA; NAO E DADO REAL,300,241851728.450000,264018553.890000,282969118.070000,241851728.450000,264018553.890000,282969118.070000,23.200720,28.662003,33.873499,613988.645629,750807.878515,894403.513036,1.000000
sem_carry,outbound_extremo,8,7,365,alto_2_0x,Limite superior simples: retira o custo de carry e mantem o restante na base.,"Duas vezes o volume sintetico central; faixa de incerteza, nao dado observado.",2.000000,SUPOSICAO SINTETICA; NAO E DADO REAL,300,241851728.450000,264018553.890000,282969118.070000,483703456.900000,528037107.780000,565938236.140000,22.073017,27.508197,32.685150,1168076.057493,1439822.375853,1726487.034604,1.000000
base_hipotetica,outbound_extremo,12,1,365,baixo_0_5x,Hipoteses atuais do modelo; ainda nao calibradas.,"Metade do volume sintetico central; faixa de incerteza, nao dado observado.",0.500000,SUPOSICAO SINTETICA; NAO E DADO REAL,300,346594597.540000,368340480.600000,392375433.050000,173297298.770000,184170240.300000,196187716.525000,23.279623,27.142424,31.062700,426858.476959,498753.442697,580725.581590,1.000000
base_hipotetica,outbound_extremo,12,1,365,central_1_0x,Hipoteses atuais do modelo; ainda nao calibradas.,Volume produzido pelas hipoteses atuais de ticket e cadencia dos arquetipos.,1.000000,SUPOSICAO SINTETICA; NAO E DADO REAL,300,346594597.540000,368340480.600000,392375433.050000,346594597.540000,368340480.600000,392375433.050000,20.476526,24.341667,28.318260,749916.949977,894192.116399,1057759.114739,1.000000
base_hipotetica,outbound_extremo,12,1,365,alto_2_0x,Hipoteses atuais do modelo; ainda nao calibradas.,"Duas vezes o volume sintetico central; faixa de incerteza, nao dado observado.",2.000000,SUPOSICAO SINTETICA; NAO E DADO REAL,300,346594597.540000,368340480.600000,392375433.050000,693189195.080000,736680961.200000,784750866.100000,19.074978,22.920686,26.890854,1397286.886653,1682920.999801,2012812.762618,1.000000
sem_spread,outbound_extremo,12,1,365,baixo_0_5x,Retira integralmente o spread evitado.,"Metade do volume sintetico central; faixa de incerteza, nao dado observado.",0.500000,SUPOSICAO SINTETICA; NAO E DADO REAL,300,346594597.540000,368340480.600000,392375433.050000,173297298.770000,184170240.300000,196187716.525000,19.202730,22.466281,25.542597,352923.099343,411221.603986,473866.892061,1.000000
sem_spread,outbound_extremo,12,1,365,central_1_0x,Retira integralmente o spread evitado.,Volume produzido pelas hipoteses atuais de ticket e cadencia dos arquetipos.,1.000000,SUPOSICAO SINTETICA; NAO E DADO REAL,300,346594597.540000,368340480.600000,392375433.050000,346594597.540000,368340480.600000,392375433.050000,16.477302,19.596265,22.691125,604659.932027,719923.211048,846533.795752,1.000000
sem_spread,outbound_extremo,12,1,365,alto_2_0x,Retira integralmente o spread evitado.,"Duas vezes o volume sintetico central; faixa de incerteza, nao dado observado.",2.000000,SUPOSICAO SINTETICA; NAO E DADO REAL,300,346594597.540000,368340480.600000,392375433.050000,693189195.080000,736680961.200000,784750866.100000,15.105532,18.166876,21.265389,1106816.116881,1336458.147104,1589179.719536,1.000000
sem_tarifa_fixa,outbound_extremo,12,1,365,baixo_0_5x,Retira integralmente a tarifa fixa evitada.,"Metade do volume sintetico central; faixa de incerteza, nao dado observado.",0.500000,SUPOSICAO SINTETICA; NAO E DADO REAL,300,346594597.540000,368340480.600000,392375433.050000,173297298.770000,184170240.300000,196187716.525000,17.681441,21.503608,25.441385,324711.484816,393990.615007,477673.509421,1.000000
sem_tarifa_fixa,outbound_extremo,12,1,365,central_1_0x,Retira integralmente a tarifa fixa evitada.,Volume produzido pelas hipoteses atuais de ticket e cadencia dos arquetipos.,1.000000,SUPOSICAO SINTETICA; NAO E DADO REAL,300,346594597.540000,368340480.600000,392375433.050000,346594597.540000,368340480.600000,392375433.050000,17.681441,21.503608,25.441385,649422.969631,787981.230014,955347.018841,1.000000
sem_tarifa_fixa,outbound_extremo,12,1,365,alto_2_0x,Retira integralmente a tarifa fixa evitada.,"Duas vezes o volume sintetico central; faixa de incerteza, nao dado observado.",2.000000,SUPOSICAO SINTETICA; NAO E DADO REAL,300,346594597.540000,368340480.600000,392375433.050000,693189195.080000,736680961.200000,784750866.100000,17.681441,21.503608,25.441385,1298845.939262,1575962.460029,1910694.037682,1.000000
iof_incerto_zero,outbound_extremo,12,1,365,baixo_0_5x,Zera somente as duas aliquotas de IOF ainda nao confirmadas.,"Metade do volume sintetico central; faixa de incerteza, nao dado observado.",0.500000,SUPOSICAO SINTETICA; NAO E DADO REAL,300,346594597.540000,368340480.600000,392375433.050000,173297298.770000,184170240.300000,196187716.525000,16.701746,19.159886,21.978611,308994.207533,350411.287353,403410.546039,1.000000
iof_incerto_zero,outbound_extremo,12,1,365,central_1_0x,Zera somente as duas aliquotas de IOF ainda nao confirmadas.,Volume produzido pelas hipoteses atuais de ticket e cadencia dos arquetipos.,1.000000,SUPOSICAO SINTETICA; NAO E DADO REAL,300,346594597.540000,368340480.600000,392375433.050000,346594597.540000,368340480.600000,392375433.050000,13.904004,16.321083,19.201385,515021.623723,597707.893438,703221.101597,1.000000
iof_incerto_zero,outbound_extremo,12,1,365,alto_2_0x,Zera somente as duas aliquotas de IOF ainda nao confirmadas.,"Duas vezes o volume sintetico central; faixa de incerteza, nao dado observado.",2.000000,SUPOSICAO SINTETICA; NAO E DADO REAL,300,346594597.540000,368340480.600000,392375433.050000,693189195.080000,736680961.200000,784750866.100000,12.505133,14.918982,17.771241,927827.877244,1092865.788810,1303022.200611,1.000000
piso_sem_componentes_incertos,outbound_extremo,12,1,365,baixo_0_5x,"Zera spread, tarifa fixa e as duas aliquotas incertas; mantem carry em 4 bps.","Metade do volume sintetico central; faixa de incerteza, nao dado observado.",0.500000,SUPOSICAO SINTETICA; NAO E DADO REAL,300,346594597.540000,368340480.600000,392375433.050000,173297298.770000,184170240.300000,196187716.525000,7.042998,8.737182,10.661295,130372.656282,160098.798510,195567.499427,1.000000
piso_sem_componentes_incertos,outbound_extremo,12,1,365,central_1_0x,"Zera spread, tarifa fixa e as duas aliquotas incertas; mantem carry em 4 bps.",Volume produzido pelas hipoteses atuais de ticket e cadencia dos arquetipos.,1.000000,SUPOSICAO SINTETICA; NAO E DADO REAL,300,346594597.540000,368340480.600000,392375433.050000,346594597.540000,368340480.600000,392375433.050000,7.042998,8.737182,10.661295,260745.312564,320197.597020,391134.998853,1.000000
piso_sem_componentes_incertos,outbound_extremo,12,1,365,alto_2_0x,"Zera spread, tarifa fixa e as duas aliquotas incertas; mantem carry em 4 bps.","Duas vezes o volume sintetico central; faixa de incerteza, nao dado observado.",2.000000,SUPOSICAO SINTETICA; NAO E DADO REAL,300,346594597.540000,368340480.600000,392375433.050000,693189195.080000,736680961.200000,784750866.100000,7.042998,8.737182,10.661295,521490.625129,640395.194040,782269.997706,1.000000
carry_25bps,outbound_extremo,12,1,365,baixo_0_5x,"Eleva o carry de 4 para 25 bps, sem alterar os demais componentes.","Metade do volume sintetico central; faixa de incerteza, nao dado observado.",0.500000,SUPOSICAO SINTETICA; NAO E DADO REAL,300,346594597.540000,368340480.600000,392375433.050000,173297298.770000,184170240.300000,196187716.525000,19.857886,23.184747,26.352649,363608.553983,425677.458476,491607.554684,1.000000
carry_25bps,outbound_extremo,12,1,365,central_1_0x,"Eleva o carry de 4 para 25 bps, sem alterar os demais componentes.",Volume produzido pelas hipoteses atuais de ticket e cadencia dos arquetipos.,1.000000,SUPOSICAO SINTETICA; NAO E DADO REAL,300,346594597.540000,368340480.600000,392375433.050000,346594597.540000,368340480.600000,392375433.050000,17.125542,20.328677,23.557006,627495.770924,748044.211191,881095.121736,1.000000
carry_25bps,outbound_extremo,12,1,365,alto_2_0x,"Eleva o carry de 4 para 25 bps, sem alterar os demais componentes.","Duas vezes o volume sintetico central; faixa de incerteza, nao dado observado.",2.000000,SUPOSICAO SINTETICA; NAO E DADO REAL,300,346594597.540000,368340480.600000,392375433.050000,693189195.080000,736680961.200000,784750866.100000,15.760701,18.931739,22.159185,1154495.726255,1390728.409290,1659736.486303,1.000000
combinado_severo,outbound_extremo,12,1,365,baixo_0_5x,Aplica o piso dos componentes incertos e eleva o carry para 25 bps.,"Metade do volume sintetico central; faixa de incerteza, nao dado observado.",0.500000,SUPOSICAO SINTETICA; NAO E DADO REAL,300,346594597.540000,368340480.600000,392375433.050000,173297298.770000,184170240.300000,196187716.525000,3.570153,4.662368,6.007798,66291.123183,86007.081389,109237.683464,1.000000
combinado_severo,outbound_extremo,12,1,365,central_1_0x,Aplica o piso dos componentes incertos e eleva o carry para 25 bps.,Volume produzido pelas hipoteses atuais de ticket e cadencia dos arquetipos.,1.000000,SUPOSICAO SINTETICA; NAO E DADO REAL,300,346594597.540000,368340480.600000,392375433.050000,346594597.540000,368340480.600000,392375433.050000,3.570153,4.662368,6.007798,132582.246366,172014.162777,218475.366928,1.000000
combinado_severo,outbound_extremo,12,1,365,alto_2_0x,Aplica o piso dos componentes incertos e eleva o carry para 25 bps.,"Duas vezes o volume sintetico central; faixa de incerteza, nao dado observado.",2.000000,SUPOSICAO SINTETICA; NAO E DADO REAL,300,346594597.540000,368340480.600000,392375433.050000,693189195.080000,736680961.200000,784750866.100000,3.570153,4.662368,6.007798,265164.492733,344028.325554,436950.733856,1.000000
sem_carry,outbound_extremo,12,1,365,baixo_0_5x,Limite superior simples: retira o custo de carry e mantem o restante na base.,"Metade do volume sintetico central; faixa de incerteza, nao dado observado.",0.500000,SUPOSICAO SINTETICA; NAO E DADO REAL,300,346594597.540000,368340480.600000,392375433.050000,173297298.770000,184170240.300000,196187716.525000,23.893911,27.869791,32.040606,439086.024863,512623.118877,597822.971915,1.000000
sem_carry,outbound_extremo,12,1,365,central_1_0x,Limite superior simples: retira o custo de carry e mantem o restante na base.,Volume produzido pelas hipoteses atuais de ticket e cadencia dos arquetipos.,1.000000,SUPOSICAO SINTETICA; NAO E DADO REAL,300,346594597.540000,368340480.600000,392375433.050000,346594597.540000,368340480.600000,392375433.050000,21.090814,25.101838,29.170372,774372.045784,920406.229193,1093705.856018,1.000000
sem_carry,outbound_extremo,12,1,365,alto_2_0x,Limite superior simples: retira o custo de carry e mantem o restante na base.,"Duas vezes o volume sintetico central; faixa de incerteza, nao dado observado.",2.000000,SUPOSICAO SINTETICA; NAO E DADO REAL,300,346594597.540000,368340480.600000,392375433.050000,693189195.080000,736680961.200000,784750866.100000,19.689266,23.686931,27.734690,1444944.087628,1735972.449825,2084931.709952,1.000000
base_hipotetica,outbound_extremo,12,7,365,baixo_0_5x,Hipoteses atuais do modelo; ainda nao calibradas.,"Metade do volume sintetico central; faixa de incerteza, nao dado observado.",0.500000,SUPOSICAO SINTETICA; NAO E DADO REAL,300,346594597.540000,368340480.600000,392375433.050000,173297298.770000,184170240.300000,196187716.525000,23.313178,27.276401,31.270877,426858.476959,499821.817695,583300.755459,1.000000
base_hipotetica,outbound_extremo,12,7,365,central_1_0x,Hipoteses atuais do modelo; ainda nao calibradas.,Volume produzido pelas hipoteses atuais de ticket e cadencia dos arquetipos.,1.000000,SUPOSICAO SINTETICA; NAO E DADO REAL,300,346594597.540000,368340480.600000,392375433.050000,346594597.540000,368340480.600000,392375433.050000,20.640961,24.416594,28.531044,750151.843580,894940.492539,1062521.501768,1.000000
base_hipotetica,outbound_extremo,12,7,365,alto_2_0x,Hipoteses atuais do modelo; ainda nao calibradas.,"Duas vezes o volume sintetico central; faixa de incerteza, nao dado observado.",2.000000,SUPOSICAO SINTETICA; NAO E DADO REAL,300,346594597.540000,368340480.600000,392375433.050000,693189195.080000,736680961.200000,784750866.100000,19.161198,23.003096,27.147800,1402623.695485,1683784.223511,2021395.891054,1.000000
sem_spread,outbound_extremo,12,7,365,baixo_0_5x,Retira integralmente o spread evitado.,"Metade do volume sintetico central; faixa de incerteza, nao dado observado.",0.500000,SUPOSICAO SINTETICA; NAO E DADO REAL,300,346594597.540000,368340480.600000,392375433.050000,173297298.770000,184170240.300000,196187716.525000,19.339269,22.572427,25.639253,353340.402986,413687.642057,476763.043005,1.000000
sem_spread,outbound_extremo,12,7,365,central_1_0x,Retira integralmente o spread evitado.,Volume produzido pelas hipoteses atuais de ticket e cadencia dos arquetipos.,1.000000,SUPOSICAO SINTETICA; NAO E DADO REAL,300,346594597.540000,368340480.600000,392375433.050000,346594597.540000,368340480.600000,392375433.050000,16.608392,19.714943,22.820251,605587.461908,722258.122204,849286.088637,1.000000
sem_spread,outbound_extremo,12,7,365,alto_2_0x,Retira integralmente o spread evitado.,"Duas vezes o volume sintetico central; faixa de incerteza, nao dado observado.",2.000000,SUPOSICAO SINTETICA; NAO E DADO REAL,300,346594597.540000,368340480.600000,392375433.050000,693189195.080000,736680961.200000,784750866.100000,15.184894,18.272774,21.474411,1110454.938963,1338916.248581,1594332.179900,1.000000
sem_tarifa_fixa,outbound_extremo,12,7,365,baixo_0_5x,Retira integralmente a tarifa fixa evitada.,"Metade do volume sintetico central; faixa de incerteza, nao dado observado.",0.500000,SUPOSICAO SINTETICA; NAO E DADO REAL,300,346594597.540000,368340480.600000,392375433.050000,173297298.770000,184170240.300000,196187716.525000,17.713773,21.559619,25.737781,324967.973212,394796.383486,480021.366566,1.000000
sem_tarifa_fixa,outbound_extremo,12,7,365,central_1_0x,Retira integralmente a tarifa fixa evitada.,Volume produzido pelas hipoteses atuais de ticket e cadencia dos arquetipos.,1.000000,SUPOSICAO SINTETICA; NAO E DADO REAL,300,346594597.540000,368340480.600000,392375433.050000,346594597.540000,368340480.600000,392375433.050000,17.713773,21.559619,25.737781,649935.946424,789592.766972,960042.733132,1.000000
sem_tarifa_fixa,outbound_extremo,12,7,365,alto_2_0x,Retira integralmente a tarifa fixa evitada.,"Duas vezes o volume sintetico central; faixa de incerteza, nao dado observado.",2.000000,SUPOSICAO SINTETICA; NAO E DADO REAL,300,346594597.540000,368340480.600000,392375433.050000,693189195.080000,736680961.200000,784750866.100000,17.713773,21.559619,25.737781,1299871.892848,1579185.533943,1920085.466265,1.000000
iof_incerto_zero,outbound_extremo,12,7,365,baixo_0_5x,Zera somente as duas aliquotas de IOF ainda nao confirmadas.,"Metade do volume sintetico central; faixa de incerteza, nao dado observado.",0.500000,SUPOSICAO SINTETICA; NAO E DADO REAL,300,346594597.540000,368340480.600000,392375433.050000,173297298.770000,184170240.300000,196187716.525000,16.641730,19.142326,21.917325,307650.803498,349806.650201,402058.215054,1.000000
iof_incerto_zero,outbound_extremo,12,7,365,central_1_0x,Zera somente as duas aliquotas de IOF ainda nao confirmadas.,Volume produzido pelas hipoteses atuais de ticket e cadencia dos arquetipos.,1.000000,SUPOSICAO SINTETICA; NAO E DADO REAL,300,346594597.540000,368340480.600000,392375433.050000,346594597.540000,368340480.600000,392375433.050000,13.821867,16.310850,19.167588,512478.342269,597029.576324,700359.447070,1.000000
iof_incerto_zero,outbound_extremo,12,7,365,alto_2_0x,Zera somente as duas aliquotas de IOF ainda nao confirmadas.,"Duas vezes o volume sintetico central; faixa de incerteza, nao dado observado.",2.000000,SUPOSICAO SINTETICA; NAO E DADO REAL,300,346594597.540000,368340480.600000,392375433.050000,693189195.080000,736680961.200000,784750866.100000,12.446104,14.882188,17.771239,923005.345436,1092096.912362,1300135.858528,1.000000
piso_sem_componentes_incertos,outbound_extremo,12,7,365,baixo_0_5x,"Zera spread, tarifa fixa e as duas aliquotas incertas; mantem carry em 4 bps.","Metade do volume sintetico central; faixa de incerteza, nao dado observado.",0.500000,SUPOSICAO SINTETICA; NAO E DADO REAL,300,346594597.540000,368340480.600000,392375433.050000,173297298.770000,184170240.300000,196187716.525000,7.012774,8.679464,10.653745,129726.474039,159906.488329,195601.238414,1.000000
piso_sem_componentes_incertos,outbound_extremo,12,7,365,central_1_0x,"Zera spread, tarifa fixa e as duas aliquotas incertas; mantem carry em 4 bps.",Volume produzido pelas hipoteses atuais de ticket e cadencia dos arquetipos.,1.000000,SUPOSICAO SINTETICA; NAO E DADO REAL,300,346594597.540000,368340480.600000,392375433.050000,346594597.540000,368340480.600000,392375433.050000,7.012774,8.679464,10.653745,259452.948078,319812.976657,391202.476828,1.000000
piso_sem_componentes_incertos,outbound_extremo,12,7,365,alto_2_0x,"Zera spread, tarifa fixa e as duas aliquotas incertas; mantem carry em 4 bps.","Duas vezes o volume sintetico central; faixa de incerteza, nao dado observado.",2.000000,SUPOSICAO SINTETICA; NAO E DADO REAL,300,346594597.540000,368340480.600000,392375433.050000,693189195.080000,736680961.200000,784750866.100000,7.012774,8.679464,10.653745,518905.896157,639625.953314,782404.953656,1.000000
carry_25bps,outbound_extremo,12,7,365,baixo_0_5x,"Eleva o carry de 4 para 25 bps, sem alterar os demais componentes.","Metade do volume sintetico central; faixa de incerteza, nao dado observado.",0.500000,SUPOSICAO SINTETICA; NAO E DADO REAL,300,346594597.540000,368340480.600000,392375433.050000,173297298.770000,184170240.300000,196187716.525000,20.002053,23.324779,26.521234,365448.401596,427074.059772,494513.683249,1.000000
carry_25bps,outbound_extremo,12,7,365,central_1_0x,"Eleva o carry de 4 para 25 bps, sem alterar os demais componentes.",Volume produzido pelas hipoteses atuais de ticket e cadencia dos arquetipos.,1.000000,SUPOSICAO SINTETICA; NAO E DADO REAL,300,346594597.540000,368340480.600000,392375433.050000,346594597.540000,368340480.600000,392375433.050000,17.274646,20.498412,23.796589,628539.372458,749532.958903,883707.369964,1.000000
carry_25bps,outbound_extremo,12,7,365,alto_2_0x,"Eleva o carry de 4 para 25 bps, sem alterar os demais componentes.","Duas vezes o volume sintetico central; faixa de incerteza, nao dado observado.",2.000000,SUPOSICAO SINTETICA; NAO E DADO REAL,300,346594597.540000,368340480.600000,392375433.050000,693189195.080000,736680961.200000,784750866.100000,15.840050,18.989145,22.455435,1154572.671699,1394647.574913,1662350.694234,1.000000
combinado_severo,outbound_extremo,12,7,365,baixo_0_5x,Aplica o piso dos componentes incertos e eleva o carry para 25 bps.,"Metade do volume sintetico central; faixa de incerteza, nao dado observado.",0.500000,SUPOSICAO SINTETICA; NAO E DADO REAL,300,346594597.540000,368340480.600000,392375433.050000,173297298.770000,184170240.300000,196187716.525000,3.525216,4.645267,5.987051,65861.543801,85341.683180,109237.614461,1.000000
combinado_severo,outbound_extremo,12,7,365,central_1_0x,Aplica o piso dos componentes incertos e eleva o carry para 25 bps.,Volume produzido pelas hipoteses atuais de ticket e cadencia dos arquetipos.,1.000000,SUPOSICAO SINTETICA; NAO E DADO REAL,300,346594597.540000,368340480.600000,392375433.050000,346594597.540000,368340480.600000,392375433.050000,3.525216,4.645267,5.987051,131723.087602,170683.366360,218475.228922,1.000000
combinado_severo,outbound_extremo,12,7,365,alto_2_0x,Aplica o piso dos componentes incertos e eleva o carry para 25 bps.,"Duas vezes o volume sintetico central; faixa de incerteza, nao dado observado.",2.000000,SUPOSICAO SINTETICA; NAO E DADO REAL,300,346594597.540000,368340480.600000,392375433.050000,693189195.080000,736680961.200000,784750866.100000,3.525216,4.645267,5.987051,263446.175203,341366.732720,436950.457844,1.000000
sem_carry,outbound_extremo,12,7,365,baixo_0_5x,Limite superior simples: retira o custo de carry e mantem o restante na base.,"Metade do volume sintetico central; faixa de incerteza, nao dado observado.",0.500000,SUPOSICAO SINTETICA; NAO E DADO REAL,300,346594597.540000,368340480.600000,392375433.050000,173297298.770000,184170240.300000,196187716.525000,23.954566,28.037998,32.128222,439086.024863,513064.000989,599943.289466,1.000000
sem_carry,outbound_extremo,12,7,365,central_1_0x,Limite superior simples: retira o custo de carry e mantem o restante na base.,Volume produzido pelas hipoteses atuais de ticket e cadencia dos arquetipos.,1.000000,SUPOSICAO SINTETICA; NAO E DADO REAL,300,346594597.540000,368340480.600000,392375433.050000,346594597.540000,368340480.600000,392375433.050000,21.277813,25.197376,29.384209,774372.045784,921527.992690,1095486.593830,1.000000
sem_carry,outbound_extremo,12,7,365,alto_2_0x,Limite superior simples: retira o custo de carry e mantem o restante na base.,"Duas vezes o volume sintetico central; faixa de incerteza, nao dado observado.",2.000000,SUPOSICAO SINTETICA; NAO E DADO REAL,300,346594597.540000,368340480.600000,392375433.050000,693189195.080000,736680961.200000,784750866.100000,19.798050,23.756782,28.015820,1446203.406588,1738371.943096,2089785.452353,1.000000
